<?xml version="1.0" encoding="UTF-8"?>
<kml xmlns="http://www.opengis.net/kml/2.2">
<Document>
<name>AIN 2026 FBO Survey - Americas</name>
<Placemark><name>Pentastar Aviation (KPTK)</name><description><![CDATA[<b>Pentastar Aviation</b><br/>Airport: Oakland County Intl (KPTK)<br/>Score: 4.83 / 5.00<br/>Tier: Top 5%<br/>Region: Great Lakes<br/>Source: 2026 AIN FBO Survey (April 2026)]]></description><Style><IconStyle><scale>1.4</scale><Icon><href>http://maps.google.com/mapfiles/kml/paddle/ylw-stars.png</href></Icon></IconStyle><LabelStyle><scale>1.1</scale></LabelStyle></Style><Point><coordinates>-83.420506,42.665636,0</coordinates></Point></Placemark>

<Placemark><name>Modern Aviation (formerly American Aero) (KFTW)</name><description><![CDATA[<b>Modern Aviation (formerly American Aero)</b><br/>Airport: Fort Worth Meacham Intl (KFTW)<br/>Score: 4.81 / 5.00<br/>Tier: Top 5%<br/>Region: South<br/>Source: 2026 AIN FBO Survey (April 2026)]]></description><Style><IconStyle><scale>1.4</scale><Icon><href>http://maps.google.com/mapfiles/kml/paddle/ylw-stars.png</href></Icon></IconStyle><LabelStyle><scale>1.1</scale></LabelStyle></Style><Point><coordinates>-97.362450,32.819770,0</coordinates></Point></Placemark>

<Placemark><name>Sheltair (KTPA)</name><description><![CDATA[<b>Sheltair</b><br/>Airport: Tampa Intl (KTPA)<br/>Score: 4.78 / 5.00<br/>Tier: Top 5%<br/>Region: Southeast<br/>Source: 2026 AIN FBO Survey (April 2026)]]></description><Style><IconStyle><scale>1.4</scale><Icon><href>http://maps.google.com/mapfiles/kml/paddle/ylw-stars.png</href></Icon></IconStyle><LabelStyle><scale>1.1</scale></LabelStyle></Style><Point><coordinates>-82.533248,27.975469,0</coordinates></Point></Placemark>

<Placemark><name>Henriksen Jet Center (KEDC)</name><description><![CDATA[<b>Henriksen Jet Center</b><br/>Airport: Austin Executive (KEDC)<br/>Score: 4.78 / 5.00<br/>Tier: Top 5%<br/>Region: South<br/>Source: 2026 AIN FBO Survey (April 2026)]]></description><Style><IconStyle><scale>1.4</scale><Icon><href>http://maps.google.com/mapfiles/kml/paddle/ylw-stars.png</href></Icon></IconStyle><LabelStyle><scale>1.1</scale></LabelStyle></Style><Point><coordinates>-97.566394,30.397493,0</coordinates></Point></Placemark>

<Placemark><name>Jet Aviation (KPBI)</name><description><![CDATA[<b>Jet Aviation</b><br/>Airport: Palm Beach Intl (KPBI)<br/>Score: 4.78 / 5.00<br/>Tier: Top 5%<br/>Region: Southeast<br/>Source: 2026 AIN FBO Survey (April 2026)]]></description><Style><IconStyle><scale>1.4</scale><Icon><href>http://maps.google.com/mapfiles/kml/paddle/ylw-stars.png</href></Icon></IconStyle><LabelStyle><scale>1.1</scale></LabelStyle></Style><Point><coordinates>-80.095592,26.683162,0</coordinates></Point></Placemark>

<Placemark><name>Banyan Air Service (KFXE)</name><description><![CDATA[<b>Banyan Air Service</b><br/>Airport: Fort Lauderdale Executive (KFXE)<br/>Score: 4.77 / 5.00<br/>Tier: Top 5%<br/>Region: Southeast<br/>Source: 2026 AIN FBO Survey (April 2026)]]></description><Style><IconStyle><scale>1.4</scale><Icon><href>http://maps.google.com/mapfiles/kml/paddle/ylw-stars.png</href></Icon></IconStyle><LabelStyle><scale>1.1</scale></LabelStyle></Style><Point><coordinates>-80.170706,26.197279,0</coordinates></Point></Placemark>

<Placemark><name>Eagle Aviation (KCAE)</name><description><![CDATA[<b>Eagle Aviation</b><br/>Airport: Columbia Metropolitan (KCAE)<br/>Score: 4.77 / 5.00<br/>Tier: Top 5%<br/>Region: Southeast<br/>Source: 2026 AIN FBO Survey (April 2026)]]></description><Style><IconStyle><scale>1.4</scale><Icon><href>http://maps.google.com/mapfiles/kml/paddle/ylw-stars.png</href></Icon></IconStyle><LabelStyle><scale>1.1</scale></LabelStyle></Style><Point><coordinates>-81.119536,33.938838,0</coordinates></Point></Placemark>

<Placemark><name>Henriksen Jet Center (KTME)</name><description><![CDATA[<b>Henriksen Jet Center</b><br/>Airport: Houston Executive (KTME)<br/>Score: 4.76 / 5.00<br/>Tier: Top 5%<br/>Region: South<br/>Source: 2026 AIN FBO Survey (April 2026)]]></description><Style><IconStyle><scale>1.4</scale><Icon><href>http://maps.google.com/mapfiles/kml/paddle/ylw-stars.png</href></Icon></IconStyle><LabelStyle><scale>1.1</scale></LabelStyle></Style><Point><coordinates>-95.897889,29.805028,0</coordinates></Point></Placemark>

<Placemark><name>Sheltair (KORL)</name><description><![CDATA[<b>Sheltair</b><br/>Airport: Orlando Executive (KORL)<br/>Score: 4.76 / 5.00<br/>Tier: Top 5%<br/>Region: Southeast<br/>Source: 2026 AIN FBO Survey (April 2026)]]></description><Style><IconStyle><scale>1.4</scale><Icon><href>http://maps.google.com/mapfiles/kml/paddle/ylw-stars.png</href></Icon></IconStyle><LabelStyle><scale>1.1</scale></LabelStyle></Style><Point><coordinates>-81.332930,28.545462,0</coordinates></Point></Placemark>

<Placemark><name>Stancraft Jet Center (KCOE)</name><description><![CDATA[<b>Stancraft Jet Center</b><br/>Airport: Coeur d'Alene-Pappy Boyington Field (KCOE)<br/>Score: 4.76 / 5.00<br/>Tier: Top 5%<br/>Region: Rocky Mountain<br/>Source: 2026 AIN FBO Survey (April 2026)]]></description><Style><IconStyle><scale>1.4</scale><Icon><href>http://maps.google.com/mapfiles/kml/paddle/ylw-stars.png</href></Icon></IconStyle><LabelStyle><scale>1.1</scale></LabelStyle></Style><Point><coordinates>-116.819583,47.774306,0</coordinates></Point></Placemark>

<Placemark><name>Sun Valley Aviation (KHRL)</name><description><![CDATA[<b>Sun Valley Aviation</b><br/>Airport: Valley Intl (KHRL)<br/>Score: 4.75 / 5.00<br/>Tier: Top 5%<br/>Region: South<br/>Source: 2026 AIN FBO Survey (April 2026)]]></description><Style><IconStyle><scale>1.4</scale><Icon><href>http://maps.google.com/mapfiles/kml/paddle/ylw-stars.png</href></Icon></IconStyle><LabelStyle><scale>1.1</scale></LabelStyle></Style><Point><coordinates>-97.655312,26.226559,0</coordinates></Point></Placemark>

<Placemark><name>Sheltair (KDAB)</name><description><![CDATA[<b>Sheltair</b><br/>Airport: Daytona Beach Intl (KDAB)<br/>Score: 4.74 / 5.00<br/>Tier: Top 5%<br/>Region: Southeast<br/>Source: 2026 AIN FBO Survey (April 2026)]]></description><Style><IconStyle><scale>1.4</scale><Icon><href>http://maps.google.com/mapfiles/kml/paddle/ylw-stars.png</href></Icon></IconStyle><LabelStyle><scale>1.1</scale></LabelStyle></Style><Point><coordinates>-81.058042,29.179909,0</coordinates></Point></Placemark>

<Placemark><name>Galaxy FBO (KCXO)</name><description><![CDATA[<b>Galaxy FBO</b><br/>Airport: Conroe North Houston Regional (KCXO)<br/>Score: 4.74 / 5.00<br/>Tier: Top 5%<br/>Region: South<br/>Source: 2026 AIN FBO Survey (April 2026)]]></description><Style><IconStyle><scale>1.4</scale><Icon><href>http://maps.google.com/mapfiles/kml/paddle/ylw-stars.png</href></Icon></IconStyle><LabelStyle><scale>1.1</scale></LabelStyle></Style><Point><coordinates>-95.415082,30.353396,0</coordinates></Point></Placemark>

<Placemark><name>Sheltair (KJAX)</name><description><![CDATA[<b>Sheltair</b><br/>Airport: Jacksonville Intl (KJAX)<br/>Score: 4.73 / 5.00<br/>Tier: Top 5%<br/>Region: Southeast<br/>Source: 2026 AIN FBO Survey (April 2026)]]></description><Style><IconStyle><scale>1.4</scale><Icon><href>http://maps.google.com/mapfiles/kml/paddle/ylw-stars.png</href></Icon></IconStyle><LabelStyle><scale>1.1</scale></LabelStyle></Style><Point><coordinates>-81.687847,30.494046,0</coordinates></Point></Placemark>

<Placemark><name>Astin Aviation (KCLL)</name><description><![CDATA[<b>Astin Aviation</b><br/>Airport: Easterwood Field (KCLL)<br/>Score: 4.72 / 5.00<br/>Tier: Top 10%<br/>Region: South<br/>Source: 2026 AIN FBO Survey (April 2026)]]></description><Style><IconStyle><scale>1.2</scale><Icon><href>http://maps.google.com/mapfiles/kml/paddle/orange-circle.png</href></Icon></IconStyle><LabelStyle><scale>0.9</scale></LabelStyle></Style><Point><coordinates>-96.362544,30.588042,0</coordinates></Point></Placemark>

<Placemark><name>Wilson Air Center (KMEM)</name><description><![CDATA[<b>Wilson Air Center</b><br/>Airport: Memphis Intl (KMEM)<br/>Score: 4.72 / 5.00<br/>Tier: Top 10%<br/>Region: Southeast<br/>Source: 2026 AIN FBO Survey (April 2026)]]></description><Style><IconStyle><scale>1.2</scale><Icon><href>http://maps.google.com/mapfiles/kml/paddle/orange-circle.png</href></Icon></IconStyle><LabelStyle><scale>0.9</scale></LabelStyle></Style><Point><coordinates>-89.976679,35.042411,0</coordinates></Point></Placemark>

<Placemark><name>Lux FBO (CYHU)</name><description><![CDATA[<b>Lux FBO</b><br/>Airport: St-Hubert (CYHU)<br/>Score: 4.72 / 5.00<br/>Tier: Top 10%<br/>Region: Canada<br/>Source: 2026 AIN FBO Survey (April 2026)]]></description><Style><IconStyle><scale>1.2</scale><Icon><href>http://maps.google.com/mapfiles/kml/paddle/orange-circle.png</href></Icon></IconStyle><LabelStyle><scale>0.9</scale></LabelStyle></Style><Point><coordinates>-73.416900,45.517500,0</coordinates></Point></Placemark>

<Placemark><name>Million Air (KAUS)</name><description><![CDATA[<b>Million Air</b><br/>Airport: Austin-Bergstrom Intl (KAUS)<br/>Score: 4.72 / 5.00<br/>Tier: Top 10%<br/>Region: South<br/>Source: 2026 AIN FBO Survey (April 2026)]]></description><Style><IconStyle><scale>1.2</scale><Icon><href>http://maps.google.com/mapfiles/kml/paddle/orange-circle.png</href></Icon></IconStyle><LabelStyle><scale>0.9</scale></LabelStyle></Style><Point><coordinates>-97.669876,30.194527,0</coordinates></Point></Placemark>

<Placemark><name>Desert Jet Center (KTRM)</name><description><![CDATA[<b>Desert Jet Center</b><br/>Airport: Jacqueline Cochran Rgnl (KTRM)<br/>Score: 4.72 / 5.00<br/>Tier: Top 10%<br/>Region: West<br/>Source: 2026 AIN FBO Survey (April 2026)]]></description><Style><IconStyle><scale>1.2</scale><Icon><href>http://maps.google.com/mapfiles/kml/paddle/orange-circle.png</href></Icon></IconStyle><LabelStyle><scale>0.9</scale></LabelStyle></Style><Point><coordinates>-116.159654,33.626671,0</coordinates></Point></Placemark>

<Placemark><name>Hawthorne Global Aviation Services (KPWK)</name><description><![CDATA[<b>Hawthorne Global Aviation Services</b><br/>Airport: Chicago Executive (KPWK)<br/>Score: 4.71 / 5.00<br/>Tier: Top 10%<br/>Region: Great Lakes<br/>Source: 2026 AIN FBO Survey (April 2026)]]></description><Style><IconStyle><scale>1.2</scale><Icon><href>http://maps.google.com/mapfiles/kml/paddle/orange-circle.png</href></Icon></IconStyle><LabelStyle><scale>0.9</scale></LabelStyle></Style><Point><coordinates>-87.901541,42.114279,0</coordinates></Point></Placemark>

<Placemark><name>GlobalSelect (KSGR)</name><description><![CDATA[<b>GlobalSelect</b><br/>Airport: Sugar Land Rgnl (KSGR)<br/>Score: 4.71 / 5.00<br/>Tier: Top 10%<br/>Region: South<br/>Source: 2026 AIN FBO Survey (April 2026)]]></description><Style><IconStyle><scale>1.2</scale><Icon><href>http://maps.google.com/mapfiles/kml/paddle/orange-circle.png</href></Icon></IconStyle><LabelStyle><scale>0.9</scale></LabelStyle></Style><Point><coordinates>-95.656534,29.622249,0</coordinates></Point></Placemark>

<Placemark><name>Million Air (KHPN)</name><description><![CDATA[<b>Million Air</b><br/>Airport: Westchester County (KHPN)<br/>Score: 4.71 / 5.00<br/>Tier: Top 10%<br/>Region: Northeast<br/>Source: 2026 AIN FBO Survey (April 2026)]]></description><Style><IconStyle><scale>1.2</scale><Icon><href>http://maps.google.com/mapfiles/kml/paddle/orange-circle.png</href></Icon></IconStyle><LabelStyle><scale>0.9</scale></LabelStyle></Style><Point><coordinates>-73.707566,41.066953,0</coordinates></Point></Placemark>

<Placemark><name>Sheltair (KPIE)</name><description><![CDATA[<b>Sheltair</b><br/>Airport: St Pete-Clearwater Intl (KPIE)<br/>Score: 4.70 / 5.00<br/>Tier: Top 10%<br/>Region: Southeast<br/>Source: 2026 AIN FBO Survey (April 2026)]]></description><Style><IconStyle><scale>1.2</scale><Icon><href>http://maps.google.com/mapfiles/kml/paddle/orange-circle.png</href></Icon></IconStyle><LabelStyle><scale>0.9</scale></LabelStyle></Style><Point><coordinates>-82.686510,27.908634,0</coordinates></Point></Placemark>

<Placemark><name>Million Air (KHOU)</name><description><![CDATA[<b>Million Air</b><br/>Airport: William P Hobby (KHOU)<br/>Score: 4.70 / 5.00<br/>Tier: Top 10%<br/>Region: South<br/>Source: 2026 AIN FBO Survey (April 2026)]]></description><Style><IconStyle><scale>1.2</scale><Icon><href>http://maps.google.com/mapfiles/kml/paddle/orange-circle.png</href></Icon></IconStyle><LabelStyle><scale>0.9</scale></LabelStyle></Style><Point><coordinates>-95.277232,29.645800,0</coordinates></Point></Placemark>

<Placemark><name>Sheltair (KFLL)</name><description><![CDATA[<b>Sheltair</b><br/>Airport: Fort Lauderdale/Hollywood Intl (KFLL)<br/>Score: 4.70 / 5.00<br/>Tier: Top 10%<br/>Region: Southeast<br/>Source: 2026 AIN FBO Survey (April 2026)]]></description><Style><IconStyle><scale>1.2</scale><Icon><href>http://maps.google.com/mapfiles/kml/paddle/orange-circle.png</href></Icon></IconStyle><LabelStyle><scale>0.9</scale></LabelStyle></Style><Point><coordinates>-80.149694,26.071667,0</coordinates></Point></Placemark>

<Placemark><name>Sheltair Rocky Mountain (KBJC)</name><description><![CDATA[<b>Sheltair Rocky Mountain</b><br/>Airport: Rocky Mountain Metropolitan (KBJC)<br/>Score: 4.70 / 5.00<br/>Tier: Top 10%<br/>Region: Rocky Mountain<br/>Source: 2026 AIN FBO Survey (April 2026)]]></description><Style><IconStyle><scale>1.2</scale><Icon><href>http://maps.google.com/mapfiles/kml/paddle/orange-circle.png</href></Icon></IconStyle><LabelStyle><scale>0.9</scale></LabelStyle></Style><Point><coordinates>-105.117194,39.908806,0</coordinates></Point></Placemark>

<Placemark><name>Galaxy FBO (KADS)</name><description><![CDATA[<b>Galaxy FBO</b><br/>Airport: Addison (KADS)<br/>Score: 4.70 / 5.00<br/>Tier: Top 10%<br/>Region: South<br/>Source: 2026 AIN FBO Survey (April 2026)]]></description><Style><IconStyle><scale>1.2</scale><Icon><href>http://maps.google.com/mapfiles/kml/paddle/orange-circle.png</href></Icon></IconStyle><LabelStyle><scale>0.9</scale></LabelStyle></Style><Point><coordinates>-96.836444,32.968556,0</coordinates></Point></Placemark>

<Placemark><name>Business Jet Center (KDAL)</name><description><![CDATA[<b>Business Jet Center</b><br/>Airport: Dallas Love Field (KDAL)<br/>Score: 4.70 / 5.00<br/>Tier: Top 10%<br/>Region: South<br/>Source: 2026 AIN FBO Survey (April 2026)]]></description><Style><IconStyle><scale>1.2</scale><Icon><href>http://maps.google.com/mapfiles/kml/paddle/orange-circle.png</href></Icon></IconStyle><LabelStyle><scale>0.9</scale></LabelStyle></Style><Point><coordinates>-96.850877,32.845945,0</coordinates></Point></Placemark>

<Placemark><name>Sonoma Jet Center (KSTS)</name><description><![CDATA[<b>Sonoma Jet Center</b><br/>Airport: Charles M. Schulz-Sonoma County (KSTS)<br/>Score: 4.69 / 5.00<br/>Tier: Top 10%<br/>Region: West<br/>Source: 2026 AIN FBO Survey (April 2026)]]></description><Style><IconStyle><scale>1.2</scale><Icon><href>http://maps.google.com/mapfiles/kml/paddle/orange-circle.png</href></Icon></IconStyle><LabelStyle><scale>0.9</scale></LabelStyle></Style><Point><coordinates>-122.812889,38.509694,0</coordinates></Point></Placemark>

<Placemark><name>Modern Aviation (KAPA)</name><description><![CDATA[<b>Modern Aviation</b><br/>Airport: Centennial (KAPA)<br/>Score: 4.68 / 5.00<br/>Tier: Top 20%<br/>Region: Rocky Mountain<br/>Source: 2026 AIN FBO Survey (April 2026)]]></description><Style><IconStyle><scale>1.0</scale><Icon><href>http://maps.google.com/mapfiles/kml/paddle/ylw-circle.png</href></Icon></IconStyle><LabelStyle><scale>0.8</scale></LabelStyle></Style><Point><coordinates>-104.849293,39.570119,0</coordinates></Point></Placemark>

<Placemark><name>Fargo Jet Center (KFAR)</name><description><![CDATA[<b>Fargo Jet Center</b><br/>Airport: Hector Intl (KFAR)<br/>Score: 4.68 / 5.00<br/>Tier: Top 20%<br/>Region: Midwest<br/>Source: 2026 AIN FBO Survey (April 2026)]]></description><Style><IconStyle><scale>1.0</scale><Icon><href>http://maps.google.com/mapfiles/kml/paddle/ylw-circle.png</href></Icon></IconStyle><LabelStyle><scale>0.8</scale></LabelStyle></Style><Point><coordinates>-96.815750,46.920639,0</coordinates></Point></Placemark>

<Placemark><name>Texas Jet (KFTW)</name><description><![CDATA[<b>Texas Jet</b><br/>Airport: Fort Worth Meacham Intl (KFTW)<br/>Score: 4.68 / 5.00<br/>Tier: Top 20%<br/>Region: South<br/>Source: 2026 AIN FBO Survey (April 2026)]]></description><Style><IconStyle><scale>1.0</scale><Icon><href>http://maps.google.com/mapfiles/kml/paddle/ylw-circle.png</href></Icon></IconStyle><LabelStyle><scale>0.8</scale></LabelStyle></Style><Point><coordinates>-97.362450,32.819770,0</coordinates></Point></Placemark>

<Placemark><name>Sheltair (KSAV)</name><description><![CDATA[<b>Sheltair</b><br/>Airport: Savannah/Hilton Head Intl (KSAV)<br/>Score: 4.67 / 5.00<br/>Tier: Top 20%<br/>Region: Southeast<br/>Source: 2026 AIN FBO Survey (April 2026)]]></description><Style><IconStyle><scale>1.0</scale><Icon><href>http://maps.google.com/mapfiles/kml/paddle/ylw-circle.png</href></Icon></IconStyle><LabelStyle><scale>0.8</scale></LabelStyle></Style><Point><coordinates>-81.202139,32.127583,0</coordinates></Point></Placemark>

<Placemark><name>Sheltair (KPMP)</name><description><![CDATA[<b>Sheltair</b><br/>Airport: Pompano Beach Airpark (KPMP)<br/>Score: 4.67 / 5.00<br/>Tier: Top 20%<br/>Region: Southeast<br/>Source: 2026 AIN FBO Survey (April 2026)]]></description><Style><IconStyle><scale>1.0</scale><Icon><href>http://maps.google.com/mapfiles/kml/paddle/ylw-circle.png</href></Icon></IconStyle><LabelStyle><scale>0.8</scale></LabelStyle></Style><Point><coordinates>-80.111127,26.247360,0</coordinates></Point></Placemark>

<Placemark><name>Cutter Aviation (KPHX)</name><description><![CDATA[<b>Cutter Aviation</b><br/>Airport: Phoenix Sky Harbor Intl (KPHX)<br/>Score: 4.67 / 5.00<br/>Tier: Top 20%<br/>Region: Rocky Mountain<br/>Source: 2026 AIN FBO Survey (April 2026)]]></description><Style><IconStyle><scale>1.0</scale><Icon><href>http://maps.google.com/mapfiles/kml/paddle/ylw-circle.png</href></Icon></IconStyle><LabelStyle><scale>0.8</scale></LabelStyle></Style><Point><coordinates>-112.011583,33.434278,0</coordinates></Point></Placemark>

<Placemark><name>Signature Aviation (formerly Meridian) (KTEB)</name><description><![CDATA[<b>Signature Aviation (formerly Meridian)</b><br/>Airport: Teterboro (KTEB)<br/>Score: 4.67 / 5.00<br/>Tier: Top 20%<br/>Region: Northeast<br/>Source: 2026 AIN FBO Survey (April 2026)]]></description><Style><IconStyle><scale>1.0</scale><Icon><href>http://maps.google.com/mapfiles/kml/paddle/ylw-circle.png</href></Icon></IconStyle><LabelStyle><scale>0.8</scale></LabelStyle></Style><Point><coordinates>-74.060833,40.850102,0</coordinates></Point></Placemark>

<Placemark><name>Standard Aviation (TIST)</name><description><![CDATA[<b>Standard Aviation</b><br/>Airport: Cyril E. King (TIST)<br/>Score: 4.66 / 5.00<br/>Tier: Top 20%<br/>Region: Caribbean<br/>Source: 2026 AIN FBO Survey (April 2026)]]></description><Style><IconStyle><scale>1.0</scale><Icon><href>http://maps.google.com/mapfiles/kml/paddle/ylw-circle.png</href></Icon></IconStyle><LabelStyle><scale>0.8</scale></LabelStyle></Style><Point><coordinates>-64.973333,18.337306,0</coordinates></Point></Placemark>

<Placemark><name>Cutter Aviation (KCOS)</name><description><![CDATA[<b>Cutter Aviation</b><br/>Airport: City of Colorado Springs Municipal (KCOS)<br/>Score: 4.66 / 5.00<br/>Tier: Top 20%<br/>Region: Rocky Mountain<br/>Source: 2026 AIN FBO Survey (April 2026)]]></description><Style><IconStyle><scale>1.0</scale><Icon><href>http://maps.google.com/mapfiles/kml/paddle/ylw-circle.png</href></Icon></IconStyle><LabelStyle><scale>0.8</scale></LabelStyle></Style><Point><coordinates>-104.700776,38.805817,0</coordinates></Point></Placemark>

<Placemark><name>Signature Aviation (KSTP)</name><description><![CDATA[<b>Signature Aviation</b><br/>Airport: St Paul Downtown Holman Fld (KSTP)<br/>Score: 4.66 / 5.00<br/>Tier: Top 20%<br/>Region: Midwest<br/>Source: 2026 AIN FBO Survey (April 2026)]]></description><Style><IconStyle><scale>1.0</scale><Icon><href>http://maps.google.com/mapfiles/kml/paddle/ylw-circle.png</href></Icon></IconStyle><LabelStyle><scale>0.8</scale></LabelStyle></Style><Point><coordinates>-93.060354,44.934615,0</coordinates></Point></Placemark>

<Placemark><name>Atlantic Aviation (KOKC)</name><description><![CDATA[<b>Atlantic Aviation</b><br/>Airport: Will Rogers World (KOKC)<br/>Score: 4.66 / 5.00<br/>Tier: Top 20%<br/>Region: South<br/>Source: 2026 AIN FBO Survey (April 2026)]]></description><Style><IconStyle><scale>1.0</scale><Icon><href>http://maps.google.com/mapfiles/kml/paddle/ylw-circle.png</href></Icon></IconStyle><LabelStyle><scale>0.8</scale></LabelStyle></Style><Point><coordinates>-97.600766,35.393073,0</coordinates></Point></Placemark>

<Placemark><name>Northeast Air (KPWM)</name><description><![CDATA[<b>Northeast Air</b><br/>Airport: Portland Intl (KPWM)<br/>Score: 4.65 / 5.00<br/>Tier: Top 20%<br/>Region: Northeast<br/>Source: 2026 AIN FBO Survey (April 2026)]]></description><Style><IconStyle><scale>1.0</scale><Icon><href>http://maps.google.com/mapfiles/kml/paddle/ylw-circle.png</href></Icon></IconStyle><LabelStyle><scale>0.8</scale></LabelStyle></Style><Point><coordinates>-70.308616,43.645643,0</coordinates></Point></Placemark>

<Placemark><name>Wilson Air Center (KCHA)</name><description><![CDATA[<b>Wilson Air Center</b><br/>Airport: Lovell Field (KCHA)<br/>Score: 4.65 / 5.00<br/>Tier: Top 20%<br/>Region: Southeast<br/>Source: 2026 AIN FBO Survey (April 2026)]]></description><Style><IconStyle><scale>1.0</scale><Icon><href>http://maps.google.com/mapfiles/kml/paddle/ylw-circle.png</href></Icon></IconStyle><LabelStyle><scale>0.8</scale></LabelStyle></Style><Point><coordinates>-85.203556,35.035194,0</coordinates></Point></Placemark>

<Placemark><name>McKinney Air Center (KTKI)</name><description><![CDATA[<b>McKinney Air Center</b><br/>Airport: McKinney National Airport (KTKI)<br/>Score: 4.64 / 5.00<br/>Tier: Top 20%<br/>Region: South<br/>Source: 2026 AIN FBO Survey (April 2026)]]></description><Style><IconStyle><scale>1.0</scale><Icon><href>http://maps.google.com/mapfiles/kml/paddle/ylw-circle.png</href></Icon></IconStyle><LabelStyle><scale>0.8</scale></LabelStyle></Style><Point><coordinates>-96.588767,33.177065,0</coordinates></Point></Placemark>

<Placemark><name>Atlantic Aviation (KSAF)</name><description><![CDATA[<b>Atlantic Aviation</b><br/>Airport: Santa Fe Municipal (KSAF)<br/>Score: 4.64 / 5.00<br/>Tier: Top 20%<br/>Region: Rocky Mountain<br/>Source: 2026 AIN FBO Survey (April 2026)]]></description><Style><IconStyle><scale>1.0</scale><Icon><href>http://maps.google.com/mapfiles/kml/paddle/ylw-circle.png</href></Icon></IconStyle><LabelStyle><scale>0.8</scale></LabelStyle></Style><Point><coordinates>-106.089417,35.617111,0</coordinates></Point></Placemark>

<Placemark><name>J.A. Air Center (KARR)</name><description><![CDATA[<b>J.A. Air Center</b><br/>Airport: Aurora Municipal (KARR)<br/>Score: 4.63 / 5.00<br/>Tier: Top 20%<br/>Region: Great Lakes<br/>Source: 2026 AIN FBO Survey (April 2026)]]></description><Style><IconStyle><scale>1.0</scale><Icon><href>http://maps.google.com/mapfiles/kml/paddle/ylw-circle.png</href></Icon></IconStyle><LabelStyle><scale>0.8</scale></LabelStyle></Style><Point><coordinates>-88.475667,41.771917,0</coordinates></Point></Placemark>

<Placemark><name>Atlantic Aviation (KMTJ)</name><description><![CDATA[<b>Atlantic Aviation</b><br/>Airport: Montrose Regional (KMTJ)<br/>Score: 4.63 / 5.00<br/>Tier: Top 20%<br/>Region: Rocky Mountain<br/>Source: 2026 AIN FBO Survey (April 2026)]]></description><Style><IconStyle><scale>1.0</scale><Icon><href>http://maps.google.com/mapfiles/kml/paddle/ylw-circle.png</href></Icon></IconStyle><LabelStyle><scale>0.8</scale></LabelStyle></Style><Point><coordinates>-107.894250,38.509806,0</coordinates></Point></Placemark>

<Placemark><name>Modern Aviation (KCLT)</name><description><![CDATA[<b>Modern Aviation</b><br/>Airport: Charlotte/Douglas Intl (KCLT)<br/>Score: 4.63 / 5.00<br/>Tier: Top 20%<br/>Region: Southeast<br/>Source: 2026 AIN FBO Survey (April 2026)]]></description><Style><IconStyle><scale>1.0</scale><Icon><href>http://maps.google.com/mapfiles/kml/paddle/ylw-circle.png</href></Icon></IconStyle><LabelStyle><scale>0.8</scale></LabelStyle></Style><Point><coordinates>-80.951379,35.213187,0</coordinates></Point></Placemark>

<Placemark><name>Aero-One Aviation (KDHN)</name><description><![CDATA[<b>Aero-One Aviation</b><br/>Airport: Dothan Regional (KDHN)<br/>Score: 4.63 / 5.00<br/>Tier: Top 20%<br/>Region: Southeast<br/>Source: 2026 AIN FBO Survey (April 2026)]]></description><Style><IconStyle><scale>1.0</scale><Icon><href>http://maps.google.com/mapfiles/kml/paddle/ylw-circle.png</href></Icon></IconStyle><LabelStyle><scale>0.8</scale></LabelStyle></Style><Point><coordinates>-85.449478,31.321018,0</coordinates></Point></Placemark>

<Placemark><name>Atlantic Aviation (KMKC)</name><description><![CDATA[<b>Atlantic Aviation</b><br/>Airport: Charles B. Wheeler Downtown (KMKC)<br/>Score: 4.63 / 5.00<br/>Tier: Top 20%<br/>Region: Midwest<br/>Source: 2026 AIN FBO Survey (April 2026)]]></description><Style><IconStyle><scale>1.0</scale><Icon><href>http://maps.google.com/mapfiles/kml/paddle/ylw-circle.png</href></Icon></IconStyle><LabelStyle><scale>0.8</scale></LabelStyle></Style><Point><coordinates>-94.592823,39.122935,0</coordinates></Point></Placemark>

<Placemark><name>National Jets (KFLL)</name><description><![CDATA[<b>National Jets</b><br/>Airport: Fort Lauderdale/Hollywood Intl (KFLL)<br/>Score: 4.62 / 5.00<br/>Tier: Top 20%<br/>Region: Southeast<br/>Source: 2026 AIN FBO Survey (April 2026)]]></description><Style><IconStyle><scale>1.0</scale><Icon><href>http://maps.google.com/mapfiles/kml/paddle/ylw-circle.png</href></Icon></IconStyle><LabelStyle><scale>0.8</scale></LabelStyle></Style><Point><coordinates>-80.149694,26.071667,0</coordinates></Point></Placemark>

<Placemark><name>Atlantic Aviation (KPWK)</name><description><![CDATA[<b>Atlantic Aviation</b><br/>Airport: Chicago Executive (KPWK)<br/>Score: 4.62 / 5.00<br/>Tier: Top 20%<br/>Region: Great Lakes<br/>Source: 2026 AIN FBO Survey (April 2026)]]></description><Style><IconStyle><scale>1.0</scale><Icon><href>http://maps.google.com/mapfiles/kml/paddle/ylw-circle.png</href></Icon></IconStyle><LabelStyle><scale>0.8</scale></LabelStyle></Style><Point><coordinates>-87.901541,42.114279,0</coordinates></Point></Placemark>

<Placemark><name>Million Air (KGPT)</name><description><![CDATA[<b>Million Air</b><br/>Airport: Gulfport-Biloxi Intl (KGPT)<br/>Score: 4.61 / 5.00<br/>Tier: Top 20%<br/>Region: Southeast<br/>Source: 2026 AIN FBO Survey (April 2026)]]></description><Style><IconStyle><scale>1.0</scale><Icon><href>http://maps.google.com/mapfiles/kml/paddle/ylw-circle.png</href></Icon></IconStyle><LabelStyle><scale>0.8</scale></LabelStyle></Style><Point><coordinates>-89.070096,30.407269,0</coordinates></Point></Placemark>

<Placemark><name>Alliance Aviation (KAFW)</name><description><![CDATA[<b>Alliance Aviation</b><br/>Airport: Fort Worth Alliance (KAFW)<br/>Score: 4.61 / 5.00<br/>Tier: Top 20%<br/>Region: South<br/>Source: 2026 AIN FBO Survey (April 2026)]]></description><Style><IconStyle><scale>1.0</scale><Icon><href>http://maps.google.com/mapfiles/kml/paddle/ylw-circle.png</href></Icon></IconStyle><LabelStyle><scale>0.8</scale></LabelStyle></Style><Point><coordinates>-97.319429,32.990307,0</coordinates></Point></Placemark>

<Placemark><name>Skyservice (CYYZ)</name><description><![CDATA[<b>Skyservice</b><br/>Airport: Lester B. Pearson Intl (CYYZ)<br/>Score: 4.61 / 5.00<br/>Tier: Top 20%<br/>Region: Canada<br/>Source: 2026 AIN FBO Survey (April 2026)]]></description><Style><IconStyle><scale>1.0</scale><Icon><href>http://maps.google.com/mapfiles/kml/paddle/ylw-circle.png</href></Icon></IconStyle><LabelStyle><scale>0.8</scale></LabelStyle></Style><Point><coordinates>-79.630600,43.677200,0</coordinates></Point></Placemark>

<Placemark><name>Provo Air Center (MBPV)</name><description><![CDATA[<b>Provo Air Center</b><br/>Airport: Providenciales Intl (MBPV)<br/>Score: 4.61 / 5.00<br/>Tier: Top 20%<br/>Region: Caribbean<br/>Source: 2026 AIN FBO Survey (April 2026)]]></description><Style><IconStyle><scale>1.0</scale><Icon><href>http://maps.google.com/mapfiles/kml/paddle/ylw-circle.png</href></Icon></IconStyle><LabelStyle><scale>0.8</scale></LabelStyle></Style><Point><coordinates>-72.265900,21.773600,0</coordinates></Point></Placemark>

<Placemark><name>Heritage Aviation (KBTV)</name><description><![CDATA[<b>Heritage Aviation</b><br/>Airport: Burlington Intl (KBTV)<br/>Score: 4.61 / 5.00<br/>Tier: Top 20%<br/>Region: Northeast<br/>Source: 2026 AIN FBO Survey (April 2026)]]></description><Style><IconStyle><scale>1.0</scale><Icon><href>http://maps.google.com/mapfiles/kml/paddle/ylw-circle.png</href></Icon></IconStyle><LabelStyle><scale>0.8</scale></LabelStyle></Style><Point><coordinates>-73.153276,44.471955,0</coordinates></Point></Placemark>

<Placemark><name>Aero Center Lakeland (KLAL)</name><description><![CDATA[<b>Aero Center Lakeland</b><br/>Airport: Lakeland Linder Regional (KLAL)<br/>Score: 4.60 / 5.00<br/>Tier: Top 20%<br/>Region: Southeast<br/>Source: 2026 AIN FBO Survey (April 2026)]]></description><Style><IconStyle><scale>1.0</scale><Icon><href>http://maps.google.com/mapfiles/kml/paddle/ylw-circle.png</href></Icon></IconStyle><LabelStyle><scale>0.8</scale></LabelStyle></Style><Point><coordinates>-82.019000,27.987639,0</coordinates></Point></Placemark>

<Placemark><name>Signature Aviation (CYUL)</name><description><![CDATA[<b>Signature Aviation</b><br/>Airport: Pierre Elliott Trudeau Intl (CYUL)<br/>Score: 4.60 / 5.00<br/>Tier: Top 20%<br/>Region: Canada<br/>Source: 2026 AIN FBO Survey (April 2026)]]></description><Style><IconStyle><scale>1.0</scale><Icon><href>http://maps.google.com/mapfiles/kml/paddle/ylw-circle.png</href></Icon></IconStyle><LabelStyle><scale>0.8</scale></LabelStyle></Style><Point><coordinates>-73.740800,45.470600,0</coordinates></Point></Placemark>

<Placemark><name>Modern Aviation (KISP)</name><description><![CDATA[<b>Modern Aviation</b><br/>Airport: Long Island MacArthur (KISP)<br/>Score: 4.60 / 5.00<br/>Tier: Top 20%<br/>Region: Northeast<br/>Source: 2026 AIN FBO Survey (April 2026)]]></description><Style><IconStyle><scale>1.0</scale><Icon><href>http://maps.google.com/mapfiles/kml/paddle/ylw-circle.png</href></Icon></IconStyle><LabelStyle><scale>0.8</scale></LabelStyle></Style><Point><coordinates>-73.100665,40.796136,0</coordinates></Point></Placemark>

<Placemark><name>Atlantic Aviation (KGPI)</name><description><![CDATA[<b>Atlantic Aviation</b><br/>Airport: Glacier Park Intl (KGPI)<br/>Score: 4.60 / 5.00<br/>Tier: Top 20%<br/>Region: Rocky Mountain<br/>Source: 2026 AIN FBO Survey (April 2026)]]></description><Style><IconStyle><scale>1.0</scale><Icon><href>http://maps.google.com/mapfiles/kml/paddle/ylw-circle.png</href></Icon></IconStyle><LabelStyle><scale>0.8</scale></LabelStyle></Style><Point><coordinates>-114.256000,48.310500,0</coordinates></Point></Placemark>

<Placemark><name>Modern Aviation (TJIG)</name><description><![CDATA[<b>Modern Aviation</b><br/>Airport: Fernando Luis Ribas Dominicci (TJIG)<br/>Score: 4.68 / 5.00<br/>Tier: Top 20%<br/>Region: Caribbean<br/>Source: 2026 AIN FBO Survey (April 2026)]]></description><Style><IconStyle><scale>1.0</scale><Icon><href>http://maps.google.com/mapfiles/kml/paddle/ylw-circle.png</href></Icon></IconStyle><LabelStyle><scale>0.8</scale></LabelStyle></Style><Point><coordinates>-66.098472,18.456778,0</coordinates></Point></Placemark>

<Placemark><name>Hollywood Burbank Jet Center (formerly Million Air) (KBUR)</name><description><![CDATA[<b>Hollywood Burbank Jet Center (formerly Million Air)</b><br/>Airport: Hollywood Burbank (KBUR)<br/>Score: 4.51 / 5.00<br/>Tier: Surveyed<br/>Region: West<br/>Source: 2026 AIN FBO Survey (April 2026)]]></description><Style><IconStyle><scale>0.8</scale><Icon><href>http://maps.google.com/mapfiles/kml/paddle/blu-circle.png</href></Icon></IconStyle><LabelStyle><scale>0.7</scale></LabelStyle></Style><Point><coordinates>-118.358667,34.200694,0</coordinates></Point></Placemark>

<Placemark><name>Clay Lacy Aviation (KSNA)</name><description><![CDATA[<b>Clay Lacy Aviation</b><br/>Airport: John Wayne-Orange County (KSNA)<br/>Score: 4.45 / 5.00<br/>Tier: Surveyed<br/>Region: West<br/>Source: 2026 AIN FBO Survey (April 2026)]]></description><Style><IconStyle><scale>0.8</scale><Icon><href>http://maps.google.com/mapfiles/kml/paddle/blu-circle.png</href></Icon></IconStyle><LabelStyle><scale>0.7</scale></LabelStyle></Style><Point><coordinates>-117.868233,33.675662,0</coordinates></Point></Placemark>

<Placemark><name>Clay Lacy Aviation (KVNY)</name><description><![CDATA[<b>Clay Lacy Aviation</b><br/>Airport: Van Nuys (KVNY)<br/>Score: 4.44 / 5.00<br/>Tier: Surveyed<br/>Region: West<br/>Source: 2026 AIN FBO Survey (April 2026)]]></description><Style><IconStyle><scale>0.8</scale><Icon><href>http://maps.google.com/mapfiles/kml/paddle/blu-circle.png</href></Icon></IconStyle><LabelStyle><scale>0.7</scale></LabelStyle></Style><Point><coordinates>-118.489972,34.209806,0</coordinates></Point></Placemark>

<Placemark><name>ACI Jet (KSNA)</name><description><![CDATA[<b>ACI Jet</b><br/>Airport: John Wayne-Orange County (KSNA)<br/>Score: 4.39 / 5.00<br/>Tier: Surveyed<br/>Region: West<br/>Source: 2026 AIN FBO Survey (April 2026)]]></description><Style><IconStyle><scale>0.8</scale><Icon><href>http://maps.google.com/mapfiles/kml/paddle/blu-circle.png</href></Icon></IconStyle><LabelStyle><scale>0.7</scale></LabelStyle></Style><Point><coordinates>-117.868233,33.675662,0</coordinates></Point></Placemark>

<Placemark><name>Atlantic Aviation (KBUR)</name><description><![CDATA[<b>Atlantic Aviation</b><br/>Airport: Hollywood Burbank (KBUR)<br/>Score: 4.14 / 5.00<br/>Tier: Surveyed<br/>Region: West<br/>Source: 2026 AIN FBO Survey (April 2026)]]></description><Style><IconStyle><scale>0.8</scale><Icon><href>http://maps.google.com/mapfiles/kml/paddle/blu-circle.png</href></Icon></IconStyle><LabelStyle><scale>0.7</scale></LabelStyle></Style><Point><coordinates>-118.358667,34.200694,0</coordinates></Point></Placemark>

<Placemark><name>Carlsbad Jet Center (KCRQ)</name><description><![CDATA[<b>Carlsbad Jet Center</b><br/>Airport: McClellan-Palomar (KCRQ)<br/>Score: 4.58 / 5.00<br/>Tier: Surveyed<br/>Region: West<br/>Source: 2026 AIN FBO Survey (April 2026)]]></description><Style><IconStyle><scale>0.8</scale><Icon><href>http://maps.google.com/mapfiles/kml/paddle/blu-circle.png</href></Icon></IconStyle><LabelStyle><scale>0.7</scale></LabelStyle></Style><Point><coordinates>-117.280083,33.128250,0</coordinates></Point></Placemark>

<Placemark><name>Signature Aviation (KSAN)</name><description><![CDATA[<b>Signature Aviation</b><br/>Airport: San Diego Intl (KSAN)<br/>Score: 4.02 / 5.00<br/>Tier: Surveyed<br/>Region: West<br/>Source: 2026 AIN FBO Survey (April 2026)]]></description><Style><IconStyle><scale>0.8</scale><Icon><href>http://maps.google.com/mapfiles/kml/paddle/blu-circle.png</href></Icon></IconStyle><LabelStyle><scale>0.7</scale></LabelStyle></Style><Point><coordinates>-117.189663,32.733563,0</coordinates></Point></Placemark>

<Placemark><name>Atlantic Aviation (KCRQ)</name><description><![CDATA[<b>Atlantic Aviation</b><br/>Airport: McClellan-Palomar (KCRQ)<br/>Score: 4.10 / 5.00<br/>Tier: Surveyed<br/>Region: West<br/>Source: 2026 AIN FBO Survey (April 2026)]]></description><Style><IconStyle><scale>0.8</scale><Icon><href>http://maps.google.com/mapfiles/kml/paddle/blu-circle.png</href></Icon></IconStyle><LabelStyle><scale>0.7</scale></LabelStyle></Style><Point><coordinates>-117.280083,33.128250,0</coordinates></Point></Placemark>

<Placemark><name>Signature Aviation (formerly Meridian) (KHWD)</name><description><![CDATA[<b>Signature Aviation (formerly Meridian)</b><br/>Airport: Hayward Executive (KHWD)<br/>Score: 4.15 / 5.00<br/>Tier: Surveyed<br/>Region: West<br/>Source: 2026 AIN FBO Survey (April 2026)]]></description><Style><IconStyle><scale>0.8</scale><Icon><href>http://maps.google.com/mapfiles/kml/paddle/blu-circle.png</href></Icon></IconStyle><LabelStyle><scale>0.7</scale></LabelStyle></Style><Point><coordinates>-122.121739,37.658932,0</coordinates></Point></Placemark>

<Placemark><name>Signature Aviation (KOAK)</name><description><![CDATA[<b>Signature Aviation</b><br/>Airport: Oakland Intl (KOAK)<br/>Score: 4.14 / 5.00<br/>Tier: Surveyed<br/>Region: West<br/>Source: 2026 AIN FBO Survey (April 2026)]]></description><Style><IconStyle><scale>0.8</scale><Icon><href>http://maps.google.com/mapfiles/kml/paddle/blu-circle.png</href></Icon></IconStyle><LabelStyle><scale>0.7</scale></LabelStyle></Style><Point><coordinates>-122.221151,37.721261,0</coordinates></Point></Placemark>

<Placemark><name>Kaiserair Oakland Jet Ctr (KOAK)</name><description><![CDATA[<b>Kaiserair Oakland Jet Ctr</b><br/>Airport: Oakland Intl (KOAK)<br/>Score: 3.98 / 5.00<br/>Tier: Surveyed<br/>Region: West<br/>Source: 2026 AIN FBO Survey (April 2026)]]></description><Style><IconStyle><scale>0.8</scale><Icon><href>http://maps.google.com/mapfiles/kml/paddle/blu-circle.png</href></Icon></IconStyle><LabelStyle><scale>0.7</scale></LabelStyle></Style><Point><coordinates>-122.221151,37.721261,0</coordinates></Point></Placemark>

<Placemark><name>Signature Aviation (KSFO)</name><description><![CDATA[<b>Signature Aviation</b><br/>Airport: San Francisco Intl (KSFO)<br/>Score: 3.97 / 5.00<br/>Tier: Surveyed<br/>Region: West<br/>Source: 2026 AIN FBO Survey (April 2026)]]></description><Style><IconStyle><scale>0.8</scale><Icon><href>http://maps.google.com/mapfiles/kml/paddle/blu-circle.png</href></Icon></IconStyle><LabelStyle><scale>0.7</scale></LabelStyle></Style><Point><coordinates>-122.375417,37.618806,0</coordinates></Point></Placemark>

<Placemark><name>Bellingham Aviation Services (KBLI)</name><description><![CDATA[<b>Bellingham Aviation Services</b><br/>Airport: Bellingham Intl (KBLI)<br/>Score: 4.41 / 5.00<br/>Tier: Surveyed<br/>Region: West<br/>Source: 2026 AIN FBO Survey (April 2026)]]></description><Style><IconStyle><scale>0.8</scale><Icon><href>http://maps.google.com/mapfiles/kml/paddle/blu-circle.png</href></Icon></IconStyle><LabelStyle><scale>0.7</scale></LabelStyle></Style><Point><coordinates>-122.537528,48.792694,0</coordinates></Point></Placemark>

<Placemark><name>Modern Aviation (KBFI)</name><description><![CDATA[<b>Modern Aviation</b><br/>Airport: Boeing Field/King County Intl (KBFI)<br/>Score: 4.33 / 5.00<br/>Tier: Surveyed<br/>Region: West<br/>Source: 2026 AIN FBO Survey (April 2026)]]></description><Style><IconStyle><scale>0.8</scale><Icon><href>http://maps.google.com/mapfiles/kml/paddle/blu-circle.png</href></Icon></IconStyle><LabelStyle><scale>0.7</scale></LabelStyle></Style><Point><coordinates>-122.301944,47.529972,0</coordinates></Point></Placemark>

<Placemark><name>Signature Aviation (KBFI)</name><description><![CDATA[<b>Signature Aviation</b><br/>Airport: Boeing Field/King County Intl (KBFI)<br/>Score: 4.18 / 5.00<br/>Tier: Surveyed<br/>Region: West<br/>Source: 2026 AIN FBO Survey (April 2026)]]></description><Style><IconStyle><scale>0.8</scale><Icon><href>http://maps.google.com/mapfiles/kml/paddle/blu-circle.png</href></Icon></IconStyle><LabelStyle><scale>0.7</scale></LabelStyle></Style><Point><coordinates>-122.301944,47.529972,0</coordinates></Point></Placemark>

<Placemark><name>Del Monte Aviation (KMRY)</name><description><![CDATA[<b>Del Monte Aviation</b><br/>Airport: Monterey Regional (KMRY)<br/>Score: 4.54 / 5.00<br/>Tier: Surveyed<br/>Region: West<br/>Source: 2026 AIN FBO Survey (April 2026)]]></description><Style><IconStyle><scale>0.8</scale><Icon><href>http://maps.google.com/mapfiles/kml/paddle/blu-circle.png</href></Icon></IconStyle><LabelStyle><scale>0.7</scale></LabelStyle></Style><Point><coordinates>-121.842783,36.586952,0</coordinates></Point></Placemark>

<Placemark><name>Monterey Jet Center (KMRY)</name><description><![CDATA[<b>Monterey Jet Center</b><br/>Airport: Monterey Regional (KMRY)<br/>Score: 4.54 / 5.00<br/>Tier: Surveyed<br/>Region: West<br/>Source: 2026 AIN FBO Survey (April 2026)]]></description><Style><IconStyle><scale>0.8</scale><Icon><href>http://maps.google.com/mapfiles/kml/paddle/blu-circle.png</href></Icon></IconStyle><LabelStyle><scale>0.7</scale></LabelStyle></Style><Point><coordinates>-121.842783,36.586952,0</coordinates></Point></Placemark>

<Placemark><name>Atlantic Aviation (KTRM)</name><description><![CDATA[<b>Atlantic Aviation</b><br/>Airport: Jacqueline Cochran Rgnl (KTRM)<br/>Score: 3.93 / 5.00<br/>Tier: Surveyed<br/>Region: West<br/>Source: 2026 AIN FBO Survey (April 2026)]]></description><Style><IconStyle><scale>0.8</scale><Icon><href>http://maps.google.com/mapfiles/kml/paddle/blu-circle.png</href></Icon></IconStyle><LabelStyle><scale>0.7</scale></LabelStyle></Style><Point><coordinates>-116.159654,33.626671,0</coordinates></Point></Placemark>

<Placemark><name>Signature Aviation (KPSP)</name><description><![CDATA[<b>Signature Aviation</b><br/>Airport: Palm Springs Intl (KPSP)<br/>Score: 4.34 / 5.00<br/>Tier: Surveyed<br/>Region: West<br/>Source: 2026 AIN FBO Survey (April 2026)]]></description><Style><IconStyle><scale>0.8</scale><Icon><href>http://maps.google.com/mapfiles/kml/paddle/blu-circle.png</href></Icon></IconStyle><LabelStyle><scale>0.7</scale></LabelStyle></Style><Point><coordinates>-116.506694,33.829670,0</coordinates></Point></Placemark>

<Placemark><name>Modern Aviation (KSMF)</name><description><![CDATA[<b>Modern Aviation</b><br/>Airport: Sacramento Intl (KSMF)<br/>Score: 4.31 / 5.00<br/>Tier: Surveyed<br/>Region: West<br/>Source: 2026 AIN FBO Survey (April 2026)]]></description><Style><IconStyle><scale>0.8</scale><Icon><href>http://maps.google.com/mapfiles/kml/paddle/blu-circle.png</href></Icon></IconStyle><LabelStyle><scale>0.7</scale></LabelStyle></Style><Point><coordinates>-121.590778,38.695444,0</coordinates></Point></Placemark>

<Placemark><name>Atlantic Aviation (KPDX)</name><description><![CDATA[<b>Atlantic Aviation</b><br/>Airport: Portland Intl (KPDX)<br/>Score: 4.54 / 5.00<br/>Tier: Surveyed<br/>Region: West<br/>Source: 2026 AIN FBO Survey (April 2026)]]></description><Style><IconStyle><scale>0.8</scale><Icon><href>http://maps.google.com/mapfiles/kml/paddle/blu-circle.png</href></Icon></IconStyle><LabelStyle><scale>0.7</scale></LabelStyle></Style><Point><coordinates>-122.596869,45.588709,0</coordinates></Point></Placemark>

<Placemark><name>Global Aviation (KHIO)</name><description><![CDATA[<b>Global Aviation</b><br/>Airport: Hillsboro (KHIO)<br/>Score: 4.14 / 5.00<br/>Tier: Surveyed<br/>Region: West<br/>Source: 2026 AIN FBO Survey (April 2026)]]></description><Style><IconStyle><scale>0.8</scale><Icon><href>http://maps.google.com/mapfiles/kml/paddle/blu-circle.png</href></Icon></IconStyle><LabelStyle><scale>0.7</scale></LabelStyle></Style><Point><coordinates>-122.950722,45.542122,0</coordinates></Point></Placemark>

<Placemark><name>Atlantic Aviation (KSLC)</name><description><![CDATA[<b>Atlantic Aviation</b><br/>Airport: Salt Lake City Intl (KSLC)<br/>Score: 4.37 / 5.00<br/>Tier: Surveyed<br/>Region: Rocky Mountain<br/>Source: 2026 AIN FBO Survey (April 2026)]]></description><Style><IconStyle><scale>0.8</scale><Icon><href>http://maps.google.com/mapfiles/kml/paddle/blu-circle.png</href></Icon></IconStyle><LabelStyle><scale>0.7</scale></LabelStyle></Style><Point><coordinates>-111.977773,40.788393,0</coordinates></Point></Placemark>

<Placemark><name>Signature Aviation (KSLC)</name><description><![CDATA[<b>Signature Aviation</b><br/>Airport: Salt Lake City Intl (KSLC)<br/>Score: 3.99 / 5.00<br/>Tier: Surveyed<br/>Region: Rocky Mountain<br/>Source: 2026 AIN FBO Survey (April 2026)]]></description><Style><IconStyle><scale>0.8</scale><Icon><href>http://maps.google.com/mapfiles/kml/paddle/blu-circle.png</href></Icon></IconStyle><LabelStyle><scale>0.7</scale></LabelStyle></Style><Point><coordinates>-111.977773,40.788393,0</coordinates></Point></Placemark>

<Placemark><name>Atlantic Aviation (PANC)</name><description><![CDATA[<b>Atlantic Aviation</b><br/>Airport: Ted Stevens Anchorage Intl (PANC)<br/>Score: 4.29 / 5.00<br/>Tier: Surveyed<br/>Region: West<br/>Source: 2026 AIN FBO Survey (April 2026)]]></description><Style><IconStyle><scale>0.8</scale><Icon><href>http://maps.google.com/mapfiles/kml/paddle/blu-circle.png</href></Icon></IconStyle><LabelStyle><scale>0.7</scale></LabelStyle></Style><Point><coordinates>-149.998138,61.174085,0</coordinates></Point></Placemark>

<Placemark><name>Atlantic Aviation (PHNL)</name><description><![CDATA[<b>Atlantic Aviation</b><br/>Airport: Honolulu Intl (PHNL)<br/>Score: 4.01 / 5.00<br/>Tier: Surveyed<br/>Region: West<br/>Source: 2026 AIN FBO Survey (April 2026)]]></description><Style><IconStyle><scale>0.8</scale><Icon><href>http://maps.google.com/mapfiles/kml/paddle/blu-circle.png</href></Icon></IconStyle><LabelStyle><scale>0.7</scale></LabelStyle></Style><Point><coordinates>-157.920250,21.317825,0</coordinates></Point></Placemark>

<Placemark><name>Henderson Executive Airport (KHND)</name><description><![CDATA[<b>Henderson Executive Airport</b><br/>Airport: Henderson Executive (KHND)<br/>Score: 4.17 / 5.00<br/>Tier: Surveyed<br/>Region: West<br/>Source: 2026 AIN FBO Survey (April 2026)]]></description><Style><IconStyle><scale>0.8</scale><Icon><href>http://maps.google.com/mapfiles/kml/paddle/blu-circle.png</href></Icon></IconStyle><LabelStyle><scale>0.7</scale></LabelStyle></Style><Point><coordinates>-115.134385,35.972855,0</coordinates></Point></Placemark>

<Placemark><name>Atlantic Aviation (KLAS)</name><description><![CDATA[<b>Atlantic Aviation</b><br/>Airport: Harry Reid Intl (KLAS)<br/>Score: 4.29 / 5.00<br/>Tier: Surveyed<br/>Region: West<br/>Source: 2026 AIN FBO Survey (April 2026)]]></description><Style><IconStyle><scale>0.8</scale><Icon><href>http://maps.google.com/mapfiles/kml/paddle/blu-circle.png</href></Icon></IconStyle><LabelStyle><scale>0.7</scale></LabelStyle></Style><Point><coordinates>-115.152449,36.080343,0</coordinates></Point></Placemark>

<Placemark><name>Signature Aviation (KLAS)</name><description><![CDATA[<b>Signature Aviation</b><br/>Airport: Harry Reid Intl (KLAS)<br/>Score: 3.92 / 5.00<br/>Tier: Surveyed<br/>Region: West<br/>Source: 2026 AIN FBO Survey (April 2026)]]></description><Style><IconStyle><scale>0.8</scale><Icon><href>http://maps.google.com/mapfiles/kml/paddle/blu-circle.png</href></Icon></IconStyle><LabelStyle><scale>0.7</scale></LabelStyle></Style><Point><coordinates>-115.152449,36.080343,0</coordinates></Point></Placemark>

<Placemark><name>Atlantic Aviation (KMDW)</name><description><![CDATA[<b>Atlantic Aviation</b><br/>Airport: Chicago Midway Intl (KMDW)<br/>Score: 4.39 / 5.00<br/>Tier: Surveyed<br/>Region: Great Lakes<br/>Source: 2026 AIN FBO Survey (April 2026)]]></description><Style><IconStyle><scale>0.8</scale><Icon><href>http://maps.google.com/mapfiles/kml/paddle/blu-circle.png</href></Icon></IconStyle><LabelStyle><scale>0.7</scale></LabelStyle></Style><Point><coordinates>-87.752729,41.785643,0</coordinates></Point></Placemark>

<Placemark><name>Signature Aviation (KLUK)</name><description><![CDATA[<b>Signature Aviation</b><br/>Airport: Cincinnati Municipal-Lunken Field (KLUK)<br/>Score: 3.51 / 5.00<br/>Tier: Surveyed<br/>Region: Great Lakes<br/>Source: 2026 AIN FBO Survey (April 2026)]]></description><Style><IconStyle><scale>0.8</scale><Icon><href>http://maps.google.com/mapfiles/kml/paddle/blu-circle.png</href></Icon></IconStyle><LabelStyle><scale>0.7</scale></LabelStyle></Style><Point><coordinates>-84.417606,39.102977,0</coordinates></Point></Placemark>

<Placemark><name>Atlantic Aviation (KCLE)</name><description><![CDATA[<b>Atlantic Aviation</b><br/>Airport: Cleveland-Hopkins Intl (KCLE)<br/>Score: 3.94 / 5.00<br/>Tier: Surveyed<br/>Region: Great Lakes<br/>Source: 2026 AIN FBO Survey (April 2026)]]></description><Style><IconStyle><scale>0.8</scale><Icon><href>http://maps.google.com/mapfiles/kml/paddle/blu-circle.png</href></Icon></IconStyle><LabelStyle><scale>0.7</scale></LabelStyle></Style><Point><coordinates>-81.854691,41.409407,0</coordinates></Point></Placemark>

<Placemark><name>Lane Aviation (KCMH)</name><description><![CDATA[<b>Lane Aviation</b><br/>Airport: John Glenn Columbus Intl (KCMH)<br/>Score: 4.18 / 5.00<br/>Tier: Surveyed<br/>Region: Great Lakes<br/>Source: 2026 AIN FBO Survey (April 2026)]]></description><Style><IconStyle><scale>0.8</scale><Icon><href>http://maps.google.com/mapfiles/kml/paddle/blu-circle.png</href></Icon></IconStyle><LabelStyle><scale>0.7</scale></LabelStyle></Style><Point><coordinates>-82.892159,39.996947,0</coordinates></Point></Placemark>

<Placemark><name>Duncan Aviation (KBTL)</name><description><![CDATA[<b>Duncan Aviation</b><br/>Airport: W.K. Kellogg Regional (KBTL)<br/>Score: 3.95 / 5.00<br/>Tier: Surveyed<br/>Region: Great Lakes<br/>Source: 2026 AIN FBO Survey (April 2026)]]></description><Style><IconStyle><scale>0.8</scale><Icon><href>http://maps.google.com/mapfiles/kml/paddle/blu-circle.png</href></Icon></IconStyle><LabelStyle><scale>0.7</scale></LabelStyle></Style><Point><coordinates>-85.250089,42.306474,0</coordinates></Point></Placemark>

<Placemark><name>B. Coleman Aviation (KGYY)</name><description><![CDATA[<b>B. Coleman Aviation</b><br/>Airport: Gary/Chicago Intl (KGYY)<br/>Score: 4.56 / 5.00<br/>Tier: Surveyed<br/>Region: Great Lakes<br/>Source: 2026 AIN FBO Survey (April 2026)]]></description><Style><IconStyle><scale>0.8</scale><Icon><href>http://maps.google.com/mapfiles/kml/paddle/blu-circle.png</href></Icon></IconStyle><LabelStyle><scale>0.7</scale></LabelStyle></Style><Point><coordinates>-87.414528,41.617250,0</coordinates></Point></Placemark>

<Placemark><name>Million Air (KIND)</name><description><![CDATA[<b>Million Air</b><br/>Airport: Indianapolis Intl (KIND)<br/>Score: 4.58 / 5.00<br/>Tier: Surveyed<br/>Region: Great Lakes<br/>Source: 2026 AIN FBO Survey (April 2026)]]></description><Style><IconStyle><scale>0.8</scale><Icon><href>http://maps.google.com/mapfiles/kml/paddle/blu-circle.png</href></Icon></IconStyle><LabelStyle><scale>0.7</scale></LabelStyle></Style><Point><coordinates>-86.294639,39.717306,0</coordinates></Point></Placemark>

<Placemark><name>Jet Access (KTYQ)</name><description><![CDATA[<b>Jet Access</b><br/>Airport: Indianapolis Executive (KTYQ)<br/>Score: 4.29 / 5.00<br/>Tier: Surveyed<br/>Region: Great Lakes<br/>Source: 2026 AIN FBO Survey (April 2026)]]></description><Style><IconStyle><scale>0.8</scale><Icon><href>http://maps.google.com/mapfiles/kml/paddle/blu-circle.png</href></Icon></IconStyle><LabelStyle><scale>0.7</scale></LabelStyle></Style><Point><coordinates>-86.251406,40.028609,0</coordinates></Point></Placemark>

<Placemark><name>Atlantic Aviation (KSDF)</name><description><![CDATA[<b>Atlantic Aviation</b><br/>Airport: Louisville Muhammad Ali Intl (KSDF)<br/>Score: 4.42 / 5.00<br/>Tier: Surveyed<br/>Region: Great Lakes<br/>Source: 2026 AIN FBO Survey (April 2026)]]></description><Style><IconStyle><scale>0.8</scale><Icon><href>http://maps.google.com/mapfiles/kml/paddle/blu-circle.png</href></Icon></IconStyle><LabelStyle><scale>0.7</scale></LabelStyle></Style><Point><coordinates>-85.736494,38.174085,0</coordinates></Point></Placemark>

<Placemark><name>Signature Aviation (KLEX)</name><description><![CDATA[<b>Signature Aviation</b><br/>Airport: Blue Grass (KLEX)<br/>Score: 4.08 / 5.00<br/>Tier: Surveyed<br/>Region: Great Lakes<br/>Source: 2026 AIN FBO Survey (April 2026)]]></description><Style><IconStyle><scale>0.8</scale><Icon><href>http://maps.google.com/mapfiles/kml/paddle/blu-circle.png</href></Icon></IconStyle><LabelStyle><scale>0.7</scale></LabelStyle></Style><Point><coordinates>-84.608617,38.036742,0</coordinates></Point></Placemark>

<Placemark><name>Wisconsin Aviation (KMSN)</name><description><![CDATA[<b>Wisconsin Aviation</b><br/>Airport: Dane County Regional (KMSN)<br/>Score: 4.26 / 5.00<br/>Tier: Surveyed<br/>Region: Great Lakes<br/>Source: 2026 AIN FBO Survey (April 2026)]]></description><Style><IconStyle><scale>0.8</scale><Icon><href>http://maps.google.com/mapfiles/kml/paddle/blu-circle.png</href></Icon></IconStyle><LabelStyle><scale>0.7</scale></LabelStyle></Style><Point><coordinates>-89.337504,43.139879,0</coordinates></Point></Placemark>

<Placemark><name>Signature Aviation (KMKE)</name><description><![CDATA[<b>Signature Aviation</b><br/>Airport: Milwaukee Mitchell Intl (KMKE)<br/>Score: 3.92 / 5.00<br/>Tier: Surveyed<br/>Region: Great Lakes<br/>Source: 2026 AIN FBO Survey (April 2026)]]></description><Style><IconStyle><scale>0.8</scale><Icon><href>http://maps.google.com/mapfiles/kml/paddle/blu-circle.png</href></Icon></IconStyle><LabelStyle><scale>0.7</scale></LabelStyle></Style><Point><coordinates>-87.897064,42.946932,0</coordinates></Point></Placemark>

<Placemark><name>Hill Aircraft (KFTY)</name><description><![CDATA[<b>Hill Aircraft</b><br/>Airport: Fulton County (KFTY)<br/>Score: 4.53 / 5.00<br/>Tier: Surveyed<br/>Region: Southeast<br/>Source: 2026 AIN FBO Survey (April 2026)]]></description><Style><IconStyle><scale>0.8</scale><Icon><href>http://maps.google.com/mapfiles/kml/paddle/blu-circle.png</href></Icon></IconStyle><LabelStyle><scale>0.7</scale></LabelStyle></Style><Point><coordinates>-84.520708,33.780119,0</coordinates></Point></Placemark>

<Placemark><name>Aero Center Epps Atlanta (KPDK)</name><description><![CDATA[<b>Aero Center Epps Atlanta</b><br/>Airport: DeKalb-Peachtree (KPDK)<br/>Score: 4.43 / 5.00<br/>Tier: Surveyed<br/>Region: Southeast<br/>Source: 2026 AIN FBO Survey (April 2026)]]></description><Style><IconStyle><scale>0.8</scale><Icon><href>http://maps.google.com/mapfiles/kml/paddle/blu-circle.png</href></Icon></IconStyle><LabelStyle><scale>0.7</scale></LabelStyle></Style><Point><coordinates>-84.302031,33.876002,0</coordinates></Point></Placemark>

<Placemark><name>Atlantic Aviation (KPDK)</name><description><![CDATA[<b>Atlantic Aviation</b><br/>Airport: DeKalb-Peachtree (KPDK)<br/>Score: 4.24 / 5.00<br/>Tier: Surveyed<br/>Region: Southeast<br/>Source: 2026 AIN FBO Survey (April 2026)]]></description><Style><IconStyle><scale>0.8</scale><Icon><href>http://maps.google.com/mapfiles/kml/paddle/blu-circle.png</href></Icon></IconStyle><LabelStyle><scale>0.7</scale></LabelStyle></Style><Point><coordinates>-84.302031,33.876002,0</coordinates></Point></Placemark>

<Placemark><name>Signature Aviation (KPDK)</name><description><![CDATA[<b>Signature Aviation</b><br/>Airport: DeKalb-Peachtree (KPDK)<br/>Score: 3.96 / 5.00<br/>Tier: Surveyed<br/>Region: Southeast<br/>Source: 2026 AIN FBO Survey (April 2026)]]></description><Style><IconStyle><scale>0.8</scale><Icon><href>http://maps.google.com/mapfiles/kml/paddle/blu-circle.png</href></Icon></IconStyle><LabelStyle><scale>0.7</scale></LabelStyle></Style><Point><coordinates>-84.302031,33.876002,0</coordinates></Point></Placemark>

<Placemark><name>Signature Aviation (KFTY)</name><description><![CDATA[<b>Signature Aviation</b><br/>Airport: Fulton County (KFTY)<br/>Score: 3.58 / 5.00<br/>Tier: Surveyed<br/>Region: Southeast<br/>Source: 2026 AIN FBO Survey (April 2026)]]></description><Style><IconStyle><scale>0.8</scale><Icon><href>http://maps.google.com/mapfiles/kml/paddle/blu-circle.png</href></Icon></IconStyle><LabelStyle><scale>0.7</scale></LabelStyle></Style><Point><coordinates>-84.520708,33.780119,0</coordinates></Point></Placemark>

<Placemark><name>Million Air (formerly Atlantic Aviation East) (KBHM)</name><description><![CDATA[<b>Million Air (formerly Atlantic Aviation East)</b><br/>Airport: Birmingham-Shuttlesworth Intl (KBHM)<br/>Score: 4.00 / 5.00<br/>Tier: Surveyed<br/>Region: Southeast<br/>Source: 2026 AIN FBO Survey (April 2026)]]></description><Style><IconStyle><scale>0.8</scale><Icon><href>http://maps.google.com/mapfiles/kml/paddle/blu-circle.png</href></Icon></IconStyle><LabelStyle><scale>0.7</scale></LabelStyle></Style><Point><coordinates>-86.752306,33.563889,0</coordinates></Point></Placemark>

<Placemark><name>Atlantic Aviation (KBNA)</name><description><![CDATA[<b>Atlantic Aviation</b><br/>Airport: Nashville Intl (KBNA)<br/>Score: 4.27 / 5.00<br/>Tier: Surveyed<br/>Region: Southeast<br/>Source: 2026 AIN FBO Survey (April 2026)]]></description><Style><IconStyle><scale>0.8</scale><Icon><href>http://maps.google.com/mapfiles/kml/paddle/blu-circle.png</href></Icon></IconStyle><LabelStyle><scale>0.7</scale></LabelStyle></Style><Point><coordinates>-86.678181,36.124475,0</coordinates></Point></Placemark>

<Placemark><name>Signature Aviation (KBNA)</name><description><![CDATA[<b>Signature Aviation</b><br/>Airport: Nashville Intl (KBNA)<br/>Score: 4.16 / 5.00<br/>Tier: Surveyed<br/>Region: Southeast<br/>Source: 2026 AIN FBO Survey (April 2026)]]></description><Style><IconStyle><scale>0.8</scale><Icon><href>http://maps.google.com/mapfiles/kml/paddle/blu-circle.png</href></Icon></IconStyle><LabelStyle><scale>0.7</scale></LabelStyle></Style><Point><coordinates>-86.678181,36.124475,0</coordinates></Point></Placemark>

<Placemark><name>Signature Aviation (KCHS)</name><description><![CDATA[<b>Signature Aviation</b><br/>Airport: Charleston Intl (KCHS)<br/>Score: 4.09 / 5.00<br/>Tier: Surveyed<br/>Region: Southeast<br/>Source: 2026 AIN FBO Survey (April 2026)]]></description><Style><IconStyle><scale>0.8</scale><Icon><href>http://maps.google.com/mapfiles/kml/paddle/blu-circle.png</href></Icon></IconStyle><LabelStyle><scale>0.7</scale></LabelStyle></Style><Point><coordinates>-80.040528,32.898639,0</coordinates></Point></Placemark>

<Placemark><name>Atlantic Aviation (KCHS)</name><description><![CDATA[<b>Atlantic Aviation</b><br/>Airport: Charleston Intl (KCHS)<br/>Score: 3.71 / 5.00<br/>Tier: Surveyed<br/>Region: Southeast<br/>Source: 2026 AIN FBO Survey (April 2026)]]></description><Style><IconStyle><scale>0.8</scale><Icon><href>http://maps.google.com/mapfiles/kml/paddle/blu-circle.png</href></Icon></IconStyle><LabelStyle><scale>0.7</scale></LabelStyle></Style><Point><coordinates>-80.040528,32.898639,0</coordinates></Point></Placemark>

<Placemark><name>Fontainebleau Aviation (KOPF)</name><description><![CDATA[<b>Fontainebleau Aviation</b><br/>Airport: Miami-Opa Locka Executive (KOPF)<br/>Score: 4.52 / 5.00<br/>Tier: Surveyed<br/>Region: Southeast<br/>Source: 2026 AIN FBO Survey (April 2026)]]></description><Style><IconStyle><scale>0.8</scale><Icon><href>http://maps.google.com/mapfiles/kml/paddle/blu-circle.png</href></Icon></IconStyle><LabelStyle><scale>0.7</scale></LabelStyle></Style><Point><coordinates>-80.278222,25.907417,0</coordinates></Point></Placemark>

<Placemark><name>Atlantic Aviation (KOPF)</name><description><![CDATA[<b>Atlantic Aviation</b><br/>Airport: Miami-Opa Locka Executive (KOPF)<br/>Score: 4.45 / 5.00<br/>Tier: Surveyed<br/>Region: Southeast<br/>Source: 2026 AIN FBO Survey (April 2026)]]></description><Style><IconStyle><scale>0.8</scale><Icon><href>http://maps.google.com/mapfiles/kml/paddle/blu-circle.png</href></Icon></IconStyle><LabelStyle><scale>0.7</scale></LabelStyle></Style><Point><coordinates>-80.278222,25.907417,0</coordinates></Point></Placemark>

<Placemark><name>Signature Aviation (KMIA)</name><description><![CDATA[<b>Signature Aviation</b><br/>Airport: Miami Intl (KMIA)<br/>Score: 4.31 / 5.00<br/>Tier: Surveyed<br/>Region: Southeast<br/>Source: 2026 AIN FBO Survey (April 2026)]]></description><Style><IconStyle><scale>0.8</scale><Icon><href>http://maps.google.com/mapfiles/kml/paddle/blu-circle.png</href></Icon></IconStyle><LabelStyle><scale>0.7</scale></LabelStyle></Style><Point><coordinates>-80.290116,25.795361,0</coordinates></Point></Placemark>

<Placemark><name>Reliance Aviation (KTMB)</name><description><![CDATA[<b>Reliance Aviation</b><br/>Airport: Kendall-Tamiami Executive (KTMB)<br/>Score: 3.80 / 5.00<br/>Tier: Surveyed<br/>Region: Southeast<br/>Source: 2026 AIN FBO Survey (April 2026)]]></description><Style><IconStyle><scale>0.8</scale><Icon><href>http://maps.google.com/mapfiles/kml/paddle/blu-circle.png</href></Icon></IconStyle><LabelStyle><scale>0.7</scale></LabelStyle></Style><Point><coordinates>-80.433225,25.647564,0</coordinates></Point></Placemark>

<Placemark><name>Signature Aviation (KBCT)</name><description><![CDATA[<b>Signature Aviation</b><br/>Airport: Boca Raton (KBCT)<br/>Score: 3.83 / 5.00<br/>Tier: Surveyed<br/>Region: Southeast<br/>Source: 2026 AIN FBO Survey (April 2026)]]></description><Style><IconStyle><scale>0.8</scale><Icon><href>http://maps.google.com/mapfiles/kml/paddle/blu-circle.png</href></Icon></IconStyle><LabelStyle><scale>0.7</scale></LabelStyle></Style><Point><coordinates>-80.107696,26.378486,0</coordinates></Point></Placemark>

<Placemark><name>Atlantic Aviation (KBCT)</name><description><![CDATA[<b>Atlantic Aviation</b><br/>Airport: Boca Raton (KBCT)<br/>Score: 3.78 / 5.00<br/>Tier: Surveyed<br/>Region: Southeast<br/>Source: 2026 AIN FBO Survey (April 2026)]]></description><Style><IconStyle><scale>0.8</scale><Icon><href>http://maps.google.com/mapfiles/kml/paddle/blu-circle.png</href></Icon></IconStyle><LabelStyle><scale>0.7</scale></LabelStyle></Style><Point><coordinates>-80.107696,26.378486,0</coordinates></Point></Placemark>

<Placemark><name>Sheltair (KECP)</name><description><![CDATA[<b>Sheltair</b><br/>Airport: Northwest Florida Beaches Intl (KECP)<br/>Score: 4.50 / 5.00<br/>Tier: Surveyed<br/>Region: Southeast<br/>Source: 2026 AIN FBO Survey (April 2026)]]></description><Style><IconStyle><scale>0.8</scale><Icon><href>http://maps.google.com/mapfiles/kml/paddle/blu-circle.png</href></Icon></IconStyle><LabelStyle><scale>0.7</scale></LabelStyle></Style><Point><coordinates>-85.795602,30.358241,0</coordinates></Point></Placemark>

<Placemark><name>Atlantic Aviation (KDTS)</name><description><![CDATA[<b>Atlantic Aviation</b><br/>Airport: Destin-Fort Walton Beach (KDTS)<br/>Score: 4.40 / 5.00<br/>Tier: Surveyed<br/>Region: Southeast<br/>Source: 2026 AIN FBO Survey (April 2026)]]></description><Style><IconStyle><scale>0.8</scale><Icon><href>http://maps.google.com/mapfiles/kml/paddle/blu-circle.png</href></Icon></IconStyle><LabelStyle><scale>0.7</scale></LabelStyle></Style><Point><coordinates>-86.471472,30.400055,0</coordinates></Point></Placemark>

<Placemark><name>Million Air (KTLH)</name><description><![CDATA[<b>Million Air</b><br/>Airport: Tallahassee Intl (KTLH)<br/>Score: 4.34 / 5.00<br/>Tier: Surveyed<br/>Region: Southeast<br/>Source: 2026 AIN FBO Survey (April 2026)]]></description><Style><IconStyle><scale>0.8</scale><Icon><href>http://maps.google.com/mapfiles/kml/paddle/blu-circle.png</href></Icon></IconStyle><LabelStyle><scale>0.7</scale></LabelStyle></Style><Point><coordinates>-84.350869,30.396754,0</coordinates></Point></Placemark>

<Placemark><name>Sheltair (KMLB)</name><description><![CDATA[<b>Sheltair</b><br/>Airport: Melbourne Orlando Intl (KMLB)<br/>Score: 4.58 / 5.00<br/>Tier: Surveyed<br/>Region: Southeast<br/>Source: 2026 AIN FBO Survey (April 2026)]]></description><Style><IconStyle><scale>0.8</scale><Icon><href>http://maps.google.com/mapfiles/kml/paddle/blu-circle.png</href></Icon></IconStyle><LabelStyle><scale>0.7</scale></LabelStyle></Style><Point><coordinates>-80.645250,28.102750,0</coordinates></Point></Placemark>

<Placemark><name>Sheltair (KOCF)</name><description><![CDATA[<b>Sheltair</b><br/>Airport: Ocala Intl (KOCF)<br/>Score: 4.57 / 5.00<br/>Tier: Surveyed<br/>Region: Southeast<br/>Source: 2026 AIN FBO Survey (April 2026)]]></description><Style><IconStyle><scale>0.8</scale><Icon><href>http://maps.google.com/mapfiles/kml/paddle/blu-circle.png</href></Icon></IconStyle><LabelStyle><scale>0.7</scale></LabelStyle></Style><Point><coordinates>-82.224115,29.171877,0</coordinates></Point></Placemark>

<Placemark><name>Atlantic Aviation (KORL)</name><description><![CDATA[<b>Atlantic Aviation</b><br/>Airport: Orlando Executive (KORL)<br/>Score: 4.02 / 5.00<br/>Tier: Surveyed<br/>Region: Southeast<br/>Source: 2026 AIN FBO Survey (April 2026)]]></description><Style><IconStyle><scale>0.8</scale><Icon><href>http://maps.google.com/mapfiles/kml/paddle/blu-circle.png</href></Icon></IconStyle><LabelStyle><scale>0.7</scale></LabelStyle></Style><Point><coordinates>-81.332930,28.545462,0</coordinates></Point></Placemark>

<Placemark><name>Atlantic Aviation (KMCO)</name><description><![CDATA[<b>Atlantic Aviation</b><br/>Airport: Orlando Intl (KMCO)<br/>Score: 3.98 / 5.00<br/>Tier: Surveyed<br/>Region: Southeast<br/>Source: 2026 AIN FBO Survey (April 2026)]]></description><Style><IconStyle><scale>0.8</scale><Icon><href>http://maps.google.com/mapfiles/kml/paddle/blu-circle.png</href></Icon></IconStyle><LabelStyle><scale>0.7</scale></LabelStyle></Style><Point><coordinates>-81.309000,28.429389,0</coordinates></Point></Placemark>

<Placemark><name>Atlantic Aviation (KSRQ)</name><description><![CDATA[<b>Atlantic Aviation</b><br/>Airport: Sarasota Bradenton Intl (KSRQ)<br/>Score: 4.40 / 5.00<br/>Tier: Surveyed<br/>Region: Southeast<br/>Source: 2026 AIN FBO Survey (April 2026)]]></description><Style><IconStyle><scale>0.8</scale><Icon><href>http://maps.google.com/mapfiles/kml/paddle/blu-circle.png</href></Icon></IconStyle><LabelStyle><scale>0.7</scale></LabelStyle></Style><Point><coordinates>-82.554389,27.395444,0</coordinates></Point></Placemark>

<Placemark><name>Velocity FBO (KSSI)</name><description><![CDATA[<b>Velocity FBO</b><br/>Airport: St. Simons Island (KSSI)<br/>Score: 4.17 / 5.00<br/>Tier: Surveyed<br/>Region: Southeast<br/>Source: 2026 AIN FBO Survey (April 2026)]]></description><Style><IconStyle><scale>0.8</scale><Icon><href>http://maps.google.com/mapfiles/kml/paddle/blu-circle.png</href></Icon></IconStyle><LabelStyle><scale>0.7</scale></LabelStyle></Style><Point><coordinates>-81.391060,31.151966,0</coordinates></Point></Placemark>

<Placemark><name>Signature Aviation (KTPA)</name><description><![CDATA[<b>Signature Aviation</b><br/>Airport: Tampa Intl (KTPA)<br/>Score: 3.56 / 5.00<br/>Tier: Surveyed<br/>Region: Southeast<br/>Source: 2026 AIN FBO Survey (April 2026)]]></description><Style><IconStyle><scale>0.8</scale><Icon><href>http://maps.google.com/mapfiles/kml/paddle/blu-circle.png</href></Icon></IconStyle><LabelStyle><scale>0.7</scale></LabelStyle></Style><Point><coordinates>-82.533248,27.975469,0</coordinates></Point></Placemark>

<Placemark><name>Sheltair (KSPG)</name><description><![CDATA[<b>Sheltair</b><br/>Airport: Albert Whitted (KSPG)<br/>Score: 4.39 / 5.00<br/>Tier: Surveyed<br/>Region: Southeast<br/>Source: 2026 AIN FBO Survey (April 2026)]]></description><Style><IconStyle><scale>0.8</scale><Icon><href>http://maps.google.com/mapfiles/kml/paddle/blu-circle.png</href></Icon></IconStyle><LabelStyle><scale>0.7</scale></LabelStyle></Style><Point><coordinates>-82.626940,27.765114,0</coordinates></Point></Placemark>

<Placemark><name>Base Operations at Page Field (KFMY)</name><description><![CDATA[<b>Base Operations at Page Field</b><br/>Airport: Page Field (KFMY)<br/>Score: 4.25 / 5.00<br/>Tier: Surveyed<br/>Region: Southeast<br/>Source: 2026 AIN FBO Survey (April 2026)]]></description><Style><IconStyle><scale>0.8</scale><Icon><href>http://maps.google.com/mapfiles/kml/paddle/blu-circle.png</href></Icon></IconStyle><LabelStyle><scale>0.7</scale></LabelStyle></Style><Point><coordinates>-81.863247,26.586615,0</coordinates></Point></Placemark>

<Placemark><name>PrivateSky Aviation Services (KRSW)</name><description><![CDATA[<b>PrivateSky Aviation Services</b><br/>Airport: Southwest Florida Intl (KRSW)<br/>Score: 4.24 / 5.00<br/>Tier: Surveyed<br/>Region: Southeast<br/>Source: 2026 AIN FBO Survey (April 2026)]]></description><Style><IconStyle><scale>0.8</scale><Icon><href>http://maps.google.com/mapfiles/kml/paddle/blu-circle.png</href></Icon></IconStyle><LabelStyle><scale>0.7</scale></LabelStyle></Style><Point><coordinates>-81.755155,26.536164,0</coordinates></Point></Placemark>

<Placemark><name>Naples Aviation (KAPF)</name><description><![CDATA[<b>Naples Aviation</b><br/>Airport: Naples Municipal (KAPF)<br/>Score: 4.31 / 5.00<br/>Tier: Surveyed<br/>Region: Southeast<br/>Source: 2026 AIN FBO Survey (April 2026)]]></description><Style><IconStyle><scale>0.8</scale><Icon><href>http://maps.google.com/mapfiles/kml/paddle/blu-circle.png</href></Icon></IconStyle><LabelStyle><scale>0.7</scale></LabelStyle></Style><Point><coordinates>-81.775639,26.152441,0</coordinates></Point></Placemark>

<Placemark><name>Million Air (KMTH)</name><description><![CDATA[<b>Million Air</b><br/>Airport: Florida Keys Marathon (KMTH)<br/>Score: 4.14 / 5.00<br/>Tier: Surveyed<br/>Region: Southeast<br/>Source: 2026 AIN FBO Survey (April 2026)]]></description><Style><IconStyle><scale>0.8</scale><Icon><href>http://maps.google.com/mapfiles/kml/paddle/blu-circle.png</href></Icon></IconStyle><LabelStyle><scale>0.7</scale></LabelStyle></Style><Point><coordinates>-81.051416,24.726286,0</coordinates></Point></Placemark>

<Placemark><name>Modern Aviation (KILM)</name><description><![CDATA[<b>Modern Aviation</b><br/>Airport: Wilmington Intl (KILM)<br/>Score: 4.38 / 5.00<br/>Tier: Surveyed<br/>Region: Southeast<br/>Source: 2026 AIN FBO Survey (April 2026)]]></description><Style><IconStyle><scale>0.8</scale><Icon><href>http://maps.google.com/mapfiles/kml/paddle/blu-circle.png</href></Icon></IconStyle><LabelStyle><scale>0.7</scale></LabelStyle></Style><Point><coordinates>-77.902889,34.271139,0</coordinates></Point></Placemark>

<Placemark><name>Atlantic Aviation-Stuart Jet Center (KSUA)</name><description><![CDATA[<b>Atlantic Aviation-Stuart Jet Center</b><br/>Airport: Witham Field (KSUA)<br/>Score: 4.60 / 5.00<br/>Tier: Surveyed<br/>Region: Southeast<br/>Source: 2026 AIN FBO Survey (April 2026)]]></description><Style><IconStyle><scale>0.8</scale><Icon><href>http://maps.google.com/mapfiles/kml/paddle/blu-circle.png</href></Icon></IconStyle><LabelStyle><scale>0.7</scale></LabelStyle></Style><Point><coordinates>-80.221293,27.181699,0</coordinates></Point></Placemark>

<Placemark><name>APP Jet Center (KSUA)</name><description><![CDATA[<b>APP Jet Center</b><br/>Airport: Witham Field (KSUA)<br/>Score: 4.59 / 5.00<br/>Tier: Surveyed<br/>Region: Southeast<br/>Source: 2026 AIN FBO Survey (April 2026)]]></description><Style><IconStyle><scale>0.8</scale><Icon><href>http://maps.google.com/mapfiles/kml/paddle/blu-circle.png</href></Icon></IconStyle><LabelStyle><scale>0.7</scale></LabelStyle></Style><Point><coordinates>-80.221293,27.181699,0</coordinates></Point></Placemark>

<Placemark><name>Atlantic Aviation (KPBI)</name><description><![CDATA[<b>Atlantic Aviation</b><br/>Airport: Palm Beach Intl (KPBI)<br/>Score: 4.39 / 5.00<br/>Tier: Surveyed<br/>Region: Southeast<br/>Source: 2026 AIN FBO Survey (April 2026)]]></description><Style><IconStyle><scale>0.8</scale><Icon><href>http://maps.google.com/mapfiles/kml/paddle/blu-circle.png</href></Icon></IconStyle><LabelStyle><scale>0.7</scale></LabelStyle></Style><Point><coordinates>-80.095592,26.683162,0</coordinates></Point></Placemark>

<Placemark><name>Fontainebleau Aviation (KFLL)</name><description><![CDATA[<b>Fontainebleau Aviation</b><br/>Airport: Fort Lauderdale/Hollywood Intl (KFLL)<br/>Score: 4.31 / 5.00<br/>Tier: Surveyed<br/>Region: Southeast<br/>Source: 2026 AIN FBO Survey (April 2026)]]></description><Style><IconStyle><scale>0.8</scale><Icon><href>http://maps.google.com/mapfiles/kml/paddle/blu-circle.png</href></Icon></IconStyle><LabelStyle><scale>0.7</scale></LabelStyle></Style><Point><coordinates>-80.149694,26.071667,0</coordinates></Point></Placemark>

<Placemark><name>Signature Aviation (KFXE)</name><description><![CDATA[<b>Signature Aviation</b><br/>Airport: Fort Lauderdale Executive (KFXE)<br/>Score: 4.11 / 5.00<br/>Tier: Surveyed<br/>Region: Southeast<br/>Source: 2026 AIN FBO Survey (April 2026)]]></description><Style><IconStyle><scale>0.8</scale><Icon><href>http://maps.google.com/mapfiles/kml/paddle/blu-circle.png</href></Icon></IconStyle><LabelStyle><scale>0.7</scale></LabelStyle></Style><Point><coordinates>-80.170706,26.197279,0</coordinates></Point></Placemark>

<Placemark><name>Million Air (KSAT)</name><description><![CDATA[<b>Million Air</b><br/>Airport: San Antonio Intl (KSAT)<br/>Score: 4.52 / 5.00<br/>Tier: Surveyed<br/>Region: South<br/>Source: 2026 AIN FBO Survey (April 2026)]]></description><Style><IconStyle><scale>0.8</scale><Icon><href>http://maps.google.com/mapfiles/kml/paddle/blu-circle.png</href></Icon></IconStyle><LabelStyle><scale>0.7</scale></LabelStyle></Style><Point><coordinates>-98.469057,29.533958,0</coordinates></Point></Placemark>

<Placemark><name>Signature Aviation (KSAT)</name><description><![CDATA[<b>Signature Aviation</b><br/>Airport: San Antonio Intl (KSAT)<br/>Score: 3.82 / 5.00<br/>Tier: Surveyed<br/>Region: South<br/>Source: 2026 AIN FBO Survey (April 2026)]]></description><Style><IconStyle><scale>0.8</scale><Icon><href>http://maps.google.com/mapfiles/kml/paddle/blu-circle.png</href></Icon></IconStyle><LabelStyle><scale>0.7</scale></LabelStyle></Style><Point><coordinates>-98.469057,29.533958,0</coordinates></Point></Placemark>

<Placemark><name>Atlantic Aviation (KAUS)</name><description><![CDATA[<b>Atlantic Aviation</b><br/>Airport: Austin-Bergstrom Intl (KAUS)<br/>Score: 4.27 / 5.00<br/>Tier: Surveyed<br/>Region: South<br/>Source: 2026 AIN FBO Survey (April 2026)]]></description><Style><IconStyle><scale>0.8</scale><Icon><href>http://maps.google.com/mapfiles/kml/paddle/blu-circle.png</href></Icon></IconStyle><LabelStyle><scale>0.7</scale></LabelStyle></Style><Point><coordinates>-97.669876,30.194527,0</coordinates></Point></Placemark>

<Placemark><name>Corporate Aviation (KDFW)</name><description><![CDATA[<b>Corporate Aviation</b><br/>Airport: Dallas/Fort Worth Intl (KDFW)<br/>Score: 4.06 / 5.00<br/>Tier: Surveyed<br/>Region: South<br/>Source: 2026 AIN FBO Survey (April 2026)]]></description><Style><IconStyle><scale>0.8</scale><Icon><href>http://maps.google.com/mapfiles/kml/paddle/blu-circle.png</href></Icon></IconStyle><LabelStyle><scale>0.7</scale></LabelStyle></Style><Point><coordinates>-97.037695,32.897233,0</coordinates></Point></Placemark>

<Placemark><name>Million Air Dallas (KADS)</name><description><![CDATA[<b>Million Air Dallas</b><br/>Airport: Addison (KADS)<br/>Score: 4.58 / 5.00<br/>Tier: Surveyed<br/>Region: South<br/>Source: 2026 AIN FBO Survey (April 2026)]]></description><Style><IconStyle><scale>0.8</scale><Icon><href>http://maps.google.com/mapfiles/kml/paddle/blu-circle.png</href></Icon></IconStyle><LabelStyle><scale>0.7</scale></LabelStyle></Style><Point><coordinates>-96.836444,32.968556,0</coordinates></Point></Placemark>

<Placemark><name>Sheltair (KDTO)</name><description><![CDATA[<b>Sheltair</b><br/>Airport: Denton Enterprise (KDTO)<br/>Score: 4.53 / 5.00<br/>Tier: Surveyed<br/>Region: South<br/>Source: 2026 AIN FBO Survey (April 2026)]]></description><Style><IconStyle><scale>0.8</scale><Icon><href>http://maps.google.com/mapfiles/kml/paddle/blu-circle.png</href></Icon></IconStyle><LabelStyle><scale>0.7</scale></LabelStyle></Style><Point><coordinates>-97.199097,33.201961,0</coordinates></Point></Placemark>

<Placemark><name>Atlantic Aviation (KELP)</name><description><![CDATA[<b>Atlantic Aviation</b><br/>Airport: El Paso Intl (KELP)<br/>Score: 4.35 / 5.00<br/>Tier: Surveyed<br/>Region: South<br/>Source: 2026 AIN FBO Survey (April 2026)]]></description><Style><IconStyle><scale>0.8</scale><Icon><href>http://maps.google.com/mapfiles/kml/paddle/blu-circle.png</href></Icon></IconStyle><LabelStyle><scale>0.7</scale></LabelStyle></Style><Point><coordinates>-106.376361,31.807333,0</coordinates></Point></Placemark>

<Placemark><name>Wilson Air Center (KHOU)</name><description><![CDATA[<b>Wilson Air Center</b><br/>Airport: William P Hobby (KHOU)<br/>Score: 4.35 / 5.00<br/>Tier: Surveyed<br/>Region: South<br/>Source: 2026 AIN FBO Survey (April 2026)]]></description><Style><IconStyle><scale>0.8</scale><Icon><href>http://maps.google.com/mapfiles/kml/paddle/blu-circle.png</href></Icon></IconStyle><LabelStyle><scale>0.7</scale></LabelStyle></Style><Point><coordinates>-95.277232,29.645800,0</coordinates></Point></Placemark>

<Placemark><name>Henriksen Jet Center (KTME)</name><description><![CDATA[<b>Henriksen Jet Center</b><br/>Airport: Houston Executive (KTME)<br/>Score: 4.76 / 5.00<br/>Tier: Top 5%<br/>Region: South<br/>Source: 2026 AIN FBO Survey (April 2026)]]></description><Style><IconStyle><scale>1.4</scale><Icon><href>http://maps.google.com/mapfiles/kml/paddle/ylw-stars.png</href></Icon></IconStyle><LabelStyle><scale>1.1</scale></LabelStyle></Style><Point><coordinates>-95.897889,29.805028,0</coordinates></Point></Placemark>

<Placemark><name>GlobalSelect (KSGR)</name><description><![CDATA[<b>GlobalSelect</b><br/>Airport: Sugar Land Regional (KSGR)<br/>Score: 4.71 / 5.00<br/>Tier: Top 10%<br/>Region: South<br/>Source: 2026 AIN FBO Survey (April 2026)]]></description><Style><IconStyle><scale>1.2</scale><Icon><href>http://maps.google.com/mapfiles/kml/paddle/orange-circle.png</href></Icon></IconStyle><LabelStyle><scale>0.9</scale></LabelStyle></Style><Point><coordinates>-95.656534,29.622249,0</coordinates></Point></Placemark>

<Placemark><name>Atlantic Aviation (KIAH)</name><description><![CDATA[<b>Atlantic Aviation</b><br/>Airport: George Bush Intercontinental (KIAH)<br/>Score: 3.82 / 5.00<br/>Tier: Surveyed<br/>Region: South<br/>Source: 2026 AIN FBO Survey (April 2026)]]></description><Style><IconStyle><scale>0.8</scale><Icon><href>http://maps.google.com/mapfiles/kml/paddle/blu-circle.png</href></Icon></IconStyle><LabelStyle><scale>0.7</scale></LabelStyle></Style><Point><coordinates>-95.341442,29.984435,0</coordinates></Point></Placemark>

<Placemark><name>Signature Aviation (KLIT)</name><description><![CDATA[<b>Signature Aviation</b><br/>Airport: Little Rock Clinton National (KLIT)<br/>Score: 3.65 / 5.00<br/>Tier: Surveyed<br/>Region: South<br/>Source: 2026 AIN FBO Survey (April 2026)]]></description><Style><IconStyle><scale>0.8</scale><Icon><href>http://maps.google.com/mapfiles/kml/paddle/blu-circle.png</href></Icon></IconStyle><LabelStyle><scale>0.7</scale></LabelStyle></Style><Point><coordinates>-92.224777,34.729441,0</coordinates></Point></Placemark>

<Placemark><name>FlightLine First (KNEW)</name><description><![CDATA[<b>FlightLine First</b><br/>Airport: Lakefront (KNEW)<br/>Score: 4.27 / 5.00<br/>Tier: Surveyed<br/>Region: South<br/>Source: 2026 AIN FBO Survey (April 2026)]]></description><Style><IconStyle><scale>0.8</scale><Icon><href>http://maps.google.com/mapfiles/kml/paddle/blu-circle.png</href></Icon></IconStyle><LabelStyle><scale>0.7</scale></LabelStyle></Style><Point><coordinates>-90.028250,30.042417,0</coordinates></Point></Placemark>

<Placemark><name>Atlantic Aviation (KMSY)</name><description><![CDATA[<b>Atlantic Aviation</b><br/>Airport: Louis Armstrong New Orleans Intl (KMSY)<br/>Score: 3.77 / 5.00<br/>Tier: Surveyed<br/>Region: South<br/>Source: 2026 AIN FBO Survey (April 2026)]]></description><Style><IconStyle><scale>0.8</scale><Icon><href>http://maps.google.com/mapfiles/kml/paddle/blu-circle.png</href></Icon></IconStyle><LabelStyle><scale>0.7</scale></LabelStyle></Style><Point><coordinates>-90.259028,29.993272,0</coordinates></Point></Placemark>

<Placemark><name>Atlantic Aviation (KOKC)</name><description><![CDATA[<b>Atlantic Aviation</b><br/>Airport: Will Rogers World (KOKC)<br/>Score: 4.66 / 5.00<br/>Tier: Top 20%<br/>Region: South<br/>Source: 2026 AIN FBO Survey (April 2026)]]></description><Style><IconStyle><scale>1.0</scale><Icon><href>http://maps.google.com/mapfiles/kml/paddle/ylw-circle.png</href></Icon></IconStyle><LabelStyle><scale>0.8</scale></LabelStyle></Style><Point><coordinates>-97.600766,35.393073,0</coordinates></Point></Placemark>

<Placemark><name>Modern Aviation (KDSM)</name><description><![CDATA[<b>Modern Aviation</b><br/>Airport: Des Moines Intl (KDSM)<br/>Score: 4.45 / 5.00<br/>Tier: Surveyed<br/>Region: Midwest<br/>Source: 2026 AIN FBO Survey (April 2026)]]></description><Style><IconStyle><scale>0.8</scale><Icon><href>http://maps.google.com/mapfiles/kml/paddle/blu-circle.png</href></Icon></IconStyle><LabelStyle><scale>0.7</scale></LabelStyle></Style><Point><coordinates>-93.663072,41.533973,0</coordinates></Point></Placemark>

<Placemark><name>Signature Aviation (KMKC)</name><description><![CDATA[<b>Signature Aviation</b><br/>Airport: Charles B. Wheeler Downtown (KMKC)<br/>Score: 3.83 / 5.00<br/>Tier: Surveyed<br/>Region: Midwest<br/>Source: 2026 AIN FBO Survey (April 2026)]]></description><Style><IconStyle><scale>0.8</scale><Icon><href>http://maps.google.com/mapfiles/kml/paddle/blu-circle.png</href></Icon></IconStyle><LabelStyle><scale>0.7</scale></LabelStyle></Style><Point><coordinates>-94.592823,39.122935,0</coordinates></Point></Placemark>

<Placemark><name>Atlantic Aviation (KLNK)</name><description><![CDATA[<b>Atlantic Aviation</b><br/>Airport: Lincoln (KLNK)<br/>Score: 4.55 / 5.00<br/>Tier: Surveyed<br/>Region: Midwest<br/>Source: 2026 AIN FBO Survey (April 2026)]]></description><Style><IconStyle><scale>0.8</scale><Icon><href>http://maps.google.com/mapfiles/kml/paddle/blu-circle.png</href></Icon></IconStyle><LabelStyle><scale>0.7</scale></LabelStyle></Style><Point><coordinates>-96.759121,40.850891,0</coordinates></Point></Placemark>

<Placemark><name>Duncan Aviation (KLNK)</name><description><![CDATA[<b>Duncan Aviation</b><br/>Airport: Lincoln (KLNK)<br/>Score: 4.29 / 5.00<br/>Tier: Surveyed<br/>Region: Midwest<br/>Source: 2026 AIN FBO Survey (April 2026)]]></description><Style><IconStyle><scale>0.8</scale><Icon><href>http://maps.google.com/mapfiles/kml/paddle/blu-circle.png</href></Icon></IconStyle><LabelStyle><scale>0.7</scale></LabelStyle></Style><Point><coordinates>-96.759121,40.850891,0</coordinates></Point></Placemark>

<Placemark><name>Premier Jet Center (KFCM)</name><description><![CDATA[<b>Premier Jet Center</b><br/>Airport: Flying Cloud (KFCM)<br/>Score: 4.35 / 5.00<br/>Tier: Surveyed<br/>Region: Midwest<br/>Source: 2026 AIN FBO Survey (April 2026)]]></description><Style><IconStyle><scale>0.8</scale><Icon><href>http://maps.google.com/mapfiles/kml/paddle/blu-circle.png</href></Icon></IconStyle><LabelStyle><scale>0.7</scale></LabelStyle></Style><Point><coordinates>-93.458572,44.827507,0</coordinates></Point></Placemark>

<Placemark><name>Signature Aviation (KMSP)</name><description><![CDATA[<b>Signature Aviation</b><br/>Airport: Minneapolis-St. Paul Intl (KMSP)<br/>Score: 4.19 / 5.00<br/>Tier: Surveyed<br/>Region: Midwest<br/>Source: 2026 AIN FBO Survey (April 2026)]]></description><Style><IconStyle><scale>0.8</scale><Icon><href>http://maps.google.com/mapfiles/kml/paddle/blu-circle.png</href></Icon></IconStyle><LabelStyle><scale>0.7</scale></LabelStyle></Style><Point><coordinates>-93.221778,44.881972,0</coordinates></Point></Placemark>

<Placemark><name>Signature Aviation (KRST)</name><description><![CDATA[<b>Signature Aviation</b><br/>Airport: Rochester Intl (KRST)<br/>Score: 4.07 / 5.00<br/>Tier: Surveyed<br/>Region: Midwest<br/>Source: 2026 AIN FBO Survey (April 2026)]]></description><Style><IconStyle><scale>0.8</scale><Icon><href>http://maps.google.com/mapfiles/kml/paddle/blu-circle.png</href></Icon></IconStyle><LabelStyle><scale>0.7</scale></LabelStyle></Style><Point><coordinates>-92.500028,43.908278,0</coordinates></Point></Placemark>

<Placemark><name>St Paul Flight Center (KSTP)</name><description><![CDATA[<b>St Paul Flight Center</b><br/>Airport: St Paul Downtown Holman Fld (KSTP)<br/>Score: 3.94 / 5.00<br/>Tier: Surveyed<br/>Region: Midwest<br/>Source: 2026 AIN FBO Survey (April 2026)]]></description><Style><IconStyle><scale>0.8</scale><Icon><href>http://maps.google.com/mapfiles/kml/paddle/blu-circle.png</href></Icon></IconStyle><LabelStyle><scale>0.7</scale></LabelStyle></Style><Point><coordinates>-93.060354,44.934615,0</coordinates></Point></Placemark>

<Placemark><name>Revv Aviation (KCBF)</name><description><![CDATA[<b>Revv Aviation</b><br/>Airport: Council Bluffs Municipal (KCBF)<br/>Score: 4.36 / 5.00<br/>Tier: Surveyed<br/>Region: Midwest<br/>Source: 2026 AIN FBO Survey (April 2026)]]></description><Style><IconStyle><scale>0.8</scale><Icon><href>http://maps.google.com/mapfiles/kml/paddle/blu-circle.png</href></Icon></IconStyle><LabelStyle><scale>0.7</scale></LabelStyle></Style><Point><coordinates>-95.758639,41.260111,0</coordinates></Point></Placemark>

<Placemark><name>Atlantic Aviation (KOMA)</name><description><![CDATA[<b>Atlantic Aviation</b><br/>Airport: Eppley Airfield (KOMA)<br/>Score: 4.31 / 5.00<br/>Tier: Surveyed<br/>Region: Midwest<br/>Source: 2026 AIN FBO Survey (April 2026)]]></description><Style><IconStyle><scale>0.8</scale><Icon><href>http://maps.google.com/mapfiles/kml/paddle/blu-circle.png</href></Icon></IconStyle><LabelStyle><scale>0.7</scale></LabelStyle></Style><Point><coordinates>-95.894056,41.303167,0</coordinates></Point></Placemark>

<Placemark><name>Million Air (KSUS)</name><description><![CDATA[<b>Million Air</b><br/>Airport: Spirit of St. Louis (KSUS)<br/>Score: 4.55 / 5.00<br/>Tier: Surveyed<br/>Region: Midwest<br/>Source: 2026 AIN FBO Survey (April 2026)]]></description><Style><IconStyle><scale>0.8</scale><Icon><href>http://maps.google.com/mapfiles/kml/paddle/blu-circle.png</href></Icon></IconStyle><LabelStyle><scale>0.7</scale></LabelStyle></Style><Point><coordinates>-90.652047,38.662117,0</coordinates></Point></Placemark>

<Placemark><name>Aero Charter (KSUS)</name><description><![CDATA[<b>Aero Charter</b><br/>Airport: Spirit of St. Louis (KSUS)<br/>Score: 4.18 / 5.00<br/>Tier: Surveyed<br/>Region: Midwest<br/>Source: 2026 AIN FBO Survey (April 2026)]]></description><Style><IconStyle><scale>0.8</scale><Icon><href>http://maps.google.com/mapfiles/kml/paddle/blu-circle.png</href></Icon></IconStyle><LabelStyle><scale>0.7</scale></LabelStyle></Style><Point><coordinates>-90.652047,38.662117,0</coordinates></Point></Placemark>

<Placemark><name>Signature Aviation (KSTL)</name><description><![CDATA[<b>Signature Aviation</b><br/>Airport: St. Louis Lambert Intl (KSTL)<br/>Score: 3.43 / 5.00<br/>Tier: Surveyed<br/>Region: Midwest<br/>Source: 2026 AIN FBO Survey (April 2026)]]></description><Style><IconStyle><scale>0.8</scale><Icon><href>http://maps.google.com/mapfiles/kml/paddle/blu-circle.png</href></Icon></IconStyle><LabelStyle><scale>0.7</scale></LabelStyle></Style><Point><coordinates>-90.370026,38.748698,0</coordinates></Point></Placemark>

<Placemark><name>Yingling Aviation (KICT)</name><description><![CDATA[<b>Yingling Aviation</b><br/>Airport: Wichita Dwight D. Eisenhower National (KICT)<br/>Score: 4.03 / 5.00<br/>Tier: Surveyed<br/>Region: Midwest<br/>Source: 2026 AIN FBO Survey (April 2026)]]></description><Style><IconStyle><scale>0.8</scale><Icon><href>http://maps.google.com/mapfiles/kml/paddle/blu-circle.png</href></Icon></IconStyle><LabelStyle><scale>0.7</scale></LabelStyle></Style><Point><coordinates>-97.433043,37.649952,0</coordinates></Point></Placemark>

<Placemark><name>Signature Aviation (KICT)</name><description><![CDATA[<b>Signature Aviation</b><br/>Airport: Wichita Dwight D. Eisenhower National (KICT)<br/>Score: 3.88 / 5.00<br/>Tier: Surveyed<br/>Region: Midwest<br/>Source: 2026 AIN FBO Survey (April 2026)]]></description><Style><IconStyle><scale>0.8</scale><Icon><href>http://maps.google.com/mapfiles/kml/paddle/blu-circle.png</href></Icon></IconStyle><LabelStyle><scale>0.7</scale></LabelStyle></Style><Point><coordinates>-97.433043,37.649952,0</coordinates></Point></Placemark>

<Placemark><name>Million Air (KALB)</name><description><![CDATA[<b>Million Air</b><br/>Airport: Albany Intl (KALB)<br/>Score: 4.11 / 5.00<br/>Tier: Surveyed<br/>Region: Northeast<br/>Source: 2026 AIN FBO Survey (April 2026)]]></description><Style><IconStyle><scale>0.8</scale><Icon><href>http://maps.google.com/mapfiles/kml/paddle/blu-circle.png</href></Icon></IconStyle><LabelStyle><scale>0.7</scale></LabelStyle></Style><Point><coordinates>-73.801980,42.749116,0</coordinates></Point></Placemark>

<Placemark><name>Signature Aviation (KBWI)</name><description><![CDATA[<b>Signature Aviation</b><br/>Airport: Baltimore/Washington Intl (KBWI)<br/>Score: 3.67 / 5.00<br/>Tier: Surveyed<br/>Region: Northeast<br/>Source: 2026 AIN FBO Survey (April 2026)]]></description><Style><IconStyle><scale>0.8</scale><Icon><href>http://maps.google.com/mapfiles/kml/paddle/blu-circle.png</href></Icon></IconStyle><LabelStyle><scale>0.7</scale></LabelStyle></Style><Point><coordinates>-76.668991,39.175728,0</coordinates></Point></Placemark>

<Placemark><name>Atlantic Aviation (KBED)</name><description><![CDATA[<b>Atlantic Aviation</b><br/>Airport: Laurence G. Hanscom Field (KBED)<br/>Score: 4.33 / 5.00<br/>Tier: Surveyed<br/>Region: Northeast<br/>Source: 2026 AIN FBO Survey (April 2026)]]></description><Style><IconStyle><scale>0.8</scale><Icon><href>http://maps.google.com/mapfiles/kml/paddle/blu-circle.png</href></Icon></IconStyle><LabelStyle><scale>0.7</scale></LabelStyle></Style><Point><coordinates>-71.289000,42.469944,0</coordinates></Point></Placemark>

<Placemark><name>Jet Aviation (KBED)</name><description><![CDATA[<b>Jet Aviation</b><br/>Airport: Laurence G. Hanscom Field (KBED)<br/>Score: 4.32 / 5.00<br/>Tier: Surveyed<br/>Region: Northeast<br/>Source: 2026 AIN FBO Survey (April 2026)]]></description><Style><IconStyle><scale>0.8</scale><Icon><href>http://maps.google.com/mapfiles/kml/paddle/blu-circle.png</href></Icon></IconStyle><LabelStyle><scale>0.7</scale></LabelStyle></Style><Point><coordinates>-71.289000,42.469944,0</coordinates></Point></Placemark>

<Placemark><name>Signature Aviation (KBOS)</name><description><![CDATA[<b>Signature Aviation</b><br/>Airport: Boston Logan Intl (KBOS)<br/>Score: 3.21 / 5.00<br/>Tier: Surveyed<br/>Region: Northeast<br/>Source: 2026 AIN FBO Survey (April 2026)]]></description><Style><IconStyle><scale>0.8</scale><Icon><href>http://maps.google.com/mapfiles/kml/paddle/blu-circle.png</href></Icon></IconStyle><LabelStyle><scale>0.7</scale></LabelStyle></Style><Point><coordinates>-71.006389,42.362944,0</coordinates></Point></Placemark>

<Placemark><name>Signature Aviation (KBDL)</name><description><![CDATA[<b>Signature Aviation</b><br/>Airport: Hartford Bradley Intl (KBDL)<br/>Score: 3.87 / 5.00<br/>Tier: Surveyed<br/>Region: Northeast<br/>Source: 2026 AIN FBO Survey (April 2026)]]></description><Style><IconStyle><scale>0.8</scale><Icon><href>http://maps.google.com/mapfiles/kml/paddle/blu-circle.png</href></Icon></IconStyle><LabelStyle><scale>0.7</scale></LabelStyle></Style><Point><coordinates>-72.684316,41.939032,0</coordinates></Point></Placemark>

<Placemark><name>Modern Aviation (KISP)</name><description><![CDATA[<b>Modern Aviation</b><br/>Airport: Long Island MacArthur (KISP)<br/>Score: 4.60 / 5.00<br/>Tier: Top 20%<br/>Region: Northeast<br/>Source: 2026 AIN FBO Survey (April 2026)]]></description><Style><IconStyle><scale>1.0</scale><Icon><href>http://maps.google.com/mapfiles/kml/paddle/ylw-circle.png</href></Icon></IconStyle><LabelStyle><scale>0.8</scale></LabelStyle></Style><Point><coordinates>-73.100665,40.796136,0</coordinates></Point></Placemark>

<Placemark><name>Modern Aviation (KFOK)</name><description><![CDATA[<b>Modern Aviation</b><br/>Airport: Gabreski (KFOK)<br/>Score: 4.55 / 5.00<br/>Tier: Surveyed<br/>Region: Northeast<br/>Source: 2026 AIN FBO Survey (April 2026)]]></description><Style><IconStyle><scale>0.8</scale><Icon><href>http://maps.google.com/mapfiles/kml/paddle/blu-circle.png</href></Icon></IconStyle><LabelStyle><scale>0.7</scale></LabelStyle></Style><Point><coordinates>-72.631812,40.843619,0</coordinates></Point></Placemark>

<Placemark><name>Modern Aviation (KFRG)</name><description><![CDATA[<b>Modern Aviation</b><br/>Airport: Republic (KFRG)<br/>Score: 4.51 / 5.00<br/>Tier: Surveyed<br/>Region: Northeast<br/>Source: 2026 AIN FBO Survey (April 2026)]]></description><Style><IconStyle><scale>0.8</scale><Icon><href>http://maps.google.com/mapfiles/kml/paddle/blu-circle.png</href></Icon></IconStyle><LabelStyle><scale>0.7</scale></LabelStyle></Style><Point><coordinates>-73.413421,40.729274,0</coordinates></Point></Placemark>

<Placemark><name>Bangor Aviation Services (KBGR)</name><description><![CDATA[<b>Bangor Aviation Services</b><br/>Airport: Bangor Intl (KBGR)<br/>Score: 3.54 / 5.00<br/>Tier: Surveyed<br/>Region: Northeast<br/>Source: 2026 AIN FBO Survey (April 2026)]]></description><Style><IconStyle><scale>0.8</scale><Icon><href>http://maps.google.com/mapfiles/kml/paddle/blu-circle.png</href></Icon></IconStyle><LabelStyle><scale>0.7</scale></LabelStyle></Style><Point><coordinates>-68.828139,44.807444,0</coordinates></Point></Placemark>

<Placemark><name>MAC Jets (KPWM)</name><description><![CDATA[<b>MAC Jets</b><br/>Airport: Portland Intl Jetport (KPWM)<br/>Score: 4.10 / 5.00<br/>Tier: Surveyed<br/>Region: Northeast<br/>Source: 2026 AIN FBO Survey (April 2026)]]></description><Style><IconStyle><scale>0.8</scale><Icon><href>http://maps.google.com/mapfiles/kml/paddle/blu-circle.png</href></Icon></IconStyle><LabelStyle><scale>0.7</scale></LabelStyle></Style><Point><coordinates>-70.308616,43.645643,0</coordinates></Point></Placemark>

<Placemark><name>Jet Aviation (KTEB)</name><description><![CDATA[<b>Jet Aviation</b><br/>Airport: Teterboro (KTEB)<br/>Score: 4.52 / 5.00<br/>Tier: Surveyed<br/>Region: Northeast<br/>Source: 2026 AIN FBO Survey (April 2026)]]></description><Style><IconStyle><scale>0.8</scale><Icon><href>http://maps.google.com/mapfiles/kml/paddle/blu-circle.png</href></Icon></IconStyle><LabelStyle><scale>0.7</scale></LabelStyle></Style><Point><coordinates>-74.060833,40.850102,0</coordinates></Point></Placemark>

<Placemark><name>Modern Aviation (KJFK)</name><description><![CDATA[<b>Modern Aviation</b><br/>Airport: John F. Kennedy Intl (KJFK)<br/>Score: 4.36 / 5.00<br/>Tier: Surveyed<br/>Region: Northeast<br/>Source: 2026 AIN FBO Survey (April 2026)]]></description><Style><IconStyle><scale>0.8</scale><Icon><href>http://maps.google.com/mapfiles/kml/paddle/blu-circle.png</href></Icon></IconStyle><LabelStyle><scale>0.7</scale></LabelStyle></Style><Point><coordinates>-73.778692,40.639928,0</coordinates></Point></Placemark>

<Placemark><name>Modern Aviation (KLGA)</name><description><![CDATA[<b>Modern Aviation</b><br/>Airport: LaGuardia (KLGA)<br/>Score: 4.09 / 5.00<br/>Tier: Surveyed<br/>Region: Northeast<br/>Source: 2026 AIN FBO Survey (April 2026)]]></description><Style><IconStyle><scale>0.8</scale><Icon><href>http://maps.google.com/mapfiles/kml/paddle/blu-circle.png</href></Icon></IconStyle><LabelStyle><scale>0.7</scale></LabelStyle></Style><Point><coordinates>-73.872606,40.777242,0</coordinates></Point></Placemark>

<Placemark><name>Signature Aviation (KEWR)</name><description><![CDATA[<b>Signature Aviation</b><br/>Airport: Newark Liberty Intl (KEWR)<br/>Score: 4.00 / 5.00<br/>Tier: Surveyed<br/>Region: Northeast<br/>Source: 2026 AIN FBO Survey (April 2026)]]></description><Style><IconStyle><scale>0.8</scale><Icon><href>http://maps.google.com/mapfiles/kml/paddle/blu-circle.png</href></Icon></IconStyle><LabelStyle><scale>0.7</scale></LabelStyle></Style><Point><coordinates>-74.168688,40.692481,0</coordinates></Point></Placemark>

<Placemark><name>Signature Aviation (KMMU)</name><description><![CDATA[<b>Signature Aviation</b><br/>Airport: Morristown Municipal (KMMU)<br/>Score: 3.88 / 5.00<br/>Tier: Surveyed<br/>Region: Northeast<br/>Source: 2026 AIN FBO Survey (April 2026)]]></description><Style><IconStyle><scale>0.8</scale><Icon><href>http://maps.google.com/mapfiles/kml/paddle/blu-circle.png</href></Icon></IconStyle><LabelStyle><scale>0.7</scale></LabelStyle></Style><Point><coordinates>-74.414889,40.799338,0</coordinates></Point></Placemark>

<Placemark><name>Signature Aviation (KTTN)</name><description><![CDATA[<b>Signature Aviation</b><br/>Airport: Trenton Mercer (KTTN)<br/>Score: 4.13 / 5.00<br/>Tier: Surveyed<br/>Region: Northeast<br/>Source: 2026 AIN FBO Survey (April 2026)]]></description><Style><IconStyle><scale>0.8</scale><Icon><href>http://maps.google.com/mapfiles/kml/paddle/blu-circle.png</href></Icon></IconStyle><LabelStyle><scale>0.7</scale></LabelStyle></Style><Point><coordinates>-74.813472,40.276694,0</coordinates></Point></Placemark>

<Placemark><name>Atlantic Aviation (KPHL)</name><description><![CDATA[<b>Atlantic Aviation</b><br/>Airport: Philadelphia Intl (KPHL)<br/>Score: 3.63 / 5.00<br/>Tier: Surveyed<br/>Region: Northeast<br/>Source: 2026 AIN FBO Survey (April 2026)]]></description><Style><IconStyle><scale>0.8</scale><Icon><href>http://maps.google.com/mapfiles/kml/paddle/blu-circle.png</href></Icon></IconStyle><LabelStyle><scale>0.7</scale></LabelStyle></Style><Point><coordinates>-75.240663,39.872084,0</coordinates></Point></Placemark>

<Placemark><name>Atlantic Aviation (KPIT)</name><description><![CDATA[<b>Atlantic Aviation</b><br/>Airport: Pittsburgh Intl (KPIT)<br/>Score: 4.57 / 5.00<br/>Tier: Surveyed<br/>Region: Northeast<br/>Source: 2026 AIN FBO Survey (April 2026)]]></description><Style><IconStyle><scale>0.8</scale><Icon><href>http://maps.google.com/mapfiles/kml/paddle/blu-circle.png</href></Icon></IconStyle><LabelStyle><scale>0.7</scale></LabelStyle></Style><Point><coordinates>-80.232694,40.491417,0</coordinates></Point></Placemark>

<Placemark><name>Atlantic Aviation (KAGC)</name><description><![CDATA[<b>Atlantic Aviation</b><br/>Airport: Allegheny County (KAGC)<br/>Score: 4.18 / 5.00<br/>Tier: Surveyed<br/>Region: Northeast<br/>Source: 2026 AIN FBO Survey (April 2026)]]></description><Style><IconStyle><scale>0.8</scale><Icon><href>http://maps.google.com/mapfiles/kml/paddle/blu-circle.png</href></Icon></IconStyle><LabelStyle><scale>0.7</scale></LabelStyle></Style><Point><coordinates>-79.929047,40.354438,0</coordinates></Point></Placemark>

<Placemark><name>Port City Air (KPSM)</name><description><![CDATA[<b>Port City Air</b><br/>Airport: Portsmouth Intl (KPSM)<br/>Score: 4.08 / 5.00<br/>Tier: Surveyed<br/>Region: Northeast<br/>Source: 2026 AIN FBO Survey (April 2026)]]></description><Style><IconStyle><scale>0.8</scale><Icon><href>http://maps.google.com/mapfiles/kml/paddle/blu-circle.png</href></Icon></IconStyle><LabelStyle><scale>0.7</scale></LabelStyle></Style><Point><coordinates>-70.823278,43.077944,0</coordinates></Point></Placemark>

<Placemark><name>Million Air (KRIC)</name><description><![CDATA[<b>Million Air</b><br/>Airport: Richmond Intl (KRIC)<br/>Score: 4.36 / 5.00<br/>Tier: Surveyed<br/>Region: Northeast<br/>Source: 2026 AIN FBO Survey (April 2026)]]></description><Style><IconStyle><scale>0.8</scale><Icon><href>http://maps.google.com/mapfiles/kml/paddle/blu-circle.png</href></Icon></IconStyle><LabelStyle><scale>0.7</scale></LabelStyle></Style><Point><coordinates>-77.319739,37.505181,0</coordinates></Point></Placemark>

<Placemark><name>APP Jet Center (KHEF)</name><description><![CDATA[<b>APP Jet Center</b><br/>Airport: Manassas Regional (KHEF)<br/>Score: 4.36 / 5.00<br/>Tier: Surveyed<br/>Region: Northeast<br/>Source: 2026 AIN FBO Survey (April 2026)]]></description><Style><IconStyle><scale>0.8</scale><Icon><href>http://maps.google.com/mapfiles/kml/paddle/blu-circle.png</href></Icon></IconStyle><LabelStyle><scale>0.7</scale></LabelStyle></Style><Point><coordinates>-77.515105,38.721025,0</coordinates></Point></Placemark>

<Placemark><name>Jet Aviation (KIAD)</name><description><![CDATA[<b>Jet Aviation</b><br/>Airport: Washington Dulles Intl (KIAD)<br/>Score: 4.33 / 5.00<br/>Tier: Surveyed<br/>Region: Northeast<br/>Source: 2026 AIN FBO Survey (April 2026)]]></description><Style><IconStyle><scale>0.8</scale><Icon><href>http://maps.google.com/mapfiles/kml/paddle/blu-circle.png</href></Icon></IconStyle><LabelStyle><scale>0.7</scale></LabelStyle></Style><Point><coordinates>-77.459929,38.947456,0</coordinates></Point></Placemark>

<Placemark><name>Signature Aviation (KDCA)</name><description><![CDATA[<b>Signature Aviation</b><br/>Airport: Ronald Reagan Washington National (KDCA)<br/>Score: 3.98 / 5.00<br/>Tier: Surveyed<br/>Region: Northeast<br/>Source: 2026 AIN FBO Survey (April 2026)]]></description><Style><IconStyle><scale>0.8</scale><Icon><href>http://maps.google.com/mapfiles/kml/paddle/blu-circle.png</href></Icon></IconStyle><LabelStyle><scale>0.7</scale></LabelStyle></Style><Point><coordinates>-77.037721,38.851440,0</coordinates></Point></Placemark>

<Placemark><name>Cutter Aviation (KABQ)</name><description><![CDATA[<b>Cutter Aviation</b><br/>Airport: Albuquerque Intl Sunport (KABQ)<br/>Score: 4.56 / 5.00<br/>Tier: Surveyed<br/>Region: Rocky Mountain<br/>Source: 2026 AIN FBO Survey (April 2026)]]></description><Style><IconStyle><scale>0.8</scale><Icon><href>http://maps.google.com/mapfiles/kml/paddle/blu-circle.png</href></Icon></IconStyle><LabelStyle><scale>0.7</scale></LabelStyle></Style><Point><coordinates>-106.608262,35.038932,0</coordinates></Point></Placemark>

<Placemark><name>Jet Aviation (KBZN)</name><description><![CDATA[<b>Jet Aviation</b><br/>Airport: Bozeman Yellowstone Intl (KBZN)<br/>Score: 4.36 / 5.00<br/>Tier: Surveyed<br/>Region: Rocky Mountain<br/>Source: 2026 AIN FBO Survey (April 2026)]]></description><Style><IconStyle><scale>0.8</scale><Icon><href>http://maps.google.com/mapfiles/kml/paddle/blu-circle.png</href></Icon></IconStyle><LabelStyle><scale>0.7</scale></LabelStyle></Style><Point><coordinates>-111.150260,45.777236,0</coordinates></Point></Placemark>

<Placemark><name>JetCenter by Signature (KBZN)</name><description><![CDATA[<b>JetCenter by Signature</b><br/>Airport: Bozeman Yellowstone Intl (KBZN)<br/>Score: 4.02 / 5.00<br/>Tier: Surveyed<br/>Region: Rocky Mountain<br/>Source: 2026 AIN FBO Survey (April 2026)]]></description><Style><IconStyle><scale>0.8</scale><Icon><href>http://maps.google.com/mapfiles/kml/paddle/blu-circle.png</href></Icon></IconStyle><LabelStyle><scale>0.7</scale></LabelStyle></Style><Point><coordinates>-111.150260,45.777236,0</coordinates></Point></Placemark>

<Placemark><name>Atlantic Aviation (KMTJ)</name><description><![CDATA[<b>Atlantic Aviation</b><br/>Airport: Montrose Regional (KMTJ)<br/>Score: 4.63 / 5.00<br/>Tier: Top 20%<br/>Region: Rocky Mountain<br/>Source: 2026 AIN FBO Survey (April 2026)]]></description><Style><IconStyle><scale>1.0</scale><Icon><href>http://maps.google.com/mapfiles/kml/paddle/ylw-circle.png</href></Icon></IconStyle><LabelStyle><scale>0.8</scale></LabelStyle></Style><Point><coordinates>-107.894250,38.509806,0</coordinates></Point></Placemark>

<Placemark><name>Atlantic Aviation (KRIL)</name><description><![CDATA[<b>Atlantic Aviation</b><br/>Airport: Garfield County Regional (KRIL)<br/>Score: 4.32 / 5.00<br/>Tier: Surveyed<br/>Region: Rocky Mountain<br/>Source: 2026 AIN FBO Survey (April 2026)]]></description><Style><IconStyle><scale>0.8</scale><Icon><href>http://maps.google.com/mapfiles/kml/paddle/blu-circle.png</href></Icon></IconStyle><LabelStyle><scale>0.7</scale></LabelStyle></Style><Point><coordinates>-107.727987,39.526607,0</coordinates></Point></Placemark>

<Placemark><name>Atlantic Aviation (KASE)</name><description><![CDATA[<b>Atlantic Aviation</b><br/>Airport: Aspen Pitkin County (KASE)<br/>Score: 4.15 / 5.00<br/>Tier: Surveyed<br/>Region: Rocky Mountain<br/>Source: 2026 AIN FBO Survey (April 2026)]]></description><Style><IconStyle><scale>0.8</scale><Icon><href>http://maps.google.com/mapfiles/kml/paddle/blu-circle.png</href></Icon></IconStyle><LabelStyle><scale>0.7</scale></LabelStyle></Style><Point><coordinates>-106.868233,39.221878,0</coordinates></Point></Placemark>

<Placemark><name>Vail Valley Jet Center (KEGE)</name><description><![CDATA[<b>Vail Valley Jet Center</b><br/>Airport: Eagle County Regional (KEGE)<br/>Score: 4.10 / 5.00<br/>Tier: Surveyed<br/>Region: Rocky Mountain<br/>Source: 2026 AIN FBO Survey (April 2026)]]></description><Style><IconStyle><scale>0.8</scale><Icon><href>http://maps.google.com/mapfiles/kml/paddle/blu-circle.png</href></Icon></IconStyle><LabelStyle><scale>0.7</scale></LabelStyle></Style><Point><coordinates>-106.915944,39.642750,0</coordinates></Point></Placemark>

<Placemark><name>Telluride Regional Airport (KTEX)</name><description><![CDATA[<b>Telluride Regional Airport</b><br/>Airport: Telluride Regional (KTEX)<br/>Score: 3.80 / 5.00<br/>Tier: Surveyed<br/>Region: Rocky Mountain<br/>Source: 2026 AIN FBO Survey (April 2026)]]></description><Style><IconStyle><scale>0.8</scale><Icon><href>http://maps.google.com/mapfiles/kml/paddle/blu-circle.png</href></Icon></IconStyle><LabelStyle><scale>0.7</scale></LabelStyle></Style><Point><coordinates>-107.908750,37.953806,0</coordinates></Point></Placemark>

<Placemark><name>JetCenters of Colorado (KCOS)</name><description><![CDATA[<b>JetCenters of Colorado</b><br/>Airport: City of Colorado Springs Municipal (KCOS)<br/>Score: 4.03 / 5.00<br/>Tier: Surveyed<br/>Region: Rocky Mountain<br/>Source: 2026 AIN FBO Survey (April 2026)]]></description><Style><IconStyle><scale>0.8</scale><Icon><href>http://maps.google.com/mapfiles/kml/paddle/blu-circle.png</href></Icon></IconStyle><LabelStyle><scale>0.7</scale></LabelStyle></Style><Point><coordinates>-104.700776,38.805817,0</coordinates></Point></Placemark>

<Placemark><name>Sheltair Rocky Mountain (KBJC)</name><description><![CDATA[<b>Sheltair Rocky Mountain</b><br/>Airport: Rocky Mountain Metropolitan (KBJC)<br/>Score: 4.70 / 5.00<br/>Tier: Top 10%<br/>Region: Rocky Mountain<br/>Source: 2026 AIN FBO Survey (April 2026)]]></description><Style><IconStyle><scale>1.2</scale><Icon><href>http://maps.google.com/mapfiles/kml/paddle/orange-circle.png</href></Icon></IconStyle><LabelStyle><scale>0.9</scale></LabelStyle></Style><Point><coordinates>-105.117194,39.908806,0</coordinates></Point></Placemark>

<Placemark><name>JetCenters of Colorado (KAPA)</name><description><![CDATA[<b>JetCenters of Colorado</b><br/>Airport: Centennial (KAPA)<br/>Score: 4.52 / 5.00<br/>Tier: Surveyed<br/>Region: Rocky Mountain<br/>Source: 2026 AIN FBO Survey (April 2026)]]></description><Style><IconStyle><scale>0.8</scale><Icon><href>http://maps.google.com/mapfiles/kml/paddle/blu-circle.png</href></Icon></IconStyle><LabelStyle><scale>0.7</scale></LabelStyle></Style><Point><coordinates>-104.849293,39.570119,0</coordinates></Point></Placemark>

<Placemark><name>Signature Aviation (KDEN)</name><description><![CDATA[<b>Signature Aviation</b><br/>Airport: Denver Intl (KDEN)<br/>Score: 4.02 / 5.00<br/>Tier: Surveyed<br/>Region: Rocky Mountain<br/>Source: 2026 AIN FBO Survey (April 2026)]]></description><Style><IconStyle><scale>0.8</scale><Icon><href>http://maps.google.com/mapfiles/kml/paddle/blu-circle.png</href></Icon></IconStyle><LabelStyle><scale>0.7</scale></LabelStyle></Style><Point><coordinates>-104.673167,39.861667,0</coordinates></Point></Placemark>

<Placemark><name>JetCenters of Colorado (KFNL)</name><description><![CDATA[<b>JetCenters of Colorado</b><br/>Airport: Northern Colorado Regional (KFNL)<br/>Score: 3.65 / 5.00<br/>Tier: Surveyed<br/>Region: Rocky Mountain<br/>Source: 2026 AIN FBO Survey (April 2026)]]></description><Style><IconStyle><scale>0.8</scale><Icon><href>http://maps.google.com/mapfiles/kml/paddle/blu-circle.png</href></Icon></IconStyle><LabelStyle><scale>0.7</scale></LabelStyle></Style><Point><coordinates>-105.011326,40.451816,0</coordinates></Point></Placemark>

<Placemark><name>West Star Aviation (KGJT)</name><description><![CDATA[<b>West Star Aviation</b><br/>Airport: Grand Junction Regional (KGJT)<br/>Score: 4.54 / 5.00<br/>Tier: Surveyed<br/>Region: Rocky Mountain<br/>Source: 2026 AIN FBO Survey (April 2026)]]></description><Style><IconStyle><scale>0.8</scale><Icon><href>http://maps.google.com/mapfiles/kml/paddle/blu-circle.png</href></Icon></IconStyle><LabelStyle><scale>0.7</scale></LabelStyle></Style><Point><coordinates>-108.525486,39.121499,0</coordinates></Point></Placemark>

<Placemark><name>Western Aircraft (KBOI)</name><description><![CDATA[<b>Western Aircraft</b><br/>Airport: Boise Airport (KBOI)<br/>Score: 4.55 / 5.00<br/>Tier: Surveyed<br/>Region: Rocky Mountain<br/>Source: 2026 AIN FBO Survey (April 2026)]]></description><Style><IconStyle><scale>0.8</scale><Icon><href>http://maps.google.com/mapfiles/kml/paddle/blu-circle.png</href></Icon></IconStyle><LabelStyle><scale>0.7</scale></LabelStyle></Style><Point><coordinates>-116.222861,43.564361,0</coordinates></Point></Placemark>

<Placemark><name>Jackson Jet Center (KBOI)</name><description><![CDATA[<b>Jackson Jet Center</b><br/>Airport: Boise Airport (KBOI)<br/>Score: 4.41 / 5.00<br/>Tier: Surveyed<br/>Region: Rocky Mountain<br/>Source: 2026 AIN FBO Survey (April 2026)]]></description><Style><IconStyle><scale>0.8</scale><Icon><href>http://maps.google.com/mapfiles/kml/paddle/blu-circle.png</href></Icon></IconStyle><LabelStyle><scale>0.7</scale></LabelStyle></Style><Point><coordinates>-116.222861,43.564361,0</coordinates></Point></Placemark>

<Placemark><name>Jackson Jet Center (KPHX)</name><description><![CDATA[<b>Jackson Jet Center</b><br/>Airport: Phoenix Sky Harbor Intl (KPHX)<br/>Score: 4.57 / 5.00<br/>Tier: Surveyed<br/>Region: Rocky Mountain<br/>Source: 2026 AIN FBO Survey (April 2026)]]></description><Style><IconStyle><scale>0.8</scale><Icon><href>http://maps.google.com/mapfiles/kml/paddle/blu-circle.png</href></Icon></IconStyle><LabelStyle><scale>0.7</scale></LabelStyle></Style><Point><coordinates>-112.011583,33.434278,0</coordinates></Point></Placemark>

<Placemark><name>Cutter Aviation (KDVT)</name><description><![CDATA[<b>Cutter Aviation</b><br/>Airport: Phoenix Deer Valley (KDVT)<br/>Score: 4.48 / 5.00<br/>Tier: Surveyed<br/>Region: Rocky Mountain<br/>Source: 2026 AIN FBO Survey (April 2026)]]></description><Style><IconStyle><scale>0.8</scale><Icon><href>http://maps.google.com/mapfiles/kml/paddle/blu-circle.png</href></Icon></IconStyle><LabelStyle><scale>0.7</scale></LabelStyle></Style><Point><coordinates>-112.082556,33.688306,0</coordinates></Point></Placemark>

<Placemark><name>Atlantic Aviation (KSDL)</name><description><![CDATA[<b>Atlantic Aviation</b><br/>Airport: Scottsdale (KSDL)<br/>Score: 4.28 / 5.00<br/>Tier: Surveyed<br/>Region: Rocky Mountain<br/>Source: 2026 AIN FBO Survey (April 2026)]]></description><Style><IconStyle><scale>0.8</scale><Icon><href>http://maps.google.com/mapfiles/kml/paddle/blu-circle.png</href></Icon></IconStyle><LabelStyle><scale>0.7</scale></LabelStyle></Style><Point><coordinates>-111.910528,33.622889,0</coordinates></Point></Placemark>

<Placemark><name>Gateway Aviation Services (KIWA)</name><description><![CDATA[<b>Gateway Aviation Services</b><br/>Airport: Phoenix-Mesa Gateway (KIWA)<br/>Score: 4.24 / 5.00<br/>Tier: Surveyed<br/>Region: Rocky Mountain<br/>Source: 2026 AIN FBO Survey (April 2026)]]></description><Style><IconStyle><scale>0.8</scale><Icon><href>http://maps.google.com/mapfiles/kml/paddle/blu-circle.png</href></Icon></IconStyle><LabelStyle><scale>0.7</scale></LabelStyle></Style><Point><coordinates>-111.655459,33.307824,0</coordinates></Point></Placemark>

<Placemark><name>Signature Aviation (KSDL)</name><description><![CDATA[<b>Signature Aviation</b><br/>Airport: Scottsdale (KSDL)<br/>Score: 4.22 / 5.00<br/>Tier: Surveyed<br/>Region: Rocky Mountain<br/>Source: 2026 AIN FBO Survey (April 2026)]]></description><Style><IconStyle><scale>0.8</scale><Icon><href>http://maps.google.com/mapfiles/kml/paddle/blu-circle.png</href></Icon></IconStyle><LabelStyle><scale>0.7</scale></LabelStyle></Style><Point><coordinates>-111.910528,33.622889,0</coordinates></Point></Placemark>

<Placemark><name>Flower Aviation (KPUB)</name><description><![CDATA[<b>Flower Aviation</b><br/>Airport: Pueblo Memorial (KPUB)<br/>Score: 4.52 / 5.00<br/>Tier: Surveyed<br/>Region: Rocky Mountain<br/>Source: 2026 AIN FBO Survey (April 2026)]]></description><Style><IconStyle><scale>0.8</scale><Icon><href>http://maps.google.com/mapfiles/kml/paddle/blu-circle.png</href></Icon></IconStyle><LabelStyle><scale>0.7</scale></LabelStyle></Style><Point><coordinates>-104.498028,38.289947,0</coordinates></Point></Placemark>

<Placemark><name>Atlantic Aviation (KSUN)</name><description><![CDATA[<b>Atlantic Aviation</b><br/>Airport: Friedman Memorial (KSUN)<br/>Score: 4.57 / 5.00<br/>Tier: Surveyed<br/>Region: Rocky Mountain<br/>Source: 2026 AIN FBO Survey (April 2026)]]></description><Style><IconStyle><scale>0.8</scale><Icon><href>http://maps.google.com/mapfiles/kml/paddle/blu-circle.png</href></Icon></IconStyle><LabelStyle><scale>0.7</scale></LabelStyle></Style><Point><coordinates>-114.295558,43.503781,0</coordinates></Point></Placemark>

<Placemark><name>Modern Aviation (KMHR)</name><description><![CDATA[<b>Modern Aviation</b><br/>Airport: Sacramento Mather (KMHR)<br/>Score: 3.84 / 5.00<br/>Tier: Surveyed<br/>Region: West<br/>Source: 2026 AIN FBO Survey (April 2026)]]></description><Style><IconStyle><scale>0.8</scale><Icon><href>http://maps.google.com/mapfiles/kml/paddle/blu-circle.png</href></Icon></IconStyle><LabelStyle><scale>0.7</scale></LabelStyle></Style><Point><coordinates>-121.297211,38.555311,0</coordinates></Point></Placemark>

<Placemark><name>Edwards Jet Center (KBIL)</name><description><![CDATA[<b>Edwards Jet Center</b><br/>Airport: Billings Logan Intl (KBIL)<br/>Score: 3.93 / 5.00<br/>Tier: Surveyed<br/>Region: Rocky Mountain<br/>Source: 2026 AIN FBO Survey (April 2026)]]></description><Style><IconStyle><scale>0.8</scale><Icon><href>http://maps.google.com/mapfiles/kml/paddle/blu-circle.png</href></Icon></IconStyle><LabelStyle><scale>0.7</scale></LabelStyle></Style><Point><coordinates>-108.543544,45.807849,0</coordinates></Point></Placemark>

<Placemark><name>Skyservice (CYVR)</name><description><![CDATA[<b>Skyservice</b><br/>Airport: Vancouver Intl (CYVR)<br/>Score: 4.46 / 5.00<br/>Tier: Surveyed<br/>Region: Canada<br/>Source: 2026 AIN FBO Survey (April 2026)]]></description><Style><IconStyle><scale>0.8</scale><Icon><href>http://maps.google.com/mapfiles/kml/paddle/blu-circle.png</href></Icon></IconStyle><LabelStyle><scale>0.7</scale></LabelStyle></Style><Point><coordinates>-123.184000,49.193900,0</coordinates></Point></Placemark>

<Placemark><name>Skyservice (CYYZ)</name><description><![CDATA[<b>Skyservice</b><br/>Airport: Lester B. Pearson Intl (CYYZ)<br/>Score: 4.61 / 5.00<br/>Tier: Top 20%<br/>Region: Canada<br/>Source: 2026 AIN FBO Survey (April 2026)]]></description><Style><IconStyle><scale>1.0</scale><Icon><href>http://maps.google.com/mapfiles/kml/paddle/ylw-circle.png</href></Icon></IconStyle><LabelStyle><scale>0.8</scale></LabelStyle></Style><Point><coordinates>-79.630600,43.677200,0</coordinates></Point></Placemark>

<Placemark><name>Skyservice (CYUL)</name><description><![CDATA[<b>Skyservice</b><br/>Airport: Pierre Elliott Trudeau Intl (CYUL)<br/>Score: 3.97 / 5.00<br/>Tier: Surveyed<br/>Region: Canada<br/>Source: 2026 AIN FBO Survey (April 2026)]]></description><Style><IconStyle><scale>0.8</scale><Icon><href>http://maps.google.com/mapfiles/kml/paddle/blu-circle.png</href></Icon></IconStyle><LabelStyle><scale>0.7</scale></LabelStyle></Style><Point><coordinates>-73.740800,45.470600,0</coordinates></Point></Placemark>

<Placemark><name>Skyservice (CYYC)</name><description><![CDATA[<b>Skyservice</b><br/>Airport: Calgary Intl (CYYC)<br/>Score: 4.02 / 5.00<br/>Tier: Surveyed<br/>Region: Canada<br/>Source: 2026 AIN FBO Survey (April 2026)]]></description><Style><IconStyle><scale>0.8</scale><Icon><href>http://maps.google.com/mapfiles/kml/paddle/blu-circle.png</href></Icon></IconStyle><LabelStyle><scale>0.7</scale></LabelStyle></Style><Point><coordinates>-114.020000,51.113900,0</coordinates></Point></Placemark>

<Placemark><name>Odyssey Aviation (MYNN)</name><description><![CDATA[<b>Odyssey Aviation</b><br/>Airport: Nassau/Lynden Pindling Intl (MYNN)<br/>Score: 4.44 / 5.00<br/>Tier: Surveyed<br/>Region: Caribbean<br/>Source: 2026 AIN FBO Survey (April 2026)]]></description><Style><IconStyle><scale>0.8</scale><Icon><href>http://maps.google.com/mapfiles/kml/paddle/blu-circle.png</href></Icon></IconStyle><LabelStyle><scale>0.7</scale></LabelStyle></Style><Point><coordinates>-77.466200,25.039000,0</coordinates></Point></Placemark>

<Placemark><name>Jet Nassau (MYNN)</name><description><![CDATA[<b>Jet Nassau</b><br/>Airport: Nassau/Lynden Pindling Intl (MYNN)<br/>Score: 4.18 / 5.00<br/>Tier: Surveyed<br/>Region: Caribbean<br/>Source: 2026 AIN FBO Survey (April 2026)]]></description><Style><IconStyle><scale>0.8</scale><Icon><href>http://maps.google.com/mapfiles/kml/paddle/blu-circle.png</href></Icon></IconStyle><LabelStyle><scale>0.7</scale></LabelStyle></Style><Point><coordinates>-77.466200,25.039000,0</coordinates></Point></Placemark>

<Placemark><name>Embraer FBO (SDCO)</name><description><![CDATA[<b>Embraer FBO</b><br/>Airport: Sao Paulo Sao Carlos (SDCO)<br/>Score: 4.45 / 5.00<br/>Tier: Surveyed<br/>Region: Brazil<br/>Source: 2026 AIN FBO Survey (April 2026)]]></description><Style><IconStyle><scale>0.8</scale><Icon><href>http://maps.google.com/mapfiles/kml/paddle/blu-circle.png</href></Icon></IconStyle><LabelStyle><scale>0.7</scale></LabelStyle></Style><Point><coordinates>-47.490000,-23.478000,0</coordinates></Point></Placemark>

<Placemark><name>World-Way Aviation (SDCO)</name><description><![CDATA[<b>World-Way Aviation</b><br/>Airport: Sao Paulo Sao Carlos (SDCO)<br/>Score: 4.10 / 5.00<br/>Tier: Surveyed<br/>Region: Brazil<br/>Source: 2026 AIN FBO Survey (April 2026)]]></description><Style><IconStyle><scale>0.8</scale><Icon><href>http://maps.google.com/mapfiles/kml/paddle/blu-circle.png</href></Icon></IconStyle><LabelStyle><scale>0.7</scale></LabelStyle></Style><Point><coordinates>-47.490000,-23.478000,0</coordinates></Point></Placemark>

<Placemark><name>Lider Aviacao (SBSP)</name><description><![CDATA[<b>Lider Aviacao</b><br/>Airport: Sao Paulo Congonhas (SBSP)<br/>Score: 3.73 / 5.00<br/>Tier: Surveyed<br/>Region: Brazil<br/>Source: 2026 AIN FBO Survey (April 2026)]]></description><Style><IconStyle><scale>0.8</scale><Icon><href>http://maps.google.com/mapfiles/kml/paddle/blu-circle.png</href></Icon></IconStyle><LabelStyle><scale>0.7</scale></LabelStyle></Style><Point><coordinates>-46.656390,-23.626110,0</coordinates></Point></Placemark>

</Document>
</kml>