<?xml version="1.0" encoding="UTF-8"?>
<kml xmlns="http://www.opengis.net/kml/2.2">
  <Document>
    <name>Ski Resorts</name>
    <description>US ski resorts color-coded by vertical drop. Gold = 3,000+ ft, Orange = 1,500-2,999 ft, Yellow = 500-1,499 ft, Blue = under 500 ft.</description>
  <Placemark>
    <name>Bolton Valley (Vermont)</name>
    <Style>
      <IconStyle>
        <scale>1.1</scale>
        <Icon><href>http://maps.google.com/mapfiles/kml/paddle/orange-circle.png</href></Icon>
      </IconStyle>
    </Style>
    <description><![CDATA[<b>Bolton Valley</b><br/><b>State:</b> Vermont<br/><b>Tier:</b> Major Resort (1,500-2,999 ft vertical)<br/><br/><b>Vertical Drop:</b> 1,704 ft<br/><b>Summit Elevation:</b> 3,150 ft MSL<br/><b>Base Elevation:</b> 2,100 ft MSL<br/><br/><b>Trails:</b> 71<br/><b>Lifts:</b> 6<br/><b>Skiable Acreage:</b> 300 acres<br/><b>Avg Annual Snowfall:</b> 312 in<br/><br/><b>Nearest Airports:</b> 07VT (3.6 mi), VT72 (8.4 mi), VT45 (9.3 mi)]]></description>
    <Point>
      <coordinates>-72.8546535,44.416553,0</coordinates>
    </Point>
  </Placemark>
  <Placemark>
    <name>Ski Cooper (Colorado)</name>
    <Style>
      <IconStyle>
        <scale>1.0</scale>
        <Icon><href>http://maps.google.com/mapfiles/kml/paddle/ylw-circle.png</href></Icon>
      </IconStyle>
    </Style>
    <description><![CDATA[<b>Ski Cooper</b><br/><b>State:</b> Colorado<br/><b>Tier:</b> Regional Resort (500-1,499 ft vertical)<br/><br/><b>Vertical Drop:</b> 1,200 ft<br/><b>Summit Elevation:</b> 11,700 ft MSL<br/><b>Base Elevation:</b> 10,500 ft MSL<br/><br/><b>Trails:</b> 60<br/><b>Lifts:</b> 5<br/><b>Skiable Acreage:</b> 470 acres<br/><b>Avg Annual Snowfall:</b> 260 in<br/><br/><b>Nearest Airports:</b> KLXV (9.5 mi), KASE (32.4 mi), 25CD (33.4 mi)]]></description>
    <Point>
      <coordinates>-106.2870362,39.3548498,0</coordinates>
    </Point>
  </Placemark>
  <Placemark>
    <name>Grand Targhee Resort (Wyoming)</name>
    <Style>
      <IconStyle>
        <scale>1.1</scale>
        <Icon><href>http://maps.google.com/mapfiles/kml/paddle/orange-circle.png</href></Icon>
      </IconStyle>
    </Style>
    <description><![CDATA[<b>Grand Targhee Resort</b><br/><b>State:</b> Wyoming<br/><b>Tier:</b> Major Resort (1,500-2,999 ft vertical)<br/><br/><b>Vertical Drop:</b> 2,270 ft<br/><b>Summit Elevation:</b> 10,121 ft MSL<br/><b>Base Elevation:</b> 7,851 ft MSL<br/><br/><b>Trails:</b> 99<br/><b>Lifts:</b> 5<br/><b>Skiable Acreage:</b> 2,602 acres<br/><b>Avg Annual Snowfall:</b> 500 in<br/><br/><b>Nearest Airports:</b> WY08 (5.9 mi), KDIJ (7.7 mi), KJAC (16.1 mi)]]></description>
    <Point>
      <coordinates>-110.9469857,43.7849766,0</coordinates>
    </Point>
  </Placemark>
  <Placemark>
    <name>Stratton Mountain Resort (Vermont)</name>
    <Style>
      <IconStyle>
        <scale>1.1</scale>
        <Icon><href>http://maps.google.com/mapfiles/kml/paddle/orange-circle.png</href></Icon>
      </IconStyle>
    </Style>
    <description><![CDATA[<b>Stratton Mountain Resort</b><br/><b>State:</b> Vermont<br/><b>Tier:</b> Major Resort (1,500-2,999 ft vertical)<br/><br/><b>Vertical Drop:</b> 2,003 ft<br/><b>Summit Elevation:</b> 3,875 ft MSL<br/><b>Base Elevation:</b> 1,872 ft MSL<br/><br/><b>Trails:</b> 99<br/><b>Lifts:</b> 11<br/><b>Skiable Acreage:</b> 670 acres<br/><b>Avg Annual Snowfall:</b> 171 in<br/><br/><b>Nearest Airports:</b> VT59 (12.1 mi), K4V8 (12.3 mi), VT43 (14.0 mi)]]></description>
    <Point>
      <coordinates>-72.9048371,43.1026647,0</coordinates>
    </Point>
  </Placemark>
  <Placemark>
    <name>Mt. Rose Ski Tahoe (Nevada)</name>
    <Style>
      <IconStyle>
        <scale>1.1</scale>
        <Icon><href>http://maps.google.com/mapfiles/kml/paddle/orange-circle.png</href></Icon>
      </IconStyle>
    </Style>
    <description><![CDATA[<b>Mt. Rose Ski Tahoe</b><br/><b>State:</b> Nevada<br/><b>Tier:</b> Major Resort (1,500-2,999 ft vertical)<br/><br/><b>Vertical Drop:</b> 1,800 ft<br/><b>Summit Elevation:</b> 9,700 ft MSL<br/><b>Base Elevation:</b> 8,260 ft MSL<br/><br/><b>Trails:</b> 60<br/><b>Lifts:</b> 8<br/><b>Skiable Acreage:</b> 1,200 acres<br/><b>Avg Annual Snowfall:</b> 396 in<br/><br/><b>Nearest Airports:</b> KCXP (11.9 mi), 25NV (13.4 mi), KTRK (13.7 mi)]]></description>
    <Point>
      <coordinates>-119.88367,39.3191911,0</coordinates>
    </Point>
  </Placemark>
  <Placemark>
    <name>Soldier Mountain (Idaho)</name>
    <Style>
      <IconStyle>
        <scale>1.0</scale>
        <Icon><href>http://maps.google.com/mapfiles/kml/paddle/ylw-circle.png</href></Icon>
      </IconStyle>
    </Style>
    <description><![CDATA[<b>Soldier Mountain</b><br/><b>State:</b> Idaho<br/><b>Tier:</b> Regional Resort (500-1,499 ft vertical)<br/><br/><b>Vertical Drop:</b> 1,400 ft<br/><b>Summit Elevation:</b> 7,177 ft MSL<br/><b>Base Elevation:</b> 5,756 ft MSL<br/><br/><b>Trails:</b> 36<br/><b>Lifts:</b> 2<br/><b>Skiable Acreage:</b> 1,180 acres<br/><b>Avg Annual Snowfall:</b> N/A<br/><br/><b>Nearest Airports:</b> KS81 (3.7 mi), K2U8 (4.4 mi), KID8 (6.8 mi)]]></description>
    <Point>
      <coordinates>-115.0909333,44.7093526,0</coordinates>
    </Point>
  </Placemark>
  <Placemark>
    <name>Pomerelle Mountain Resort (Idaho)</name>
    <Style>
      <IconStyle>
        <scale>1.0</scale>
        <Icon><href>http://maps.google.com/mapfiles/kml/paddle/ylw-circle.png</href></Icon>
      </IconStyle>
    </Style>
    <description><![CDATA[<b>Pomerelle Mountain Resort</b><br/><b>State:</b> Idaho<br/><b>Tier:</b> Regional Resort (500-1,499 ft vertical)<br/><br/><b>Vertical Drop:</b> 1,000 ft<br/><b>Summit Elevation:</b> 9,000 ft MSL<br/><b>Base Elevation:</b> 8,000 ft MSL<br/><br/><b>Trails:</b> 24<br/><b>Lifts:</b> 2<br/><b>Skiable Acreage:</b> 500 acres<br/><b>Avg Annual Snowfall:</b> 500 in<br/><br/><b>Nearest Airports:</b> K1U6 (14.6 mi), KBYI (17.7 mi), KU94 (32.2 mi)]]></description>
    <Point>
      <coordinates>-113.614279,42.3137847,0</coordinates>
    </Point>
  </Placemark>
  <Placemark>
    <name>Schweitzer (Idaho)</name>
    <Style>
      <IconStyle>
        <scale>1.1</scale>
        <Icon><href>http://maps.google.com/mapfiles/kml/paddle/orange-circle.png</href></Icon>
      </IconStyle>
    </Style>
    <description><![CDATA[<b>Schweitzer</b><br/><b>State:</b> Idaho<br/><b>Tier:</b> Major Resort (1,500-2,999 ft vertical)<br/><br/><b>Vertical Drop:</b> 2,400 ft<br/><b>Summit Elevation:</b> 6,400 ft MSL<br/><b>Base Elevation:</b> 4,000 ft MSL<br/><br/><b>Trails:</b> 92<br/><b>Lifts:</b> 7<br/><b>Skiable Acreage:</b> 2,900 acres<br/><b>Avg Annual Snowfall:</b> 300 in<br/><br/><b>Nearest Airports:</b> ID25 (3.3 mi), 55ID (5.9 mi), KSZT (6.0 mi)]]></description>
    <Point>
      <coordinates>-116.6130791,48.3786997,0</coordinates>
    </Point>
  </Placemark>
  <Placemark>
    <name>Brundage Mountain (Idaho)</name>
    <Style>
      <IconStyle>
        <scale>1.1</scale>
        <Icon><href>http://maps.google.com/mapfiles/kml/paddle/orange-circle.png</href></Icon>
      </IconStyle>
    </Style>
    <description><![CDATA[<b>Brundage Mountain</b><br/><b>State:</b> Idaho<br/><b>Tier:</b> Major Resort (1,500-2,999 ft vertical)<br/><br/><b>Vertical Drop:</b> 1,921 ft<br/><b>Summit Elevation:</b> 7,803 ft MSL<br/><b>Base Elevation:</b> 5,882 ft MSL<br/><br/><b>Trails:</b> 46<br/><b>Lifts:</b> 5<br/><b>Skiable Acreage:</b> 1,920 acres<br/><b>Avg Annual Snowfall:</b> 320 in<br/><br/><b>Nearest Airports:</b> 48ID (6.7 mi), K1U4 (8.2 mi), KMYL (9.3 mi)]]></description>
    <Point>
      <coordinates>-116.1284148,45.0213086,0</coordinates>
    </Point>
  </Placemark>
  <Placemark>
    <name>Bogus Basin (Idaho)</name>
    <Style>
      <IconStyle>
        <scale>1.1</scale>
        <Icon><href>http://maps.google.com/mapfiles/kml/paddle/orange-circle.png</href></Icon>
      </IconStyle>
    </Style>
    <description><![CDATA[<b>Bogus Basin</b><br/><b>State:</b> Idaho<br/><b>Tier:</b> Major Resort (1,500-2,999 ft vertical)<br/><br/><b>Vertical Drop:</b> 1,800 ft<br/><b>Summit Elevation:</b> 7,582 ft MSL<br/><b>Base Elevation:</b> 5,800 ft MSL<br/><br/><b>Trails:</b> 78<br/><b>Lifts:</b> 7<br/><b>Skiable Acreage:</b> 2,600 acres<br/><b>Avg Annual Snowfall:</b> 200 in<br/><br/><b>Nearest Airports:</b> 20ID (5.6 mi), 14ID (9.3 mi), ID95 (9.7 mi)]]></description>
    <Point>
      <coordinates>-116.0903392,43.7726592,0</coordinates>
    </Point>
  </Placemark>
  <Placemark>
    <name>Sun Valley (Idaho)</name>
    <Style>
      <IconStyle>
        <scale>1.4</scale>
        <Icon><href>http://maps.google.com/mapfiles/kml/paddle/ylw-stars.png</href></Icon>
      </IconStyle>
    </Style>
    <description><![CDATA[<b>Sun Valley</b><br/><b>State:</b> Idaho<br/><b>Tier:</b> Big Mountain (3,000+ ft vertical)<br/><br/><b>Vertical Drop:</b> 3,400 ft<br/><b>Summit Elevation:</b> 9,150 ft MSL<br/><b>Base Elevation:</b> 5,750 ft MSL<br/><br/><b>Trails:</b> 121<br/><b>Lifts:</b> 18<br/><b>Skiable Acreage:</b> 2,563 acres<br/><b>Avg Annual Snowfall:</b> 220 in<br/><br/><b>Nearest Airports:</b> KSUN (13.6 mi), 30ID (16.1 mi), ID16 (20.6 mi)]]></description>
    <Point>
      <coordinates>-114.353097,43.696215,0</coordinates>
    </Point>
  </Placemark>
  <Placemark>
    <name>Whitefish Mountain Resort (Montana)</name>
    <Style>
      <IconStyle>
        <scale>1.1</scale>
        <Icon><href>http://maps.google.com/mapfiles/kml/paddle/orange-circle.png</href></Icon>
      </IconStyle>
    </Style>
    <description><![CDATA[<b>Whitefish Mountain Resort</b><br/><b>State:</b> Montana<br/><b>Tier:</b> Major Resort (1,500-2,999 ft vertical)<br/><br/><b>Vertical Drop:</b> 2,353 ft<br/><b>Summit Elevation:</b> 6,817 ft MSL<br/><b>Base Elevation:</b> 4,464 ft MSL<br/><br/><b>Trails:</b> 105<br/><b>Lifts:</b> 14<br/><b>Skiable Acreage:</b> 3,000 acres<br/><b>Avg Annual Snowfall:</b> 300 in<br/><br/><b>Nearest Airports:</b> K58S (6.3 mi), 0MT9 (6.7 mi), 27MT (11.9 mi)]]></description>
    <Point>
      <coordinates>-114.3470106,48.494092,0</coordinates>
    </Point>
  </Placemark>
  <Placemark>
    <name>Arizona Snowbowl (Arizona)</name>
    <Style>
      <IconStyle>
        <scale>1.1</scale>
        <Icon><href>http://maps.google.com/mapfiles/kml/paddle/orange-circle.png</href></Icon>
      </IconStyle>
    </Style>
    <description><![CDATA[<b>Arizona Snowbowl</b><br/><b>State:</b> Arizona<br/><b>Tier:</b> Major Resort (1,500-2,999 ft vertical)<br/><br/><b>Vertical Drop:</b> 2,300 ft<br/><b>Summit Elevation:</b> 11,500 ft MSL<br/><b>Base Elevation:</b> 9,200 ft MSL<br/><br/><b>Trails:</b> 40<br/><b>Lifts:</b> 7<br/><b>Skiable Acreage:</b> 777 acres<br/><b>Avg Annual Snowfall:</b> 260 in<br/><br/><b>Nearest Airports:</b> KFLG (13.3 mi), KCMR (27.6 mi), K40G (33.3 mi)]]></description>
    <Point>
      <coordinates>-111.7053083,35.3299854,0</coordinates>
    </Point>
  </Placemark>
  <Placemark>
    <name>Telluride Ski Resort (Colorado)</name>
    <Style>
      <IconStyle>
        <scale>1.4</scale>
        <Icon><href>http://maps.google.com/mapfiles/kml/paddle/ylw-stars.png</href></Icon>
      </IconStyle>
    </Style>
    <description><![CDATA[<b>Telluride Ski Resort</b><br/><b>State:</b> Colorado<br/><b>Tier:</b> Big Mountain (3,000+ ft vertical)<br/><br/><b>Vertical Drop:</b> 4,425 ft<br/><b>Summit Elevation:</b> 13,150 ft MSL<br/><b>Base Elevation:</b> 8,725 ft MSL<br/><br/><b>Trails:</b> 147<br/><b>Lifts:</b> 18<br/><b>Skiable Acreage:</b> 2,000 acres<br/><b>Avg Annual Snowfall:</b> 309 in<br/><br/><b>Nearest Airports:</b> KTEX (3.7 mi), CO95 (10.9 mi), CD32 (27.0 mi)]]></description>
    <Point>
      <coordinates>-107.8451282,37.9361867,0</coordinates>
    </Point>
  </Placemark>
  <Placemark>
    <name>Arapahoe Basin (Colorado)</name>
    <Style>
      <IconStyle>
        <scale>1.1</scale>
        <Icon><href>http://maps.google.com/mapfiles/kml/paddle/orange-circle.png</href></Icon>
      </IconStyle>
    </Style>
    <description><![CDATA[<b>Arapahoe Basin</b><br/><b>State:</b> Colorado<br/><b>Tier:</b> Major Resort (1,500-2,999 ft vertical)<br/><br/><b>Vertical Drop:</b> 2,530 ft<br/><b>Summit Elevation:</b> 13,050 ft MSL<br/><b>Base Elevation:</b> 10,520 ft MSL<br/><br/><b>Trails:</b> 147<br/><b>Lifts:</b> 9<br/><b>Skiable Acreage:</b> 1,428 acres<br/><b>Avg Annual Snowfall:</b> 350 in<br/><br/><b>Nearest Airports:</b> CO07 (25.8 mi), CO52 (30.5 mi), KGNB (31.0 mi)]]></description>
    <Point>
      <coordinates>-105.8720778,39.642515,0</coordinates>
    </Point>
  </Placemark>
  <Placemark>
    <name>Pajarito Mountain Ski Area (New Mexico)</name>
    <Style>
      <IconStyle>
        <scale>1.0</scale>
        <Icon><href>http://maps.google.com/mapfiles/kml/paddle/ylw-circle.png</href></Icon>
      </IconStyle>
    </Style>
    <description><![CDATA[<b>Pajarito Mountain Ski Area</b><br/><b>State:</b> New Mexico<br/><b>Tier:</b> Regional Resort (500-1,499 ft vertical)<br/><br/><b>Vertical Drop:</b> 1,440 ft<br/><b>Summit Elevation:</b> 10,440 ft MSL<br/><b>Base Elevation:</b> 9,000 ft MSL<br/><br/><b>Trails:</b> 44<br/><b>Lifts:</b> 5<br/><b>Skiable Acreage:</b> 750 acres<br/><b>Avg Annual Snowfall:</b> 163 in<br/><br/><b>Nearest Airports:</b> KLAM (7.1 mi), KE14 (21.6 mi), KSAF (25.6 mi)]]></description>
    <Point>
      <coordinates>-106.3951888,35.8932078,0</coordinates>
    </Point>
  </Placemark>
  <Placemark>
    <name>Taos Ski Valley (New Mexico)</name>
    <Style>
      <IconStyle>
        <scale>1.4</scale>
        <Icon><href>http://maps.google.com/mapfiles/kml/paddle/ylw-stars.png</href></Icon>
      </IconStyle>
    </Style>
    <description><![CDATA[<b>Taos Ski Valley</b><br/><b>State:</b> New Mexico<br/><b>Tier:</b> Big Mountain (3,000+ ft vertical)<br/><br/><b>Vertical Drop:</b> 3,281 ft<br/><b>Summit Elevation:</b> 12,481 ft MSL<br/><b>Base Elevation:</b> 9,200 ft MSL<br/><br/><b>Trails:</b> 110<br/><b>Lifts:</b> 14<br/><b>Skiable Acreage:</b> 1,294 acres<br/><b>Avg Annual Snowfall:</b> 300 in<br/><br/><b>Nearest Airports:</b> KAXX (15.1 mi), NM03 (15.4 mi), KSKX (15.7 mi)]]></description>
    <Point>
      <coordinates>-105.4545,36.596,0</coordinates>
    </Point>
  </Placemark>
  <Placemark>
    <name>Ski Santa Fe (New Mexico)</name>
    <Style>
      <IconStyle>
        <scale>1.1</scale>
        <Icon><href>http://maps.google.com/mapfiles/kml/paddle/orange-circle.png</href></Icon>
      </IconStyle>
    </Style>
    <description><![CDATA[<b>Ski Santa Fe</b><br/><b>State:</b> New Mexico<br/><b>Tier:</b> Major Resort (1,500-2,999 ft vertical)<br/><br/><b>Vertical Drop:</b> 1,725 ft<br/><b>Summit Elevation:</b> 12,075 ft MSL<br/><b>Base Elevation:</b> 10,350 ft MSL<br/><br/><b>Trails:</b> 83<br/><b>Lifts:</b> 7<br/><b>Skiable Acreage:</b> 660 acres<br/><b>Avg Annual Snowfall:</b> 225 in<br/><br/><b>Nearest Airports:</b> KSAF (20.7 mi), KE14 (21.6 mi), KLAM (27.5 mi)]]></description>
    <Point>
      <coordinates>-105.7902289,35.7911754,0</coordinates>
    </Point>
  </Placemark>
  <Placemark>
    <name>Big Sky Resort (Montana)</name>
    <Style>
      <IconStyle>
        <scale>1.4</scale>
        <Icon><href>http://maps.google.com/mapfiles/kml/paddle/ylw-stars.png</href></Icon>
      </IconStyle>
    </Style>
    <description><![CDATA[<b>Big Sky Resort</b><br/><b>State:</b> Montana<br/><b>Tier:</b> Big Mountain (3,000+ ft vertical)<br/><br/><b>Vertical Drop:</b> 4,350 ft<br/><b>Summit Elevation:</b> 11,166 ft MSL<br/><b>Base Elevation:</b> 6,800 ft MSL<br/><br/><b>Trails:</b> 320<br/><b>Lifts:</b> 40<br/><b>Skiable Acreage:</b> 5,850 acres<br/><b>Avg Annual Snowfall:</b> 400 in<br/><br/><b>Nearest Airports:</b> MT94 (4.7 mi), KEKS (11.6 mi), 1MT0 (15.8 mi)]]></description>
    <Point>
      <coordinates>-111.4111857,45.2812077,0</coordinates>
    </Point>
  </Placemark>
  <Placemark>
    <name>Jackson Hole Mountain Resort (Wyoming)</name>
    <Style>
      <IconStyle>
        <scale>1.4</scale>
        <Icon><href>http://maps.google.com/mapfiles/kml/paddle/ylw-stars.png</href></Icon>
      </IconStyle>
    </Style>
    <description><![CDATA[<b>Jackson Hole Mountain Resort</b><br/><b>State:</b> Wyoming<br/><b>Tier:</b> Big Mountain (3,000+ ft vertical)<br/><br/><b>Vertical Drop:</b> 4,139 ft<br/><b>Summit Elevation:</b> 10,450 ft MSL<br/><b>Base Elevation:</b> 6,311 ft MSL<br/><br/><b>Trails:</b> 133<br/><b>Lifts:</b> 15<br/><b>Skiable Acreage:</b> 2,500 acres<br/><b>Avg Annual Snowfall:</b> 459 in<br/><br/><b>Nearest Airports:</b> KJAC (4.7 mi), WY31 (12.6 mi), WY08 (14.0 mi)]]></description>
    <Point>
      <coordinates>-110.8288273,43.5881642,0</coordinates>
    </Point>
  </Placemark>
  <Placemark>
    <name>Loveland Ski Area (Colorado)</name>
    <Style>
      <IconStyle>
        <scale>1.1</scale>
        <Icon><href>http://maps.google.com/mapfiles/kml/paddle/orange-circle.png</href></Icon>
      </IconStyle>
    </Style>
    <description><![CDATA[<b>Loveland Ski Area</b><br/><b>State:</b> Colorado<br/><b>Tier:</b> Major Resort (1,500-2,999 ft vertical)<br/><br/><b>Vertical Drop:</b> 2,210 ft<br/><b>Summit Elevation:</b> 13,010 ft MSL<br/><b>Base Elevation:</b> 10,800 ft MSL<br/><br/><b>Trails:</b> 94<br/><b>Lifts:</b> 11<br/><b>Skiable Acreage:</b> 1,800 acres<br/><b>Avg Annual Snowfall:</b> 422 in<br/><br/><b>Nearest Airports:</b> CO07 (26.3 mi), KGNB (28.5 mi), CO52 (33.0 mi)]]></description>
    <Point>
      <coordinates>-105.9105051,39.6783252,0</coordinates>
    </Point>
  </Placemark>
  <Placemark>
    <name>Mount Ashland Ski Area (Oregon)</name>
    <Style>
      <IconStyle>
        <scale>1.0</scale>
        <Icon><href>http://maps.google.com/mapfiles/kml/paddle/ylw-circle.png</href></Icon>
      </IconStyle>
    </Style>
    <description><![CDATA[<b>Mount Ashland Ski Area</b><br/><b>State:</b> Oregon<br/><b>Tier:</b> Regional Resort (500-1,499 ft vertical)<br/><br/><b>Vertical Drop:</b> 1,150 ft<br/><b>Summit Elevation:</b> 7,533 ft MSL<br/><b>Base Elevation:</b> 6,383 ft MSL<br/><br/><b>Trails:</b> 23<br/><b>Lifts:</b> 5<br/><b>Skiable Acreage:</b> 220 acres<br/><b>Avg Annual Snowfall:</b> 265 in<br/><br/><b>Nearest Airports:</b> KS03 (8.1 mi), 40OR (9.1 mi), CA09 (15.0 mi)]]></description>
    <Point>
      <coordinates>-122.716903,42.080899,0</coordinates>
    </Point>
  </Placemark>
  <Placemark>
    <name>Keystone Resort (Colorado)</name>
    <Style>
      <IconStyle>
        <scale>1.4</scale>
        <Icon><href>http://maps.google.com/mapfiles/kml/paddle/ylw-stars.png</href></Icon>
      </IconStyle>
    </Style>
    <description><![CDATA[<b>Keystone Resort</b><br/><b>State:</b> Colorado<br/><b>Tier:</b> Big Mountain (3,000+ ft vertical)<br/><br/><b>Vertical Drop:</b> 3,128 ft<br/><b>Summit Elevation:</b> 12,408 ft MSL<br/><b>Base Elevation:</b> 9,280 ft MSL<br/><br/><b>Trails:</b> 139<br/><b>Lifts:</b> 20<br/><b>Skiable Acreage:</b> 3,149 acres<br/><b>Avg Annual Snowfall:</b> 235 in<br/><br/><b>Nearest Airports:</b> CO07 (30.9 mi), KLXV (32.9 mi), 25CD (33.6 mi)]]></description>
    <Point>
      <coordinates>-105.9538216,39.6046192,0</coordinates>
    </Point>
  </Placemark>
  <Placemark>
    <name>Breckenridge Ski Resort (Colorado)</name>
    <Style>
      <IconStyle>
        <scale>1.4</scale>
        <Icon><href>http://maps.google.com/mapfiles/kml/paddle/ylw-stars.png</href></Icon>
      </IconStyle>
    </Style>
    <description><![CDATA[<b>Breckenridge Ski Resort</b><br/><b>State:</b> Colorado<br/><b>Tier:</b> Big Mountain (3,000+ ft vertical)<br/><br/><b>Vertical Drop:</b> 3,398 ft<br/><b>Summit Elevation:</b> 12,998 ft MSL<br/><b>Base Elevation:</b> 9,600 ft MSL<br/><br/><b>Trails:</b> 187<br/><b>Lifts:</b> 34<br/><b>Skiable Acreage:</b> 2,908 acres<br/><b>Avg Annual Snowfall:</b> 353 in<br/><br/><b>Nearest Airports:</b> KLXV (23.2 mi), 25CD (28.7 mi), 93CO (39.2 mi)]]></description>
    <Point>
      <coordinates>-106.0465486,39.4829124,0</coordinates>
    </Point>
  </Placemark>
  <Placemark>
    <name>Palisades Tahoe (California)</name>
    <Style>
      <IconStyle>
        <scale>1.1</scale>
        <Icon><href>http://maps.google.com/mapfiles/kml/paddle/orange-circle.png</href></Icon>
      </IconStyle>
    </Style>
    <description><![CDATA[<b>Palisades Tahoe</b><br/><b>State:</b> California<br/><b>Tier:</b> Major Resort (1,500-2,999 ft vertical)<br/><br/><b>Vertical Drop:</b> 2,850 ft<br/><b>Summit Elevation:</b> 9,050 ft MSL<br/><b>Base Elevation:</b> 6,200 ft MSL<br/><br/><b>Trails:</b> 277<br/><b>Lifts:</b> 39<br/><b>Skiable Acreage:</b> 6,000 acres<br/><b>Avg Annual Snowfall:</b> 450 in<br/><br/><b>Nearest Airports:</b> KTRK (9.9 mi), KTVL (24.5 mi), KBLU (26.0 mi)]]></description>
    <Point>
      <coordinates>-120.2345468,39.1966225,0</coordinates>
    </Point>
  </Placemark>
  <Placemark>
    <name>Mammoth Mountain (California)</name>
    <Style>
      <IconStyle>
        <scale>1.4</scale>
        <Icon><href>http://maps.google.com/mapfiles/kml/paddle/ylw-stars.png</href></Icon>
      </IconStyle>
    </Style>
    <description><![CDATA[<b>Mammoth Mountain</b><br/><b>State:</b> California<br/><b>Tier:</b> Big Mountain (3,000+ ft vertical)<br/><br/><b>Vertical Drop:</b> 3,100 ft<br/><b>Summit Elevation:</b> 11,053 ft MSL<br/><b>Base Elevation:</b> 7,953 ft MSL<br/><br/><b>Trails:</b> 150<br/><b>Lifts:</b> 28<br/><b>Skiable Acreage:</b> 3,500 acres<br/><b>Avg Annual Snowfall:</b> 420 in<br/><br/><b>Nearest Airports:</b> KMMH (10.6 mi), KO24 (22.9 mi), KBIH (40.8 mi)]]></description>
    <Point>
      <coordinates>-119.032634,37.6307692,0</coordinates>
    </Point>
  </Placemark>
  <Placemark>
    <name>Heavenly Mountain Resort (California)</name>
    <Style>
      <IconStyle>
        <scale>1.4</scale>
        <Icon><href>http://maps.google.com/mapfiles/kml/paddle/ylw-stars.png</href></Icon>
      </IconStyle>
    </Style>
    <description><![CDATA[<b>Heavenly Mountain Resort</b><br/><b>State:</b> California<br/><b>Tier:</b> Big Mountain (3,000+ ft vertical)<br/><br/><b>Vertical Drop:</b> 3,500 ft<br/><b>Summit Elevation:</b> 10,067 ft MSL<br/><b>Base Elevation:</b> 7,200 ft MSL<br/><br/><b>Trails:</b> 94<br/><b>Lifts:</b> 30<br/><b>Skiable Acreage:</b> 4,800 acres<br/><b>Avg Annual Snowfall:</b> 360 in<br/><br/><b>Nearest Airports:</b> KTVL (6.2 mi), KMEV (8.9 mi), NV55 (13.6 mi)]]></description>
    <Point>
      <coordinates>-119.8974215,38.9404518,0</coordinates>
    </Point>
  </Placemark>
  <Placemark>
    <name>Mount Shasta Ski Park (California)</name>
    <Style>
      <IconStyle>
        <scale>1.0</scale>
        <Icon><href>http://maps.google.com/mapfiles/kml/paddle/ylw-circle.png</href></Icon>
      </IconStyle>
    </Style>
    <description><![CDATA[<b>Mount Shasta Ski Park</b><br/><b>State:</b> California<br/><b>Tier:</b> Regional Resort (500-1,499 ft vertical)<br/><br/><b>Vertical Drop:</b> 1,435 ft<br/><b>Summit Elevation:</b> 9,200 ft MSL<br/><b>Base Elevation:</b> 7,800 ft MSL<br/><br/><b>Trails:</b> 32<br/><b>Lifts:</b> 4<br/><b>Skiable Acreage:</b> 425 acres<br/><b>Avg Annual Snowfall:</b> 275 in<br/><br/><b>Nearest Airports:</b> K1O6 (10.9 mi), KO46 (14.3 mi), 2CL3 (22.5 mi)]]></description>
    <Point>
      <coordinates>-122.1948645,41.4091977,0</coordinates>
    </Point>
  </Placemark>
  <Placemark>
    <name>Boreal (California)</name>
    <Style>
      <IconStyle>
        <scale>1.0</scale>
        <Icon><href>http://maps.google.com/mapfiles/kml/paddle/ylw-circle.png</href></Icon>
      </IconStyle>
    </Style>
    <description><![CDATA[<b>Boreal</b><br/><b>State:</b> California<br/><b>Tier:</b> Regional Resort (500-1,499 ft vertical)<br/><br/><b>Vertical Drop:</b> 500 ft<br/><b>Summit Elevation:</b> 7,700 ft MSL<br/><b>Base Elevation:</b> 7,200 ft MSL<br/><br/><b>Trails:</b> 41<br/><b>Lifts:</b> 8<br/><b>Skiable Acreage:</b> 380 acres<br/><b>Avg Annual Snowfall:</b> 400 in<br/><br/><b>Nearest Airports:</b> KTRK (11.3 mi), KO79 (17.0 mi), KBLU (19.7 mi)]]></description>
    <Point>
      <coordinates>-120.3501644,39.3361428,0</coordinates>
    </Point>
  </Placemark>
  <Placemark>
    <name>Donner Ski Ranch (California)</name>
    <Style>
      <IconStyle>
        <scale>1.0</scale>
        <Icon><href>http://maps.google.com/mapfiles/kml/paddle/ylw-circle.png</href></Icon>
      </IconStyle>
    </Style>
    <description><![CDATA[<b>Donner Ski Ranch</b><br/><b>State:</b> California<br/><b>Tier:</b> Regional Resort (500-1,499 ft vertical)<br/><br/><b>Vertical Drop:</b> 750 ft<br/><b>Summit Elevation:</b> 7,781 ft MSL<br/><b>Base Elevation:</b> 7,031 ft MSL<br/><br/><b>Trails:</b> 52<br/><b>Lifts:</b> 8<br/><b>Skiable Acreage:</b> 435 acres<br/><b>Avg Annual Snowfall:</b> 400 in<br/><br/><b>Nearest Airports:</b> KTRK (10.2 mi), KO79 (18.2 mi), KBLU (20.5 mi)]]></description>
    <Point>
      <coordinates>-120.3301293,39.3183323,0</coordinates>
    </Point>
  </Placemark>
  <Placemark>
    <name>Homewood (California)</name>
    <Style>
      <IconStyle>
        <scale>1.1</scale>
        <Icon><href>http://maps.google.com/mapfiles/kml/paddle/orange-circle.png</href></Icon>
      </IconStyle>
    </Style>
    <description><![CDATA[<b>Homewood</b><br/><b>State:</b> California<br/><b>Tier:</b> Major Resort (1,500-2,999 ft vertical)<br/><br/><b>Vertical Drop:</b> 1,658 ft<br/><b>Summit Elevation:</b> 7,881 ft MSL<br/><b>Base Elevation:</b> 6,223 ft MSL<br/><br/><b>Trails:</b> 60<br/><b>Lifts:</b> 7<br/><b>Skiable Acreage:</b> 1,260 acres<br/><b>Avg Annual Snowfall:</b> 400 in<br/><br/><b>Nearest Airports:</b> KTVL (16.0 mi), KTRK (16.2 mi), KMEV (22.7 mi)]]></description>
    <Point>
      <coordinates>-120.1601901,39.0868516,0</coordinates>
    </Point>
  </Placemark>
  <Placemark>
    <name>Kirkwood (California)</name>
    <Style>
      <IconStyle>
        <scale>1.1</scale>
        <Icon><href>http://maps.google.com/mapfiles/kml/paddle/orange-circle.png</href></Icon>
      </IconStyle>
    </Style>
    <description><![CDATA[<b>Kirkwood</b><br/><b>State:</b> California<br/><b>Tier:</b> Major Resort (1,500-2,999 ft vertical)<br/><br/><b>Vertical Drop:</b> 2,000 ft<br/><b>Summit Elevation:</b> 9,800 ft MSL<br/><b>Base Elevation:</b> 7,800 ft MSL<br/><br/><b>Trails:</b> 86<br/><b>Lifts:</b> 15<br/><b>Skiable Acreage:</b> 2,300 acres<br/><b>Avg Annual Snowfall:</b> 500 in<br/><br/><b>Nearest Airports:</b> KTVL (13.9 mi), KM45 (16.6 mi), 73CA (16.9 mi)]]></description>
    <Point>
      <coordinates>-120.072685,38.7026857,0</coordinates>
    </Point>
  </Placemark>
  <Placemark>
    <name>Northstar California (California)</name>
    <Style>
      <IconStyle>
        <scale>1.1</scale>
        <Icon><href>http://maps.google.com/mapfiles/kml/paddle/orange-circle.png</href></Icon>
      </IconStyle>
    </Style>
    <description><![CDATA[<b>Northstar California</b><br/><b>State:</b> California<br/><b>Tier:</b> Major Resort (1,500-2,999 ft vertical)<br/><br/><b>Vertical Drop:</b> 2,280 ft<br/><b>Summit Elevation:</b> 8,610 ft MSL<br/><b>Base Elevation:</b> 6,330 ft MSL<br/><br/><b>Trails:</b> 93<br/><b>Lifts:</b> 19<br/><b>Skiable Acreage:</b> 2,904 acres<br/><b>Avg Annual Snowfall:</b> 350 in<br/><br/><b>Nearest Airports:</b> KSNA (11.5 mi), CA42 (13.9 mi), KAJO (17.1 mi)]]></description>
    <Point>
      <coordinates>-117.6695109,33.656066,0</coordinates>
    </Point>
  </Placemark>
  <Placemark>
    <name>Sierra-at-Tahoe (California)</name>
    <Style>
      <IconStyle>
        <scale>1.1</scale>
        <Icon><href>http://maps.google.com/mapfiles/kml/paddle/orange-circle.png</href></Icon>
      </IconStyle>
    </Style>
    <description><![CDATA[<b>Sierra-at-Tahoe</b><br/><b>State:</b> California<br/><b>Tier:</b> Major Resort (1,500-2,999 ft vertical)<br/><br/><b>Vertical Drop:</b> 2,212 ft<br/><b>Summit Elevation:</b> 8,852 ft MSL<br/><b>Base Elevation:</b> 6,640 ft MSL<br/><br/><b>Trails:</b> 46<br/><b>Lifts:</b> 12<br/><b>Skiable Acreage:</b> 2,000 acres<br/><b>Avg Annual Snowfall:</b> 480 in<br/><br/><b>Nearest Airports:</b> KTVL (7.4 mi), KM45 (17.7 mi), KMEV (22.1 mi)]]></description>
    <Point>
      <coordinates>-120.0810595,38.8102372,0</coordinates>
    </Point>
  </Placemark>
  <Placemark>
    <name>Sugar Bowl (California)</name>
    <Style>
      <IconStyle>
        <scale>1.1</scale>
        <Icon><href>http://maps.google.com/mapfiles/kml/paddle/orange-circle.png</href></Icon>
      </IconStyle>
    </Style>
    <description><![CDATA[<b>Sugar Bowl</b><br/><b>State:</b> California<br/><b>Tier:</b> Major Resort (1,500-2,999 ft vertical)<br/><br/><b>Vertical Drop:</b> 1,500 ft<br/><b>Summit Elevation:</b> 8,383 ft MSL<br/><b>Base Elevation:</b> 6,883 ft MSL<br/><br/><b>Trails:</b> 94<br/><b>Lifts:</b> 13<br/><b>Skiable Acreage:</b> 1,500 acres<br/><b>Avg Annual Snowfall:</b> 500 in<br/><br/><b>Nearest Airports:</b> KTRK (11.0 mi), KO79 (19.4 mi), KBLU (19.6 mi)]]></description>
    <Point>
      <coordinates>-120.3440194,39.3002853,0</coordinates>
    </Point>
  </Placemark>
  <Placemark>
    <name>Soda Springs (California)</name>
    <Style>
      <IconStyle>
        <scale>1.0</scale>
        <Icon><href>http://maps.google.com/mapfiles/kml/paddle/ylw-circle.png</href></Icon>
      </IconStyle>
    </Style>
    <description><![CDATA[<b>Soda Springs</b><br/><b>State:</b> California<br/><b>Tier:</b> Regional Resort (500-1,499 ft vertical)<br/><br/><b>Vertical Drop:</b> 652 ft<br/><b>Summit Elevation:</b> 7,325 ft MSL<br/><b>Base Elevation:</b> 6,673 ft MSL<br/><br/><b>Trails:</b> 15<br/><b>Lifts:</b> 2<br/><b>Skiable Acreage:</b> 200 acres<br/><b>Avg Annual Snowfall:</b> 400 in<br/><br/><b>Nearest Airports:</b> KTRK (12.9 mi), KO79 (17.7 mi), KBLU (18.0 mi)]]></description>
    <Point>
      <coordinates>-120.3799861,39.3253975,0</coordinates>
    </Point>
  </Placemark>
  <Placemark>
    <name>Tahoe Donner (California)</name>
    <Style>
      <IconStyle>
        <scale>1.0</scale>
        <Icon><href>http://maps.google.com/mapfiles/kml/paddle/ylw-circle.png</href></Icon>
      </IconStyle>
    </Style>
    <description><![CDATA[<b>Tahoe Donner</b><br/><b>State:</b> California<br/><b>Tier:</b> Regional Resort (500-1,499 ft vertical)<br/><br/><b>Vertical Drop:</b> 600 ft<br/><b>Summit Elevation:</b> 7,350 ft MSL<br/><b>Base Elevation:</b> 6,750 ft MSL<br/><br/><b>Trails:</b> 10<br/><b>Lifts:</b> 3<br/><b>Skiable Acreage:</b> 120 acres<br/><b>Avg Annual Snowfall:</b> 400 in<br/><br/><b>Nearest Airports:</b> KTRK (5.3 mi), KO79 (17.2 mi), KBLU (26.2 mi)]]></description>
    <Point>
      <coordinates>-120.2305019,39.3519001,0</coordinates>
    </Point>
  </Placemark>
  <Placemark>
    <name>Badger Pass (California)</name>
    <Style>
      <IconStyle>
        <scale>1.0</scale>
        <Icon><href>http://maps.google.com/mapfiles/kml/paddle/ylw-circle.png</href></Icon>
      </IconStyle>
    </Style>
    <description><![CDATA[<b>Badger Pass</b><br/><b>State:</b> California<br/><b>Tier:</b> Regional Resort (500-1,499 ft vertical)<br/><br/><b>Vertical Drop:</b> 800 ft<br/><b>Summit Elevation:</b> 8,000 ft MSL<br/><b>Base Elevation:</b> 7,200 ft MSL<br/><br/><b>Trails:</b> 10<br/><b>Lifts:</b> 5<br/><b>Skiable Acreage:</b> 90 acres<br/><b>Avg Annual Snowfall:</b> 300 in<br/><br/><b>Nearest Airports:</b> KMPI (23.7 mi), 5CL0 (25.2 mi), KE45 (31.7 mi)]]></description>
    <Point>
      <coordinates>-119.6540783,37.6660887,0</coordinates>
    </Point>
  </Placemark>
  <Placemark>
    <name>Bear Valley (California)</name>
    <Style>
      <IconStyle>
        <scale>1.1</scale>
        <Icon><href>http://maps.google.com/mapfiles/kml/paddle/orange-circle.png</href></Icon>
      </IconStyle>
    </Style>
    <description><![CDATA[<b>Bear Valley</b><br/><b>State:</b> California<br/><b>Tier:</b> Major Resort (1,500-2,999 ft vertical)<br/><br/><b>Vertical Drop:</b> 1,900 ft<br/><b>Summit Elevation:</b> 8,500 ft MSL<br/><b>Base Elevation:</b> 6,600 ft MSL<br/><br/><b>Trails:</b> 67<br/><b>Lifts:</b> 10<br/><b>Skiable Acreage:</b> 1,280 acres<br/><b>Avg Annual Snowfall:</b> 359 in<br/><br/><b>Nearest Airports:</b> KMPI (5.9 mi), 34CN (15.6 mi), CA03 (17.9 mi)]]></description>
    <Point>
      <coordinates>-120.1193489,37.5688237,0</coordinates>
    </Point>
  </Placemark>
  <Placemark>
    <name>Dodge Ridge (California)</name>
    <Style>
      <IconStyle>
        <scale>1.1</scale>
        <Icon><href>http://maps.google.com/mapfiles/kml/paddle/orange-circle.png</href></Icon>
      </IconStyle>
    </Style>
    <description><![CDATA[<b>Dodge Ridge</b><br/><b>State:</b> California<br/><b>Tier:</b> Major Resort (1,500-2,999 ft vertical)<br/><br/><b>Vertical Drop:</b> 1,600 ft<br/><b>Summit Elevation:</b> 8,200 ft MSL<br/><b>Base Elevation:</b> 6,600 ft MSL<br/><br/><b>Trails:</b> 62<br/><b>Lifts:</b> 12<br/><b>Skiable Acreage:</b> 832 acres<br/><b>Avg Annual Snowfall:</b> 300 in<br/><br/><b>Nearest Airports:</b> 73CA (20.5 mi), 45CN (22.9 mi), KE45 (23.6 mi)]]></description>
    <Point>
      <coordinates>-119.9801175,38.1657088,0</coordinates>
    </Point>
  </Placemark>
  <Placemark>
    <name>June Mountain (California)</name>
    <Style>
      <IconStyle>
        <scale>1.1</scale>
        <Icon><href>http://maps.google.com/mapfiles/kml/paddle/orange-circle.png</href></Icon>
      </IconStyle>
    </Style>
    <description><![CDATA[<b>June Mountain</b><br/><b>State:</b> California<br/><b>Tier:</b> Major Resort (1,500-2,999 ft vertical)<br/><br/><b>Vertical Drop:</b> 2,590 ft<br/><b>Summit Elevation:</b> 10,090 ft MSL<br/><b>Base Elevation:</b> 7,545 ft MSL<br/><br/><b>Trails:</b> 35<br/><b>Lifts:</b> 7<br/><b>Skiable Acreage:</b> 500 acres<br/><b>Avg Annual Snowfall:</b> 250 in<br/><br/><b>Nearest Airports:</b> KMMH (15.0 mi), KO24 (15.2 mi), KO57 (37.2 mi)]]></description>
    <Point>
      <coordinates>-119.0701438,37.739932,0</coordinates>
    </Point>
  </Placemark>
  <Placemark>
    <name>China Peak (California)</name>
    <Style>
      <IconStyle>
        <scale>1.1</scale>
        <Icon><href>http://maps.google.com/mapfiles/kml/paddle/orange-circle.png</href></Icon>
      </IconStyle>
    </Style>
    <description><![CDATA[<b>China Peak</b><br/><b>State:</b> California<br/><b>Tier:</b> Major Resort (1,500-2,999 ft vertical)<br/><br/><b>Vertical Drop:</b> 1,673 ft<br/><b>Summit Elevation:</b> 8,709 ft MSL<br/><b>Base Elevation:</b> 7,030 ft MSL<br/><br/><b>Trails:</b> 45<br/><b>Lifts:</b> 11<br/><b>Skiable Acreage:</b> 1,200 acres<br/><b>Avg Annual Snowfall:</b> 300 in<br/><br/><b>Nearest Airports:</b> K36S (6.6 mi), CA09 (22.5 mi), K3S4 (27.9 mi)]]></description>
    <Point>
      <coordinates>-123.2762282,41.8363432,0</coordinates>
    </Point>
  </Placemark>
  <Placemark>
    <name>Alta Sierra Archived 2019-09-23 at the Wayback Machine (California)</name>
    <Style>
      <IconStyle>
        <scale>1.0</scale>
        <Icon><href>http://maps.google.com/mapfiles/kml/paddle/ylw-circle.png</href></Icon>
      </IconStyle>
    </Style>
    <description><![CDATA[<b>Alta Sierra Archived 2019-09-23 at the Wayback Machine</b><br/><b>State:</b> California<br/><b>Tier:</b> Regional Resort (500-1,499 ft vertical)<br/><br/><b>Vertical Drop:</b> 600 ft<br/><b>Summit Elevation:</b> 7,091 ft MSL<br/><b>Base Elevation:</b> 6,491 ft MSL<br/><br/><b>Trails:</b> 6<br/><b>Lifts:</b> 2<br/><b>Skiable Acreage:</b> N/A<br/><b>Avg Annual Snowfall:</b> 80 in<br/><br/><b>Nearest Airports:</b> 09CL (2.0 mi), KGOO (6.3 mi), CA21 (10.2 mi)]]></description>
    <Point>
      <coordinates>-121.0538368,39.1415618,0</coordinates>
    </Point>
  </Placemark>
  <Placemark>
    <name>Buckhorn Ski and Snowboard Club (California)</name>
    <Style>
      <IconStyle>
        <scale>1.0</scale>
        <Icon><href>http://maps.google.com/mapfiles/kml/paddle/ylw-circle.png</href></Icon>
      </IconStyle>
    </Style>
    <description><![CDATA[<b>Buckhorn Ski and Snowboard Club</b><br/><b>State:</b> California<br/><b>Tier:</b> Regional Resort (500-1,499 ft vertical)<br/><br/><b>Vertical Drop:</b> 680 ft<br/><b>Summit Elevation:</b> 7,903 ft MSL<br/><b>Base Elevation:</b> 7,203 ft MSL<br/><br/><b>Trails:</b> 5<br/><b>Lifts:</b> 2<br/><b>Skiable Acreage:</b> 40 acres<br/><b>Avg Annual Snowfall:</b> 180 in<br/><br/><b>Nearest Airports:</b> 46CN (11.3 mi), KEMT (18.8 mi), KPOC (18.9 mi)]]></description>
    <Point>
      <coordinates>-117.9189819,34.3408939,0</coordinates>
    </Point>
  </Placemark>
  <Placemark>
    <name>Bear Mountain (California)</name>
    <Style>
      <IconStyle>
        <scale>1.1</scale>
        <Icon><href>http://maps.google.com/mapfiles/kml/paddle/orange-circle.png</href></Icon>
      </IconStyle>
    </Style>
    <description><![CDATA[<b>Bear Mountain</b><br/><b>State:</b> California<br/><b>Tier:</b> Major Resort (1,500-2,999 ft vertical)<br/><br/><b>Vertical Drop:</b> 1,665 ft<br/><b>Summit Elevation:</b> 8,805 ft MSL<br/><b>Base Elevation:</b> 7,104 ft MSL<br/><br/><b>Trails:</b> 24<br/><b>Lifts:</b> 12<br/><b>Skiable Acreage:</b> 198 acres<br/><b>Avg Annual Snowfall:</b> 100 in<br/><br/><b>Nearest Airports:</b> KL35 (2.5 mi), 2CN8 (17.4 mi), 6CA5 (17.8 mi)]]></description>
    <Point>
      <coordinates>-116.8614337,34.2273607,0</coordinates>
    </Point>
  </Placemark>
  <Placemark>
    <name>Mount Baldy Ski Lifts (California)</name>
    <Style>
      <IconStyle>
        <scale>1.1</scale>
        <Icon><href>http://maps.google.com/mapfiles/kml/paddle/orange-circle.png</href></Icon>
      </IconStyle>
    </Style>
    <description><![CDATA[<b>Mount Baldy Ski Lifts</b><br/><b>State:</b> California<br/><b>Tier:</b> Major Resort (1,500-2,999 ft vertical)<br/><br/><b>Vertical Drop:</b> 2,100 ft<br/><b>Summit Elevation:</b> 8,600 ft MSL<br/><b>Base Elevation:</b> 6,500 ft MSL<br/><br/><b>Trails:</b> 26<br/><b>Lifts:</b> 4<br/><b>Skiable Acreage:</b> 800 acres<br/><b>Avg Annual Snowfall:</b> 170 in<br/><br/><b>Nearest Airports:</b> KCCB (8.8 mi), KPOC (12.2 mi), KONT (12.9 mi)]]></description>
    <Point>
      <coordinates>-117.6591731,34.2364191,0</coordinates>
    </Point>
  </Placemark>
  <Placemark>
    <name>Mount Waterman (California)</name>
    <Style>
      <IconStyle>
        <scale>1.0</scale>
        <Icon><href>http://maps.google.com/mapfiles/kml/paddle/ylw-circle.png</href></Icon>
      </IconStyle>
    </Style>
    <description><![CDATA[<b>Mount Waterman</b><br/><b>State:</b> California<br/><b>Tier:</b> Regional Resort (500-1,499 ft vertical)<br/><br/><b>Vertical Drop:</b> 1,030 ft<br/><b>Summit Elevation:</b> 8,030 ft MSL<br/><b>Base Elevation:</b> 7,000 ft MSL<br/><br/><b>Trails:</b> 27<br/><b>Lifts:</b> 3<br/><b>Skiable Acreage:</b> 150 acres<br/><b>Avg Annual Snowfall:</b> 180 in<br/><br/><b>Nearest Airports:</b> KAJO (4.1 mi), KRAL (8.5 mi), KCNO (9.4 mi)]]></description>
    <Point>
      <coordinates>-117.5457317,33.862012,0</coordinates>
    </Point>
  </Placemark>
  <Placemark>
    <name>Mountain High (California)</name>
    <Style>
      <IconStyle>
        <scale>1.1</scale>
        <Icon><href>http://maps.google.com/mapfiles/kml/paddle/orange-circle.png</href></Icon>
      </IconStyle>
    </Style>
    <description><![CDATA[<b>Mountain High</b><br/><b>State:</b> California<br/><b>Tier:</b> Major Resort (1,500-2,999 ft vertical)<br/><br/><b>Vertical Drop:</b> 1,600 ft<br/><b>Summit Elevation:</b> 8,200 ft MSL<br/><b>Base Elevation:</b> 6,600 ft MSL<br/><br/><b>Trails:</b> 59<br/><b>Lifts:</b> 13<br/><b>Skiable Acreage:</b> 290 acres<br/><b>Avg Annual Snowfall:</b> 132 in<br/><br/><b>Nearest Airports:</b> KNUQ (4.1 mi), KPAO (7.5 mi), KSJC (7.6 mi)]]></description>
    <Point>
      <coordinates>-122.067156,37.359106,0</coordinates>
    </Point>
  </Placemark>
  <Placemark>
    <name>Snow Summit (California)</name>
    <Style>
      <IconStyle>
        <scale>1.0</scale>
        <Icon><href>http://maps.google.com/mapfiles/kml/paddle/ylw-circle.png</href></Icon>
      </IconStyle>
    </Style>
    <description><![CDATA[<b>Snow Summit</b><br/><b>State:</b> California<br/><b>Tier:</b> Regional Resort (500-1,499 ft vertical)<br/><br/><b>Vertical Drop:</b> 1,209 ft<br/><b>Summit Elevation:</b> 8,174 ft MSL<br/><b>Base Elevation:</b> 6,965 ft MSL<br/><br/><b>Trails:</b> 30<br/><b>Lifts:</b> 14<br/><b>Skiable Acreage:</b> 240 acres<br/><b>Avg Annual Snowfall:</b> 100 in<br/><br/><b>Nearest Airports:</b> KL35 (3.6 mi), 2CN8 (15.9 mi), KREI (17.3 mi)]]></description>
    <Point>
      <coordinates>-116.892494,34.2205721,0</coordinates>
    </Point>
  </Placemark>
  <Placemark>
    <name>Snow Valley Mountain Resort (California)</name>
    <Style>
      <IconStyle>
        <scale>1.0</scale>
        <Icon><href>http://maps.google.com/mapfiles/kml/paddle/ylw-circle.png</href></Icon>
      </IconStyle>
    </Style>
    <description><![CDATA[<b>Snow Valley Mountain Resort</b><br/><b>State:</b> California<br/><b>Tier:</b> Regional Resort (500-1,499 ft vertical)<br/><br/><b>Vertical Drop:</b> 1,041 ft<br/><b>Summit Elevation:</b> 7,841 ft MSL<br/><b>Base Elevation:</b> 6,800 ft MSL<br/><br/><b>Trails:</b> 29<br/><b>Lifts:</b> 12<br/><b>Skiable Acreage:</b> 240 acres<br/><b>Avg Annual Snowfall:</b> 150 in<br/><br/><b>Nearest Airports:</b> 2CN8 (8.6 mi), KL35 (10.6 mi), KREI (11.6 mi)]]></description>
    <Point>
      <coordinates>-117.0353312,34.2249953,0</coordinates>
    </Point>
  </Placemark>
  <Placemark>
    <name>Wolf Creek Ski Area (Colorado)</name>
    <Style>
      <IconStyle>
        <scale>1.1</scale>
        <Icon><href>http://maps.google.com/mapfiles/kml/paddle/orange-circle.png</href></Icon>
      </IconStyle>
    </Style>
    <description><![CDATA[<b>Wolf Creek Ski Area</b><br/><b>State:</b> Colorado<br/><b>Tier:</b> Major Resort (1,500-2,999 ft vertical)<br/><br/><b>Vertical Drop:</b> 1,604 ft<br/><b>Summit Elevation:</b> 11,904 ft MSL<br/><b>Base Elevation:</b> 10,300 ft MSL<br/><br/><b>Trails:</b> 77<br/><b>Lifts:</b> 7<br/><b>Skiable Acreage:</b> 1,600 acres<br/><b>Avg Annual Snowfall:</b> 465 in<br/><br/><b>Nearest Airports:</b> CD10 (19.2 mi), KPSO (19.3 mi), CD69 (23.8 mi)]]></description>
    <Point>
      <coordinates>-106.7865004,37.4647315,0</coordinates>
    </Point>
  </Placemark>
  <Placemark>
    <name>Eldora Mountain Resort (Colorado)</name>
    <Style>
      <IconStyle>
        <scale>1.0</scale>
        <Icon><href>http://maps.google.com/mapfiles/kml/paddle/ylw-circle.png</href></Icon>
      </IconStyle>
    </Style>
    <description><![CDATA[<b>Eldora Mountain Resort</b><br/><b>State:</b> Colorado<br/><b>Tier:</b> Regional Resort (500-1,499 ft vertical)<br/><br/><b>Vertical Drop:</b> 1,200 ft<br/><b>Summit Elevation:</b> 10,600 ft MSL<br/><b>Base Elevation:</b> 9,400 ft MSL<br/><br/><b>Trails:</b> 53<br/><b>Lifts:</b> 12<br/><b>Skiable Acreage:</b> 680 acres<br/><b>Avg Annual Snowfall:</b> 300 in<br/><br/><b>Nearest Airports:</b> CO07 (8.3 mi), CO10 (19.5 mi), KBDU (20.2 mi)]]></description>
    <Point>
      <coordinates>-105.5839741,39.9372535,0</coordinates>
    </Point>
  </Placemark>
  <Placemark>
    <name>Alyeska Resort (Alaska)</name>
    <Style>
      <IconStyle>
        <scale>1.1</scale>
        <Icon><href>http://maps.google.com/mapfiles/kml/paddle/orange-circle.png</href></Icon>
      </IconStyle>
    </Style>
    <description><![CDATA[<b>Alyeska Resort</b><br/><b>State:</b> Alaska<br/><b>Tier:</b> Major Resort (1,500-2,999 ft vertical)<br/><br/><b>Vertical Drop:</b> 2,500 ft<br/><b>Summit Elevation:</b> 3,939 ft MSL<br/><b>Base Elevation:</b> 250 ft MSL<br/><br/><b>Trails:</b> 73<br/><b>Lifts:</b> 9<br/><b>Skiable Acreage:</b> 1,400 acres<br/><b>Avg Annual Snowfall:</b> 643 in<br/><br/><b>Nearest Airports:</b> KAQY (0.7 mi), K5HO (18.1 mi), PAWR (18.5 mi)]]></description>
    <Point>
      <coordinates>-149.0985587,60.9702967,0</coordinates>
    </Point>
  </Placemark>
  <Placemark>
    <name>Steamboat Springs (Colorado)</name>
    <Style>
      <IconStyle>
        <scale>1.4</scale>
        <Icon><href>http://maps.google.com/mapfiles/kml/paddle/ylw-stars.png</href></Icon>
      </IconStyle>
    </Style>
    <description><![CDATA[<b>Steamboat Springs</b><br/><b>State:</b> Colorado<br/><b>Tier:</b> Big Mountain (3,000+ ft vertical)<br/><br/><b>Vertical Drop:</b> 3,668 ft<br/><b>Summit Elevation:</b> 10,568 ft MSL<br/><b>Base Elevation:</b> 6,900 ft MSL<br/><br/><b>Trails:</b> 182<br/><b>Lifts:</b> 23<br/><b>Skiable Acreage:</b> 3,741 acres<br/><b>Avg Annual Snowfall:</b> 314 in<br/><br/><b>Nearest Airports:</b> KSBS (2.8 mi), 81CO (5.5 mi), 1CD4 (6.1 mi)]]></description>
    <Point>
      <coordinates>-106.831735,40.4848003,0</coordinates>
    </Point>
  </Placemark>
  <Placemark>
    <name>Copper Mountain (Colorado) (Colorado)</name>
    <Style>
      <IconStyle>
        <scale>1.1</scale>
        <Icon><href>http://maps.google.com/mapfiles/kml/paddle/orange-circle.png</href></Icon>
      </IconStyle>
    </Style>
    <description><![CDATA[<b>Copper Mountain (Colorado)</b><br/><b>State:</b> Colorado<br/><b>Tier:</b> Major Resort (1,500-2,999 ft vertical)<br/><br/><b>Vertical Drop:</b> 2,601 ft<br/><b>Summit Elevation:</b> 12,313 ft MSL<br/><b>Base Elevation:</b> 9,712 ft MSL<br/><br/><b>Trails:</b> 126<br/><b>Lifts:</b> 22<br/><b>Skiable Acreage:</b> 2,450 acres<br/><b>Avg Annual Snowfall:</b> 282 in<br/><br/><b>Nearest Airports:</b> KLXV (19.7 mi), 25CD (32.7 mi), K20V (41.2 mi)]]></description>
    <Point>
      <coordinates>-106.1628887,39.478088,0</coordinates>
    </Point>
  </Placemark>
  <Placemark>
    <name>Vail Ski Resort (Colorado)</name>
    <Style>
      <IconStyle>
        <scale>1.4</scale>
        <Icon><href>http://maps.google.com/mapfiles/kml/paddle/ylw-stars.png</href></Icon>
      </IconStyle>
    </Style>
    <description><![CDATA[<b>Vail Ski Resort</b><br/><b>State:</b> Colorado<br/><b>Tier:</b> Big Mountain (3,000+ ft vertical)<br/><br/><b>Vertical Drop:</b> 3,450 ft<br/><b>Summit Elevation:</b> 11,570 ft MSL<br/><b>Base Elevation:</b> 8,120 ft MSL<br/><br/><b>Trails:</b> 195<br/><b>Lifts:</b> 31<br/><b>Skiable Acreage:</b> 5,289 acres<br/><b>Avg Annual Snowfall:</b> 354 in<br/><br/><b>Nearest Airports:</b> KLXV (26.3 mi), KEGE (30.8 mi), K20V (31.4 mi)]]></description>
    <Point>
      <coordinates>-106.3394563,39.5995318,0</coordinates>
    </Point>
  </Placemark>
  <Placemark>
    <name>Beaver Creek (Colorado)</name>
    <Style>
      <IconStyle>
        <scale>1.4</scale>
        <Icon><href>http://maps.google.com/mapfiles/kml/paddle/ylw-stars.png</href></Icon>
      </IconStyle>
    </Style>
    <description><![CDATA[<b>Beaver Creek</b><br/><b>State:</b> Colorado<br/><b>Tier:</b> Big Mountain (3,000+ ft vertical)<br/><br/><b>Vertical Drop:</b> 3,340 ft<br/><b>Summit Elevation:</b> 11,440 ft MSL<br/><b>Base Elevation:</b> 8,100 ft MSL<br/><br/><b>Trails:</b> 167<br/><b>Lifts:</b> 24<br/><b>Skiable Acreage:</b> 2,082 acres<br/><b>Avg Annual Snowfall:</b> 323 in<br/><br/><b>Nearest Airports:</b> KEGE (21.5 mi), CO47 (24.4 mi), KLXV (28.7 mi)]]></description>
    <Point>
      <coordinates>-106.5150017,39.6048786,0</coordinates>
    </Point>
  </Placemark>
  <Placemark>
    <name>Winter Park Resort (Colorado)</name>
    <Style>
      <IconStyle>
        <scale>1.4</scale>
        <Icon><href>http://maps.google.com/mapfiles/kml/paddle/ylw-stars.png</href></Icon>
      </IconStyle>
    </Style>
    <description><![CDATA[<b>Winter Park Resort</b><br/><b>State:</b> Colorado<br/><b>Tier:</b> Big Mountain (3,000+ ft vertical)<br/><br/><b>Vertical Drop:</b> 3,060 ft<br/><b>Summit Elevation:</b> 12,060 ft MSL<br/><b>Base Elevation:</b> 9,000 ft MSL<br/><br/><b>Trails:</b> 171<br/><b>Lifts:</b> 28<br/><b>Skiable Acreage:</b> 3,081 acres<br/><b>Avg Annual Snowfall:</b> 344 in<br/><br/><b>Nearest Airports:</b> CO07 (16.6 mi), KGNB (16.7 mi), CO10 (30.8 mi)]]></description>
    <Point>
      <coordinates>-105.7827088,39.8716143,0</coordinates>
    </Point>
  </Placemark>
  <Placemark>
    <name>Saddleback Maine (Maine)</name>
    <Style>
      <IconStyle>
        <scale>1.1</scale>
        <Icon><href>http://maps.google.com/mapfiles/kml/paddle/orange-circle.png</href></Icon>
      </IconStyle>
    </Style>
    <description><![CDATA[<b>Saddleback Maine</b><br/><b>State:</b> Maine<br/><b>Tier:</b> Major Resort (1,500-2,999 ft vertical)<br/><br/><b>Vertical Drop:</b> 2,000 ft<br/><b>Summit Elevation:</b> 4,120 ft MSL<br/><b>Base Elevation:</b> 2,120 ft MSL<br/><br/><b>Trails:</b> 68<br/><b>Lifts:</b> 6<br/><b>Skiable Acreage:</b> 600 acres<br/><b>Avg Annual Snowfall:</b> 225 in<br/><br/><b>Nearest Airports:</b> K8B0 (7.5 mi), 08ME (12.7 mi), KB21 (18.0 mi)]]></description>
    <Point>
      <coordinates>-70.5269846,44.9457578,0</coordinates>
    </Point>
  </Placemark>
  <Placemark>
    <name>Boyne Mountain (Michigan)</name>
    <Style>
      <IconStyle>
        <scale>0.8</scale>
        <Icon><href>http://maps.google.com/mapfiles/kml/paddle/blu-circle.png</href></Icon>
      </IconStyle>
    </Style>
    <description><![CDATA[<b>Boyne Mountain</b><br/><b>State:</b> Michigan<br/><b>Tier:</b> Local Hill (< 500 ft vertical)<br/><br/><b>Vertical Drop:</b> 433 ft<br/><b>Summit Elevation:</b> 1,152 ft MSL<br/><b>Base Elevation:</b> 719 ft MSL<br/><br/><b>Trails:</b> 60<br/><b>Lifts:</b> 10<br/><b>Skiable Acreage:</b> 385 acres<br/><b>Avg Annual Snowfall:</b> 140 in<br/><br/><b>Nearest Airports:</b> KBFA (0.9 mi), KN98 (4.3 mi), KY94 (8.4 mi)]]></description>
    <Point>
      <coordinates>-84.9389365,45.1586201,0</coordinates>
    </Point>
  </Placemark>
  <Placemark>
    <name>Mountain Creek (New Jersey)</name>
    <Style>
      <IconStyle>
        <scale>1.0</scale>
        <Icon><href>http://maps.google.com/mapfiles/kml/paddle/ylw-circle.png</href></Icon>
      </IconStyle>
    </Style>
    <description><![CDATA[<b>Mountain Creek</b><br/><b>State:</b> New Jersey<br/><b>Tier:</b> Regional Resort (500-1,499 ft vertical)<br/><br/><b>Vertical Drop:</b> 1,040 ft<br/><b>Summit Elevation:</b> 1,480 ft MSL<br/><b>Base Elevation:</b> 440 ft MSL<br/><br/><b>Trails:</b> 41<br/><b>Lifts:</b> 8<br/><b>Skiable Acreage:</b> 200 acres<br/><b>Avg Annual Snowfall:</b> 65 in<br/><br/><b>Nearest Airports:</b> KFWN (5.7 mi), K4N1 (9.5 mi), JY43 (11.4 mi)]]></description>
    <Point>
      <coordinates>-74.5175729,41.177491,0</coordinates>
    </Point>
  </Placemark>
  <Placemark>
    <name>Mt Bachelor (Oregon)</name>
    <Style>
      <IconStyle>
        <scale>1.4</scale>
        <Icon><href>http://maps.google.com/mapfiles/kml/paddle/ylw-stars.png</href></Icon>
      </IconStyle>
    </Style>
    <description><![CDATA[<b>Mt Bachelor</b><br/><b>State:</b> Oregon<br/><b>Tier:</b> Big Mountain (3,000+ ft vertical)<br/><br/><b>Vertical Drop:</b> 3,365 ft<br/><b>Summit Elevation:</b> 9,065 ft MSL<br/><b>Base Elevation:</b> 5,700 ft MSL<br/><br/><b>Trails:</b> 101<br/><b>Lifts:</b> 11<br/><b>Skiable Acreage:</b> 4,318 acres<br/><b>Avg Annual Snowfall:</b> 462 in<br/><br/><b>Nearest Airports:</b> KS21 (13.7 mi), OR30 (20.8 mi), 8OR5 (21.0 mi)]]></description>
    <Point>
      <coordinates>-121.6885078,43.9793848,0</coordinates>
    </Point>
  </Placemark>
  <Placemark>
    <name>Mount Hood Meadows (Oregon)</name>
    <Style>
      <IconStyle>
        <scale>1.1</scale>
        <Icon><href>http://maps.google.com/mapfiles/kml/paddle/orange-circle.png</href></Icon>
      </IconStyle>
    </Style>
    <description><![CDATA[<b>Mount Hood Meadows</b><br/><b>State:</b> Oregon<br/><b>Tier:</b> Major Resort (1,500-2,999 ft vertical)<br/><br/><b>Vertical Drop:</b> 2,777 ft<br/><b>Summit Elevation:</b> 7,300 ft MSL<br/><b>Base Elevation:</b> 4,523 ft MSL<br/><br/><b>Trails:</b> 85<br/><b>Lifts:</b> 11<br/><b>Skiable Acreage:</b> 2,150 acres<br/><b>Avg Annual Snowfall:</b> 430 in<br/><br/><b>Nearest Airports:</b> 32OR (18.8 mi), 7OR6 (21.3 mi), K4S2 (24.4 mi)]]></description>
    <Point>
      <coordinates>-121.6650352,45.3322507,0</coordinates>
    </Point>
  </Placemark>
  <Placemark>
    <name>Brian Head (Utah)</name>
    <Style>
      <IconStyle>
        <scale>1.1</scale>
        <Icon><href>http://maps.google.com/mapfiles/kml/paddle/orange-circle.png</href></Icon>
      </IconStyle>
    </Style>
    <description><![CDATA[<b>Brian Head</b><br/><b>State:</b> Utah<br/><b>Tier:</b> Major Resort (1,500-2,999 ft vertical)<br/><br/><b>Vertical Drop:</b> 1,548 ft<br/><b>Summit Elevation:</b> 11,307 ft MSL<br/><b>Base Elevation:</b> 9,600 ft MSL<br/><br/><b>Trails:</b> 14<br/><b>Lifts:</b> 8<br/><b>Skiable Acreage:</b> 650 acres<br/><b>Avg Annual Snowfall:</b> 370 in<br/><br/><b>Nearest Airports:</b> K1L9 (11.7 mi), KCDC (13.6 mi), 2UT2 (15.4 mi)]]></description>
    <Point>
      <coordinates>-112.850776,37.6927551,0</coordinates>
    </Point>
  </Placemark>
  <Placemark>
    <name>Park City Mountain Resort (Utah)</name>
    <Style>
      <IconStyle>
        <scale>1.4</scale>
        <Icon><href>http://maps.google.com/mapfiles/kml/paddle/ylw-stars.png</href></Icon>
      </IconStyle>
    </Style>
    <description><![CDATA[<b>Park City Mountain Resort</b><br/><b>State:</b> Utah<br/><b>Tier:</b> Big Mountain (3,000+ ft vertical)<br/><br/><b>Vertical Drop:</b> 3,100 ft<br/><b>Summit Elevation:</b> 10,000 ft MSL<br/><b>Base Elevation:</b> 6,900 ft MSL<br/><br/><b>Trails:</b> 348<br/><b>Lifts:</b> 43<br/><b>Skiable Acreage:</b> 6,700 acres<br/><b>Avg Annual Snowfall:</b> 360 in<br/><br/><b>Nearest Airports:</b> KHCR (13.8 mi), 38UT (18.3 mi), KSVR (22.7 mi)]]></description>
    <Point>
      <coordinates>-111.562396,40.654146,0</coordinates>
    </Point>
  </Placemark>
  <Placemark>
    <name>Deer Valley (Utah)</name>
    <Style>
      <IconStyle>
        <scale>1.4</scale>
        <Icon><href>http://maps.google.com/mapfiles/kml/paddle/ylw-stars.png</href></Icon>
      </IconStyle>
    </Style>
    <description><![CDATA[<b>Deer Valley</b><br/><b>State:</b> Utah<br/><b>Tier:</b> Big Mountain (3,000+ ft vertical)<br/><br/><b>Vertical Drop:</b> 3,040 ft<br/><b>Summit Elevation:</b> 9,570 ft MSL<br/><b>Base Elevation:</b> 6,530 ft MSL<br/><br/><b>Trails:</b> 202<br/><b>Lifts:</b> 36<br/><b>Skiable Acreage:</b> 4,300 acres<br/><b>Avg Annual Snowfall:</b> 280 in<br/><br/><b>Nearest Airports:</b> KHCR (11.1 mi), 38UT (17.4 mi), 15UT (26.0 mi)]]></description>
    <Point>
      <coordinates>-111.4770619,40.6382306,0</coordinates>
    </Point>
  </Placemark>
  <Placemark>
    <name>Brighton Ski Resort (Utah)</name>
    <Style>
      <IconStyle>
        <scale>1.1</scale>
        <Icon><href>http://maps.google.com/mapfiles/kml/paddle/orange-circle.png</href></Icon>
      </IconStyle>
    </Style>
    <description><![CDATA[<b>Brighton Ski Resort</b><br/><b>State:</b> Utah<br/><b>Tier:</b> Major Resort (1,500-2,999 ft vertical)<br/><br/><b>Vertical Drop:</b> 1,745 ft<br/><b>Summit Elevation:</b> 10,500 ft MSL<br/><b>Base Elevation:</b> 8,755 ft MSL<br/><br/><b>Trails:</b> 66<br/><b>Lifts:</b> 6<br/><b>Skiable Acreage:</b> 1,050 acres<br/><b>Avg Annual Snowfall:</b> 500 in<br/><br/><b>Nearest Airports:</b> KHCR (11.4 mi), KSVR (21.5 mi), 38UT (22.2 mi)]]></description>
    <Point>
      <coordinates>-111.583719,40.5979914,0</coordinates>
    </Point>
  </Placemark>
  <Placemark>
    <name>Alta Ski Area (Utah)</name>
    <Style>
      <IconStyle>
        <scale>1.1</scale>
        <Icon><href>http://maps.google.com/mapfiles/kml/paddle/orange-circle.png</href></Icon>
      </IconStyle>
    </Style>
    <description><![CDATA[<b>Alta Ski Area</b><br/><b>State:</b> Utah<br/><b>Tier:</b> Major Resort (1,500-2,999 ft vertical)<br/><br/><b>Vertical Drop:</b> 2,538 ft<br/><b>Summit Elevation:</b> 11,068 ft MSL<br/><b>Base Elevation:</b> 8,530 ft MSL<br/><br/><b>Trails:</b> 119<br/><b>Lifts:</b> 10<br/><b>Skiable Acreage:</b> 2,614 acres<br/><b>Avg Annual Snowfall:</b> 546 in<br/><br/><b>Nearest Airports:</b> KHCR (13.2 mi), KSVR (18.7 mi), KSLC (22.5 mi)]]></description>
    <Point>
      <coordinates>-111.638401,40.5882366,0</coordinates>
    </Point>
  </Placemark>
  <Placemark>
    <name>Snowbird (Utah)</name>
    <Style>
      <IconStyle>
        <scale>1.4</scale>
        <Icon><href>http://maps.google.com/mapfiles/kml/paddle/ylw-stars.png</href></Icon>
      </IconStyle>
    </Style>
    <description><![CDATA[<b>Snowbird</b><br/><b>State:</b> Utah<br/><b>Tier:</b> Big Mountain (3,000+ ft vertical)<br/><br/><b>Vertical Drop:</b> 3,240 ft<br/><b>Summit Elevation:</b> 10,992 ft MSL<br/><b>Base Elevation:</b> 7,760 ft MSL<br/><br/><b>Trails:</b> 85<br/><b>Lifts:</b> 13<br/><b>Skiable Acreage:</b> 2,500 acres<br/><b>Avg Annual Snowfall:</b> 500 in<br/><br/><b>Nearest Airports:</b> KHCR (13.8 mi), KSVR (17.8 mi), KSLC (22.1 mi)]]></description>
    <Point>
      <coordinates>-111.6572955,40.5807546,0</coordinates>
    </Point>
  </Placemark>
  <Placemark>
    <name>Smugglers' Notch (Vermont)</name>
    <Style>
      <IconStyle>
        <scale>1.1</scale>
        <Icon><href>http://maps.google.com/mapfiles/kml/paddle/orange-circle.png</href></Icon>
      </IconStyle>
    </Style>
    <description><![CDATA[<b>Smugglers' Notch</b><br/><b>State:</b> Vermont<br/><b>Tier:</b> Major Resort (1,500-2,999 ft vertical)<br/><br/><b>Vertical Drop:</b> 2,610 ft<br/><b>Summit Elevation:</b> 3,640 ft MSL<br/><b>Base Elevation:</b> 1,030 ft MSL<br/><br/><b>Trails:</b> 78<br/><b>Lifts:</b> 16<br/><b>Skiable Acreage:</b> 1,000 acres<br/><b>Avg Annual Snowfall:</b> 288 in<br/><br/><b>Nearest Airports:</b> KMVL (8.0 mi), VT42 (8.9 mi), VT44 (9.7 mi)]]></description>
    <Point>
      <coordinates>-72.7676473,44.5726967,0</coordinates>
    </Point>
  </Placemark>
  <Placemark>
    <name>Windham Mountain (New York)</name>
    <Style>
      <IconStyle>
        <scale>1.1</scale>
        <Icon><href>http://maps.google.com/mapfiles/kml/paddle/orange-circle.png</href></Icon>
      </IconStyle>
    </Style>
    <description><![CDATA[<b>Windham Mountain</b><br/><b>State:</b> New York<br/><b>Tier:</b> Major Resort (1,500-2,999 ft vertical)<br/><br/><b>Vertical Drop:</b> 1,600 ft<br/><b>Summit Elevation:</b> 3,100 ft MSL<br/><b>Base Elevation:</b> 1,500 ft MSL<br/><br/><b>Trails:</b> 52<br/><b>Lifts:</b> 12<br/><b>Skiable Acreage:</b> 279 acres<br/><b>Avg Annual Snowfall:</b> 100 in<br/><br/><b>Nearest Airports:</b> 74NK (10.4 mi), K1I5 (11.1 mi), 44NK (13.4 mi)]]></description>
    <Point>
      <coordinates>-74.2613118,42.2939257,0</coordinates>
    </Point>
  </Placemark>
  <Placemark>
    <name>Hunter Mountain (New York)</name>
    <Style>
      <IconStyle>
        <scale>1.1</scale>
        <Icon><href>http://maps.google.com/mapfiles/kml/paddle/orange-circle.png</href></Icon>
      </IconStyle>
    </Style>
    <description><![CDATA[<b>Hunter Mountain</b><br/><b>State:</b> New York<br/><b>Tier:</b> Major Resort (1,500-2,999 ft vertical)<br/><br/><b>Vertical Drop:</b> 1,600 ft<br/><b>Summit Elevation:</b> 3,200 ft MSL<br/><b>Base Elevation:</b> 1,600 ft MSL<br/><br/><b>Trails:</b> 58<br/><b>Lifts:</b> 10<br/><b>Skiable Acreage:</b> 240 acres<br/><b>Avg Annual Snowfall:</b> 120 in<br/><br/><b>Nearest Airports:</b> 74NK (13.4 mi), 18NY (14.5 mi), K1I5 (15.4 mi)]]></description>
    <Point>
      <coordinates>-74.2304216,42.1778662,0</coordinates>
    </Point>
  </Placemark>
  <Placemark>
    <name>Killington Ski Resort (Vermont)</name>
    <Style>
      <IconStyle>
        <scale>1.4</scale>
        <Icon><href>http://maps.google.com/mapfiles/kml/paddle/ylw-stars.png</href></Icon>
      </IconStyle>
    </Style>
    <description><![CDATA[<b>Killington Ski Resort</b><br/><b>State:</b> Vermont<br/><b>Tier:</b> Big Mountain (3,000+ ft vertical)<br/><br/><b>Vertical Drop:</b> 3,050 ft<br/><b>Summit Elevation:</b> 4,241 ft MSL<br/><b>Base Elevation:</b> 1,165 ft MSL<br/><br/><b>Trails:</b> 155<br/><b>Lifts:</b> 21<br/><b>Skiable Acreage:</b> 1,509 acres<br/><b>Avg Annual Snowfall:</b> 250 in<br/><br/><b>Nearest Airports:</b> KRUT (9.7 mi), VT17 (17.8 mi), 1VT8 (19.1 mi)]]></description>
    <Point>
      <coordinates>-72.7925911,43.6112012,0</coordinates>
    </Point>
  </Placemark>
  <Placemark>
    <name>Okemo Mountain (Vermont)</name>
    <Style>
      <IconStyle>
        <scale>1.1</scale>
        <Icon><href>http://maps.google.com/mapfiles/kml/paddle/orange-circle.png</href></Icon>
      </IconStyle>
    </Style>
    <description><![CDATA[<b>Okemo Mountain</b><br/><b>State:</b> Vermont<br/><b>Tier:</b> Major Resort (1,500-2,999 ft vertical)<br/><br/><b>Vertical Drop:</b> 2,200 ft<br/><b>Summit Elevation:</b> 3,344 ft MSL<br/><b>Base Elevation:</b> 1,144 ft MSL<br/><br/><b>Trails:</b> 119<br/><b>Lifts:</b> 19<br/><b>Skiable Acreage:</b> 632 acres<br/><b>Avg Annual Snowfall:</b> 200 in<br/><br/><b>Nearest Airports:</b> VT17 (4.0 mi), VT13 (7.5 mi), KVSF (11.8 mi)]]></description>
    <Point>
      <coordinates>-72.7343315,43.4077589,0</coordinates>
    </Point>
  </Placemark>
  <Placemark>
    <name>Stowe Mountain Resort (Vermont)</name>
    <Style>
      <IconStyle>
        <scale>1.1</scale>
        <Icon><href>http://maps.google.com/mapfiles/kml/paddle/orange-circle.png</href></Icon>
      </IconStyle>
    </Style>
    <description><![CDATA[<b>Stowe Mountain Resort</b><br/><b>State:</b> Vermont<br/><b>Tier:</b> Major Resort (1,500-2,999 ft vertical)<br/><br/><b>Vertical Drop:</b> 2,160 ft<br/><b>Summit Elevation:</b> 3,719 ft MSL<br/><b>Base Elevation:</b> 1,559 ft MSL<br/><br/><b>Trails:</b> 116<br/><b>Lifts:</b> 13<br/><b>Skiable Acreage:</b> 485 acres<br/><b>Avg Annual Snowfall:</b> 224 in<br/><br/><b>Nearest Airports:</b> VT72 (8.0 mi), 07VT (8.3 mi), KMVL (8.9 mi)]]></description>
    <Point>
      <coordinates>-72.7936843,44.5297676,0</coordinates>
    </Point>
  </Placemark>
  <Placemark>
    <name>Sugarbush Resort (Vermont)</name>
    <Style>
      <IconStyle>
        <scale>1.1</scale>
        <Icon><href>http://maps.google.com/mapfiles/kml/paddle/orange-circle.png</href></Icon>
      </IconStyle>
    </Style>
    <description><![CDATA[<b>Sugarbush Resort</b><br/><b>State:</b> Vermont<br/><b>Tier:</b> Major Resort (1,500-2,999 ft vertical)<br/><br/><b>Vertical Drop:</b> 2,600 ft<br/><b>Summit Elevation:</b> 4,083 ft MSL<br/><b>Base Elevation:</b> 1,483 ft MSL<br/><br/><b>Trails:</b> 111<br/><b>Lifts:</b> 16<br/><b>Skiable Acreage:</b> 508 acres<br/><b>Avg Annual Snowfall:</b> 269 in<br/><br/><b>Nearest Airports:</b> VT30 (3.8 mi), K0B7 (4.7 mi), VT76 (4.8 mi)]]></description>
    <Point>
      <coordinates>-72.9084672,44.1515207,0</coordinates>
    </Point>
  </Placemark>
  <Placemark>
    <name>Sugarloaf (Maine)</name>
    <Style>
      <IconStyle>
        <scale>1.1</scale>
        <Icon><href>http://maps.google.com/mapfiles/kml/paddle/orange-circle.png</href></Icon>
      </IconStyle>
    </Style>
    <description><![CDATA[<b>Sugarloaf</b><br/><b>State:</b> Maine<br/><b>Tier:</b> Major Resort (1,500-2,999 ft vertical)<br/><br/><b>Vertical Drop:</b> 2,820 ft<br/><b>Summit Elevation:</b> 4,237 ft MSL<br/><b>Base Elevation:</b> 1,417 ft MSL<br/><br/><b>Trails:</b> 154<br/><b>Lifts:</b> 14<br/><b>Skiable Acreage:</b> 1,360 acres<br/><b>Avg Annual Snowfall:</b> 200 in<br/><br/><b>Nearest Airports:</b> KB21 (5.4 mi), 08ME (16.3 mi), K8B0 (17.6 mi)]]></description>
    <Point>
      <coordinates>-70.3149571,45.049526,0</coordinates>
    </Point>
  </Placemark>
  <Placemark>
    <name>Snowshoe Mountain (West Virginia)</name>
    <Style>
      <IconStyle>
        <scale>1.1</scale>
        <Icon><href>http://maps.google.com/mapfiles/kml/paddle/orange-circle.png</href></Icon>
      </IconStyle>
    </Style>
    <description><![CDATA[<b>Snowshoe Mountain</b><br/><b>State:</b> West Virginia<br/><b>Tier:</b> Major Resort (1,500-2,999 ft vertical)<br/><br/><b>Vertical Drop:</b> 1,500 ft<br/><b>Summit Elevation:</b> 4,848 ft MSL<br/><b>Base Elevation:</b> 3,348 ft MSL<br/><br/><b>Trails:</b> 60<br/><b>Lifts:</b> 14<br/><b>Skiable Acreage:</b> 244 acres<br/><b>Avg Annual Snowfall:</b> 180 in<br/><br/><b>Nearest Airports:</b> 8WV3 (6.8 mi), WV52 (9.0 mi), WV00 (11.1 mi)]]></description>
    <Point>
      <coordinates>-79.9908416,38.4108888,0</coordinates>
    </Point>
  </Placemark>
  <Placemark>
    <name>Stevens Pass (Washington)</name>
    <Style>
      <IconStyle>
        <scale>1.1</scale>
        <Icon><href>http://maps.google.com/mapfiles/kml/paddle/orange-circle.png</href></Icon>
      </IconStyle>
    </Style>
    <description><![CDATA[<b>Stevens Pass</b><br/><b>State:</b> Washington<br/><b>Tier:</b> Major Resort (1,500-2,999 ft vertical)<br/><br/><b>Vertical Drop:</b> 1,800 ft<br/><b>Summit Elevation:</b> 5,845 ft MSL<br/><b>Base Elevation:</b> 4,061 ft MSL<br/><br/><b>Trails:</b> 37<br/><b>Lifts:</b> 10<br/><b>Skiable Acreage:</b> 1,125 acres<br/><b>Avg Annual Snowfall:</b> 450 in<br/><br/><b>Nearest Airports:</b> KS88 (11.9 mi), K27W (17.9 mi), K4W0 (31.9 mi)]]></description>
    <Point>
      <coordinates>-121.089171,47.7456352,0</coordinates>
    </Point>
  </Placemark>
  <Placemark>
    <name>Crystal Mountain (Washington)</name>
    <Style>
      <IconStyle>
        <scale>1.4</scale>
        <Icon><href>http://maps.google.com/mapfiles/kml/paddle/ylw-stars.png</href></Icon>
      </IconStyle>
    </Style>
    <description><![CDATA[<b>Crystal Mountain</b><br/><b>State:</b> Washington<br/><b>Tier:</b> Big Mountain (3,000+ ft vertical)<br/><br/><b>Vertical Drop:</b> 3,100 ft<br/><b>Summit Elevation:</b> 7,012 ft MSL<br/><b>Base Elevation:</b> 3,912 ft MSL<br/><br/><b>Trails:</b> 57<br/><b>Lifts:</b> 12<br/><b>Skiable Acreage:</b> 2,600 acres<br/><b>Avg Annual Snowfall:</b> 350 in<br/><br/><b>Nearest Airports:</b> K21W (6.0 mi), K55S (24.4 mi), KESW (26.4 mi)]]></description>
    <Point>
      <coordinates>-121.4877287,46.9327365,0</coordinates>
    </Point>
  </Placemark>
  <Placemark>
    <name>Mt Baker (Washington)</name>
    <Style>
      <IconStyle>
        <scale>1.1</scale>
        <Icon><href>http://maps.google.com/mapfiles/kml/paddle/orange-circle.png</href></Icon>
      </IconStyle>
    </Style>
    <description><![CDATA[<b>Mt Baker</b><br/><b>State:</b> Washington<br/><b>Tier:</b> Major Resort (1,500-2,999 ft vertical)<br/><br/><b>Vertical Drop:</b> 1,589 ft<br/><b>Summit Elevation:</b> 5,089 ft MSL<br/><b>Base Elevation:</b> 3,500 ft MSL<br/><br/><b>Trails:</b> 31<br/><b>Lifts:</b> 10<br/><b>Skiable Acreage:</b> 1,000 acres<br/><b>Avg Annual Snowfall:</b> 641 in<br/><br/><b>Nearest Airports:</b> WN08 (16.6 mi), WA12 (17.2 mi), K3W5 (17.3 mi)]]></description>
    <Point>
      <coordinates>-121.814566,48.7767701,0</coordinates>
    </Point>
  </Placemark>
  <Placemark>
    <name>Whiteface Mountain (New York)</name>
    <Style>
      <IconStyle>
        <scale>1.4</scale>
        <Icon><href>http://maps.google.com/mapfiles/kml/paddle/ylw-stars.png</href></Icon>
      </IconStyle>
    </Style>
    <description><![CDATA[<b>Whiteface Mountain</b><br/><b>State:</b> New York<br/><b>Tier:</b> Big Mountain (3,000+ ft vertical)<br/><br/><b>Vertical Drop:</b> 3,430 ft<br/><b>Summit Elevation:</b> 4,650 ft MSL<br/><b>Base Elevation:</b> 1,220 ft MSL<br/><br/><b>Trails:</b> 87<br/><b>Lifts:</b> 11<br/><b>Skiable Acreage:</b> 314 acres<br/><b>Avg Annual Snowfall:</b> 168 in<br/><br/><b>Nearest Airports:</b> KLKP (7.6 mi), 1NK6 (8.6 mi), K1I1 (11.5 mi)]]></description>
    <Point>
      <coordinates>-73.9029843,44.3657845,0</coordinates>
    </Point>
  </Placemark>
  <Placemark>
    <name>Powder Mountain (Utah)</name>
    <Style>
      <IconStyle>
        <scale>1.4</scale>
        <Icon><href>http://maps.google.com/mapfiles/kml/paddle/ylw-stars.png</href></Icon>
      </IconStyle>
    </Style>
    <description><![CDATA[<b>Powder Mountain</b><br/><b>State:</b> Utah<br/><b>Tier:</b> Big Mountain (3,000+ ft vertical)<br/><br/><b>Vertical Drop:</b> 3,380 ft<br/><b>Summit Elevation:</b> 9,422 ft MSL<br/><b>Base Elevation:</b> 6,900 ft MSL<br/><br/><b>Trails:</b> 167<br/><b>Lifts:</b> 9<br/><b>Skiable Acreage:</b> 5,000 acres<br/><b>Avg Annual Snowfall:</b> 360 in<br/><br/><b>Nearest Airports:</b> 11UT (9.6 mi), UT01 (9.6 mi), 16UT (14.3 mi)]]></description>
    <Point>
      <coordinates>-111.7854157,41.3804156,0</coordinates>
    </Point>
  </Placemark>
  <Placemark>
    <name>Sugar Mountain Resort (North Carolina)</name>
    <Style>
      <IconStyle>
        <scale>1.0</scale>
        <Icon><href>http://maps.google.com/mapfiles/kml/paddle/ylw-circle.png</href></Icon>
      </IconStyle>
    </Style>
    <description><![CDATA[<b>Sugar Mountain Resort</b><br/><b>State:</b> North Carolina<br/><b>Tier:</b> Regional Resort (500-1,499 ft vertical)<br/><br/><b>Vertical Drop:</b> 1,200 ft<br/><b>Summit Elevation:</b> 5,300 ft MSL<br/><b>Base Elevation:</b> 4,100 ft MSL<br/><br/><b>Trails:</b> 21<br/><b>Lifts:</b> 8<br/><b>Skiable Acreage:</b> 120 acres<br/><b>Avg Annual Snowfall:</b> 77 in<br/><br/><b>Nearest Airports:</b> NC06 (2.7 mi), NC14 (13.7 mi), K7A8 (14.5 mi)]]></description>
    <Point>
      <coordinates>-81.869162,36.1277635,0</coordinates>
    </Point>
  </Placemark>
  <Placemark>
    <name>Beech Mountain Resort (North Carolina)</name>
    <Style>
      <IconStyle>
        <scale>1.0</scale>
        <Icon><href>http://maps.google.com/mapfiles/kml/paddle/ylw-circle.png</href></Icon>
      </IconStyle>
    </Style>
    <description><![CDATA[<b>Beech Mountain Resort</b><br/><b>State:</b> North Carolina<br/><b>Tier:</b> Regional Resort (500-1,499 ft vertical)<br/><br/><b>Vertical Drop:</b> 831 ft<br/><b>Summit Elevation:</b> 5,506 ft MSL<br/><b>Base Elevation:</b> 4,675 ft MSL<br/><br/><b>Trails:</b> 17<br/><b>Lifts:</b> 8<br/><b>Skiable Acreage:</b> 95 acres<br/><b>Avg Annual Snowfall:</b> 84 in<br/><br/><b>Nearest Airports:</b> NC06 (2.4 mi), NC14 (13.3 mi), K6A4 (15.9 mi)]]></description>
    <Point>
      <coordinates>-81.8781191,36.1914373,0</coordinates>
    </Point>
  </Placemark>
  <Placemark>
    <name>Appalachian Ski Mountain (North Carolina)</name>
    <Style>
      <IconStyle>
        <scale>0.8</scale>
        <Icon><href>http://maps.google.com/mapfiles/kml/paddle/blu-circle.png</href></Icon>
      </IconStyle>
    </Style>
    <description><![CDATA[<b>Appalachian Ski Mountain</b><br/><b>State:</b> North Carolina<br/><b>Tier:</b> Local Hill (< 500 ft vertical)<br/><br/><b>Vertical Drop:</b> 365 ft<br/><b>Summit Elevation:</b> 4,000 ft MSL<br/><b>Base Elevation:</b> 3,635 ft MSL<br/><br/><b>Trails:</b> 12<br/><b>Lifts:</b> 5<br/><b>Skiable Acreage:</b> 27 acres<br/><b>Avg Annual Snowfall:</b> 27 in<br/><br/><b>Nearest Airports:</b> NC14 (2.0 mi), NC06 (13.1 mi), NC27 (18.6 mi)]]></description>
    <Point>
      <coordinates>-81.6623721,36.1744091,0</coordinates>
    </Point>
  </Placemark>
  <Placemark>
    <name>Cataloochee Ski Area (North Carolina)</name>
    <Style>
      <IconStyle>
        <scale>1.0</scale>
        <Icon><href>http://maps.google.com/mapfiles/kml/paddle/ylw-circle.png</href></Icon>
      </IconStyle>
    </Style>
    <description><![CDATA[<b>Cataloochee Ski Area</b><br/><b>State:</b> North Carolina<br/><b>Tier:</b> Regional Resort (500-1,499 ft vertical)<br/><br/><b>Vertical Drop:</b> 740 ft<br/><b>Summit Elevation:</b> 5,400 ft MSL<br/><b>Base Elevation:</b> 4,660 ft MSL<br/><br/><b>Trails:</b> 18<br/><b>Lifts:</b> 5<br/><b>Skiable Acreage:</b> 50 acres<br/><b>Avg Annual Snowfall:</b> 24 in<br/><br/><b>Nearest Airports:</b> 82NR (17.8 mi), K24A (18.1 mi), 57NC (22.6 mi)]]></description>
    <Point>
      <coordinates>-83.0903929,35.5597983,0</coordinates>
    </Point>
  </Placemark>
  <Placemark>
    <name>Sapphire Valley Ski Area (North Carolina)</name>
    <Style>
      <IconStyle>
        <scale>0.8</scale>
        <Icon><href>http://maps.google.com/mapfiles/kml/paddle/blu-circle.png</href></Icon>
      </IconStyle>
    </Style>
    <description><![CDATA[<b>Sapphire Valley Ski Area</b><br/><b>State:</b> North Carolina<br/><b>Tier:</b> Local Hill (< 500 ft vertical)<br/><br/><b>Vertical Drop:</b> 200 ft<br/><b>Summit Elevation:</b> 3,400 ft MSL<br/><b>Base Elevation:</b> 3,200 ft MSL<br/><br/><b>Trails:</b> 3<br/><b>Lifts:</b> 3<br/><b>Skiable Acreage:</b> 8 acres<br/><b>Avg Annual Snowfall:</b> 24 in<br/><br/><b>Nearest Airports:</b> K24A (16.3 mi), SC26 (22.0 mi), K1A5 (22.4 mi)]]></description>
    <Point>
      <coordinates>-83.0426072,35.1243286,0</coordinates>
    </Point>
  </Placemark>
  <Placemark>
    <name>Wolf Ridge Ski Resort (North Carolina)</name>
    <Style>
      <IconStyle>
        <scale>1.0</scale>
        <Icon><href>http://maps.google.com/mapfiles/kml/paddle/ylw-circle.png</href></Icon>
      </IconStyle>
    </Style>
    <description><![CDATA[<b>Wolf Ridge Ski Resort</b><br/><b>State:</b> North Carolina<br/><b>Tier:</b> Regional Resort (500-1,499 ft vertical)<br/><br/><b>Vertical Drop:</b> 700 ft<br/><b>Summit Elevation:</b> 4,700 ft MSL<br/><b>Base Elevation:</b> 4,000 ft MSL<br/><br/><b>Trails:</b> 15<br/><b>Lifts:</b> 4<br/><b>Skiable Acreage:</b> 65 acres<br/><b>Avg Annual Snowfall:</b> 65 in<br/><br/><b>Nearest Airports:</b> 3NR3 (18.0 mi), K24A (18.7 mi), SC26 (24.9 mi)]]></description>
    <Point>
      <coordinates>-82.9359697,35.1653788,0</coordinates>
    </Point>
  </Placemark>
  <Placemark>
    <name>Aspen Highlands (Colorado)</name>
    <Style>
      <IconStyle>
        <scale>1.4</scale>
        <Icon><href>http://maps.google.com/mapfiles/kml/paddle/ylw-stars.png</href></Icon>
      </IconStyle>
    </Style>
    <description><![CDATA[<b>Aspen Highlands</b><br/><b>State:</b> Colorado<br/><b>Tier:</b> Big Mountain (3,000+ ft vertical)<br/><br/><b>Vertical Drop:</b> 3,635 ft<br/><b>Summit Elevation:</b> 11,675 ft MSL<br/><b>Base Elevation:</b> 8,040 ft MSL<br/><br/><b>Trails:</b> 118<br/><b>Lifts:</b> 5<br/><b>Skiable Acreage:</b> 1,024 acres<br/><b>Avg Annual Snowfall:</b> 300 in<br/><br/><b>Nearest Airports:</b> KASE (4.6 mi), CO03 (7.6 mi), 0CO2 (21.2 mi)]]></description>
    <Point>
      <coordinates>-106.8691338,39.1553219,0</coordinates>
    </Point>
  </Placemark>
  <Placemark>
    <name>Aspen Mountain (Colorado)</name>
    <Style>
      <IconStyle>
        <scale>1.4</scale>
        <Icon><href>http://maps.google.com/mapfiles/kml/paddle/ylw-stars.png</href></Icon>
      </IconStyle>
    </Style>
    <description><![CDATA[<b>Aspen Mountain</b><br/><b>State:</b> Colorado<br/><b>Tier:</b> Big Mountain (3,000+ ft vertical)<br/><br/><b>Vertical Drop:</b> 3,267 ft<br/><b>Summit Elevation:</b> 11,212 ft MSL<br/><b>Base Elevation:</b> 7,945 ft MSL<br/><br/><b>Trails:</b> 104<br/><b>Lifts:</b> 9<br/><b>Skiable Acreage:</b> 828 acres<br/><b>Avg Annual Snowfall:</b> 300 in<br/><br/><b>Nearest Airports:</b> KASE (3.8 mi), CO03 (7.3 mi), 4CO0 (23.0 mi)]]></description>
    <Point>
      <coordinates>-106.8292058,39.1760986,0</coordinates>
    </Point>
  </Placemark>
  <Placemark>
    <name>Buttermilk (Colorado)</name>
    <Style>
      <IconStyle>
        <scale>1.1</scale>
        <Icon><href>http://maps.google.com/mapfiles/kml/paddle/orange-circle.png</href></Icon>
      </IconStyle>
    </Style>
    <description><![CDATA[<b>Buttermilk</b><br/><b>State:</b> Colorado<br/><b>Tier:</b> Major Resort (1,500-2,999 ft vertical)<br/><br/><b>Vertical Drop:</b> 2,030 ft<br/><b>Summit Elevation:</b> 9,900 ft MSL<br/><b>Base Elevation:</b> 7,870 ft MSL<br/><br/><b>Trails:</b> 43<br/><b>Lifts:</b> 5<br/><b>Skiable Acreage:</b> 454 acres<br/><b>Avg Annual Snowfall:</b> 200 in<br/><br/><b>Nearest Airports:</b> KASE (2.0 mi), CO03 (5.2 mi), 4CO0 (20.6 mi)]]></description>
    <Point>
      <coordinates>-106.8695834,39.1928348,0</coordinates>
    </Point>
  </Placemark>
  <Placemark>
    <name>Snowmass (Colorado)</name>
    <Style>
      <IconStyle>
        <scale>1.4</scale>
        <Icon><href>http://maps.google.com/mapfiles/kml/paddle/ylw-stars.png</href></Icon>
      </IconStyle>
    </Style>
    <description><![CDATA[<b>Snowmass</b><br/><b>State:</b> Colorado<br/><b>Tier:</b> Big Mountain (3,000+ ft vertical)<br/><br/><b>Vertical Drop:</b> 4,400 ft<br/><b>Summit Elevation:</b> 12,510 ft MSL<br/><b>Base Elevation:</b> 8,110 ft MSL<br/><br/><b>Trails:</b> 98<br/><b>Lifts:</b> 20<br/><b>Skiable Acreage:</b> 3,342 acres<br/><b>Avg Annual Snowfall:</b> 300 in<br/><br/><b>Nearest Airports:</b> CO03 (6.3 mi), KASE (9.8 mi), 4CO0 (10.2 mi)]]></description>
    <Point>
      <coordinates>-106.9846471,39.3310391,0</coordinates>
    </Point>
  </Placemark>
  <Placemark>
    <name>Lee Canyon (Ski and Snowboard Resort) (Nevada)</name>
    <Style>
      <IconStyle>
        <scale>1.0</scale>
        <Icon><href>http://maps.google.com/mapfiles/kml/paddle/ylw-circle.png</href></Icon>
      </IconStyle>
    </Style>
    <description><![CDATA[<b>Lee Canyon (Ski and Snowboard Resort)</b><br/><b>State:</b> Nevada<br/><b>Tier:</b> Regional Resort (500-1,499 ft vertical)<br/><br/><b>Vertical Drop:</b> 860 ft<br/><b>Summit Elevation:</b> 11,289 ft MSL<br/><b>Base Elevation:</b> 8,510 ft MSL<br/><br/><b>Trails:</b> 27<br/><b>Lifts:</b> 3<br/><b>Skiable Acreage:</b> 385 acres<br/><b>Avg Annual Snowfall:</b> 161 in<br/><br/><b>Nearest Airports:</b> NV98 (17.3 mi), K74P (18.3 mi), NV00 (18.3 mi)]]></description>
    <Point>
      <coordinates>-115.672147,36.3196229,0</coordinates>
    </Point>
  </Placemark>
  <Placemark>
    <name>Terry Peak (South Dakota)</name>
    <Style>
      <IconStyle>
        <scale>1.0</scale>
        <Icon><href>http://maps.google.com/mapfiles/kml/paddle/ylw-circle.png</href></Icon>
      </IconStyle>
    </Style>
    <description><![CDATA[<b>Terry Peak</b><br/><b>State:</b> South Dakota<br/><b>Tier:</b> Regional Resort (500-1,499 ft vertical)<br/><br/><b>Vertical Drop:</b> 1,134 ft<br/><b>Summit Elevation:</b> 7,064 ft MSL<br/><b>Base Elevation:</b> 5,930 ft MSL<br/><br/><b>Trails:</b> 30<br/><b>Lifts:</b> 4<br/><b>Skiable Acreage:</b> 450 acres<br/><b>Avg Annual Snowfall:</b> 150 in<br/><br/><b>Nearest Airports:</b> SD90 (9.9 mi), KSPF (10.9 mi), 2SD0 (21.0 mi)]]></description>
    <Point>
      <coordinates>-103.8352015,44.3274841,0</coordinates>
    </Point>
  </Placemark>
  <Placemark>
    <name>Mount Snow (Vermont)</name>
    <Style>
      <IconStyle>
        <scale>1.1</scale>
        <Icon><href>http://maps.google.com/mapfiles/kml/paddle/orange-circle.png</href></Icon>
      </IconStyle>
    </Style>
    <description><![CDATA[<b>Mount Snow</b><br/><b>State:</b> Vermont<br/><b>Tier:</b> Major Resort (1,500-2,999 ft vertical)<br/><br/><b>Vertical Drop:</b> 1,700 ft<br/><b>Summit Elevation:</b> 3,600 ft MSL<br/><b>Base Elevation:</b> 1,900 ft MSL<br/><br/><b>Trails:</b> 86<br/><b>Lifts:</b> 20<br/><b>Skiable Acreage:</b> 600 acres<br/><b>Avg Annual Snowfall:</b> 156 in<br/><br/><b>Nearest Airports:</b> K4V8 (3.7 mi), VT43 (14.3 mi), KDDH (17.0 mi)]]></description>
    <Point>
      <coordinates>-72.9237615,42.9592534,0</coordinates>
    </Point>
  </Placemark>
  <Placemark>
    <name>Wintergreen (Virginia)</name>
    <Style>
      <IconStyle>
        <scale>1.0</scale>
        <Icon><href>http://maps.google.com/mapfiles/kml/paddle/ylw-circle.png</href></Icon>
      </IconStyle>
    </Style>
    <description><![CDATA[<b>Wintergreen</b><br/><b>State:</b> Virginia<br/><b>Tier:</b> Regional Resort (500-1,499 ft vertical)<br/><br/><b>Vertical Drop:</b> 1,003 ft<br/><b>Summit Elevation:</b> 3,515 ft MSL<br/><b>Base Elevation:</b> 2,512 ft MSL<br/><br/><b>Trails:</b> 26<br/><b>Lifts:</b> 5<br/><b>Skiable Acreage:</b> 129 acres<br/><b>Avg Annual Snowfall:</b> 35 in<br/><br/><b>Nearest Airports:</b> VG22 (3.8 mi), VG52 (8.5 mi), KW13 (10.9 mi)]]></description>
    <Point>
      <coordinates>-78.9405821,37.918683,0</coordinates>
    </Point>
  </Placemark>
  <Placemark>
    <name>Angel Fire Resort (New Mexico)</name>
    <Style>
      <IconStyle>
        <scale>1.1</scale>
        <Icon><href>http://maps.google.com/mapfiles/kml/paddle/orange-circle.png</href></Icon>
      </IconStyle>
    </Style>
    <description><![CDATA[<b>Angel Fire Resort</b><br/><b>State:</b> New Mexico<br/><b>Tier:</b> Major Resort (1,500-2,999 ft vertical)<br/><br/><b>Vertical Drop:</b> 2,077 ft<br/><b>Summit Elevation:</b> 10,677 ft MSL<br/><b>Base Elevation:</b> 8,600 ft MSL<br/><br/><b>Trails:</b> 80<br/><b>Lifts:</b> 7<br/><b>Skiable Acreage:</b> 560 acres<br/><b>Avg Annual Snowfall:</b> 210 in<br/><br/><b>Nearest Airports:</b> KAXX (3.9 mi), KSKX (24.3 mi), NM03 (32.9 mi)]]></description>
    <Point>
      <coordinates>-105.2444449,36.379518,0</coordinates>
    </Point>
  </Placemark>
  <Placemark>
    <name>Bridger Bowl (Montana)</name>
    <Style>
      <IconStyle>
        <scale>1.1</scale>
        <Icon><href>http://maps.google.com/mapfiles/kml/paddle/orange-circle.png</href></Icon>
      </IconStyle>
    </Style>
    <description><![CDATA[<b>Bridger Bowl</b><br/><b>State:</b> Montana<br/><b>Tier:</b> Major Resort (1,500-2,999 ft vertical)<br/><br/><b>Vertical Drop:</b> 2,600 ft<br/><b>Summit Elevation:</b> 8,700 ft MSL<br/><b>Base Elevation:</b> 6,100 ft MSL<br/><br/><b>Trails:</b> 75<br/><b>Lifts:</b> 11<br/><b>Skiable Acreage:</b> 2,000 acres<br/><b>Avg Annual Snowfall:</b> 350 in<br/><br/><b>Nearest Airports:</b> 21MT (9.0 mi), MT71 (9.0 mi), 9MT9 (10.5 mi)]]></description>
    <Point>
      <coordinates>-110.910411,45.8162603,0</coordinates>
    </Point>
  </Placemark>
  <Placemark>
    <name>Turner Mountain (Montana)</name>
    <Style>
      <IconStyle>
        <scale>1.1</scale>
        <Icon><href>http://maps.google.com/mapfiles/kml/paddle/orange-circle.png</href></Icon>
      </IconStyle>
    </Style>
    <description><![CDATA[<b>Turner Mountain</b><br/><b>State:</b> Montana<br/><b>Tier:</b> Major Resort (1,500-2,999 ft vertical)<br/><br/><b>Vertical Drop:</b> 2,110 ft<br/><b>Summit Elevation:</b> 5,952 ft MSL<br/><b>Base Elevation:</b> 3,842 ft MSL<br/><br/><b>Trails:</b> 22<br/><b>Lifts:</b> 1<br/><b>Skiable Acreage:</b> 1,000 acres<br/><b>Avg Annual Snowfall:</b> 200 in<br/><br/><b>Nearest Airports:</b> K57S (14.6 mi), KS59 (23.7 mi), K65S (30.5 mi)]]></description>
    <Point>
      <coordinates>-115.6507295,48.6099504,0</coordinates>
    </Point>
  </Placemark>
  <Placemark>
    <name>Discovery (Montana)</name>
    <Style>
      <IconStyle>
        <scale>1.1</scale>
        <Icon><href>http://maps.google.com/mapfiles/kml/paddle/orange-circle.png</href></Icon>
      </IconStyle>
    </Style>
    <description><![CDATA[<b>Discovery</b><br/><b>State:</b> Montana<br/><b>Tier:</b> Major Resort (1,500-2,999 ft vertical)<br/><br/><b>Vertical Drop:</b> 2,388 ft<br/><b>Summit Elevation:</b> 8,158 ft MSL<br/><b>Base Elevation:</b> 5,770 ft MSL<br/><br/><b>Trails:</b> 67<br/><b>Lifts:</b> 8<br/><b>Skiable Acreage:</b> 2,200 acres<br/><b>Avg Annual Snowfall:</b> 150 in<br/><br/><b>Nearest Airports:</b> KU05 (4.8 mi), MT82 (13.2 mi), 1MT6 (14.3 mi)]]></description>
    <Point>
      <coordinates>-113.2424311,46.2637411,0</coordinates>
    </Point>
  </Placemark>
  <Placemark>
    <name>Great Divide (Montana)</name>
    <Style>
      <IconStyle>
        <scale>1.0</scale>
        <Icon><href>http://maps.google.com/mapfiles/kml/paddle/ylw-circle.png</href></Icon>
      </IconStyle>
    </Style>
    <description><![CDATA[<b>Great Divide</b><br/><b>State:</b> Montana<br/><b>Tier:</b> Regional Resort (500-1,499 ft vertical)<br/><br/><b>Vertical Drop:</b> 1,330 ft<br/><b>Summit Elevation:</b> 7,210 ft MSL<br/><b>Base Elevation:</b> 5,880 ft MSL<br/><br/><b>Trails:</b> 140<br/><b>Lifts:</b> 6<br/><b>Skiable Acreage:</b> 1,500 acres<br/><b>Avg Annual Snowfall:</b> 180 in<br/><br/><b>Nearest Airports:</b> 40MT (12.4 mi), 30MT (13.1 mi), MT15 (13.3 mi)]]></description>
    <Point>
      <coordinates>-112.3217544,46.7515955,0</coordinates>
    </Point>
  </Placemark>
  <Placemark>
    <name>Showdown (Montana)</name>
    <Style>
      <IconStyle>
        <scale>1.0</scale>
        <Icon><href>http://maps.google.com/mapfiles/kml/paddle/ylw-circle.png</href></Icon>
      </IconStyle>
    </Style>
    <description><![CDATA[<b>Showdown</b><br/><b>State:</b> Montana<br/><b>Tier:</b> Regional Resort (500-1,499 ft vertical)<br/><br/><b>Vertical Drop:</b> 1,400 ft<br/><b>Summit Elevation:</b> 8,200 ft MSL<br/><b>Base Elevation:</b> 6,800 ft MSL<br/><br/><b>Trails:</b> 36<br/><b>Lifts:</b> 4<br/><b>Skiable Acreage:</b> 640 acres<br/><b>Avg Annual Snowfall:</b> 240 in<br/><br/><b>Nearest Airports:</b> KM42 (15.7 mi), K7S6 (25.3 mi), 58MT (26.4 mi)]]></description>
    <Point>
      <coordinates>-110.7077357,46.8342808,0</coordinates>
    </Point>
  </Placemark>
  <Placemark>
    <name>Maverick Mountain (Montana)</name>
    <Style>
      <IconStyle>
        <scale>1.1</scale>
        <Icon><href>http://maps.google.com/mapfiles/kml/paddle/orange-circle.png</href></Icon>
      </IconStyle>
    </Style>
    <description><![CDATA[<b>Maverick Mountain</b><br/><b>State:</b> Montana<br/><b>Tier:</b> Major Resort (1,500-2,999 ft vertical)<br/><br/><b>Vertical Drop:</b> 2,020 ft<br/><b>Summit Elevation:</b> 8,820 ft MSL<br/><b>Base Elevation:</b> 6,800 ft MSL<br/><br/><b>Trails:</b> 24<br/><b>Lifts:</b> 2<br/><b>Skiable Acreage:</b> 350 acres<br/><b>Avg Annual Snowfall:</b> 200 in<br/><br/><b>Nearest Airports:</b> K7S4 (17.4 mi), 18MT (22.9 mi), K02T (23.9 mi)]]></description>
    <Point>
      <coordinates>-113.1631003,45.4485354,0</coordinates>
    </Point>
  </Placemark>
  <Placemark>
    <name>Blacktail Mountain (Montana)</name>
    <Style>
      <IconStyle>
        <scale>1.0</scale>
        <Icon><href>http://maps.google.com/mapfiles/kml/paddle/ylw-circle.png</href></Icon>
      </IconStyle>
    </Style>
    <description><![CDATA[<b>Blacktail Mountain</b><br/><b>State:</b> Montana<br/><b>Tier:</b> Regional Resort (500-1,499 ft vertical)<br/><br/><b>Vertical Drop:</b> 1,440 ft<br/><b>Summit Elevation:</b> 6,780 ft MSL<br/><b>Base Elevation:</b> 5,340 ft MSL<br/><br/><b>Trails:</b> 26<br/><b>Lifts:</b> 4<br/><b>Skiable Acreage:</b> 1,000 acres<br/><b>Avg Annual Snowfall:</b> 250 in<br/><br/><b>Nearest Airports:</b> 53MT (3.6 mi), MT34 (11.8 mi), 4MT1 (14.8 mi)]]></description>
    <Point>
      <coordinates>-111.0760601,46.0296513,0</coordinates>
    </Point>
  </Placemark>
  <Placemark>
    <name>Bear Paw Ski Bowl (Montana)</name>
    <Style>
      <IconStyle>
        <scale>1.0</scale>
        <Icon><href>http://maps.google.com/mapfiles/kml/paddle/ylw-circle.png</href></Icon>
      </IconStyle>
    </Style>
    <description><![CDATA[<b>Bear Paw Ski Bowl</b><br/><b>State:</b> Montana<br/><b>Tier:</b> Regional Resort (500-1,499 ft vertical)<br/><br/><b>Vertical Drop:</b> 1,080 ft<br/><b>Summit Elevation:</b> 5,280 ft MSL<br/><b>Base Elevation:</b> 4,200 ft MSL<br/><br/><b>Trails:</b> 11<br/><b>Lifts:</b> 2<br/><b>Skiable Acreage:</b> 80 acres<br/><b>Avg Annual Snowfall:</b> 140 in<br/><br/><b>Nearest Airports:</b> 3MT4 (11.6 mi), KS71 (15.0 mi), K48S (23.9 mi)]]></description>
    <Point>
      <coordinates>-109.2108323,48.376457,0</coordinates>
    </Point>
  </Placemark>
  <Placemark>
    <name>Red Lodge Mountain (Montana)</name>
    <Style>
      <IconStyle>
        <scale>1.1</scale>
        <Icon><href>http://maps.google.com/mapfiles/kml/paddle/orange-circle.png</href></Icon>
      </IconStyle>
    </Style>
    <description><![CDATA[<b>Red Lodge Mountain</b><br/><b>State:</b> Montana<br/><b>Tier:</b> Major Resort (1,500-2,999 ft vertical)<br/><br/><b>Vertical Drop:</b> 2,400 ft<br/><b>Summit Elevation:</b> 9,416 ft MSL<br/><b>Base Elevation:</b> 7,016 ft MSL<br/><br/><b>Trails:</b> 70<br/><b>Lifts:</b> 7<br/><b>Skiable Acreage:</b> 1,635 acres<br/><b>Avg Annual Snowfall:</b> 250 in<br/><br/><b>Nearest Airports:</b> KRED (4.7 mi), 16MT (18.4 mi), K6S1 (22.0 mi)]]></description>
    <Point>
      <coordinates>-109.3534308,45.1898079,0</coordinates>
    </Point>
  </Placemark>
  <Placemark>
    <name>Montana Snowbowl (Montana)</name>
    <Style>
      <IconStyle>
        <scale>1.1</scale>
        <Icon><href>http://maps.google.com/mapfiles/kml/paddle/orange-circle.png</href></Icon>
      </IconStyle>
    </Style>
    <description><![CDATA[<b>Montana Snowbowl</b><br/><b>State:</b> Montana<br/><b>Tier:</b> Major Resort (1,500-2,999 ft vertical)<br/><br/><b>Vertical Drop:</b> 2,600 ft<br/><b>Summit Elevation:</b> 7,600 ft MSL<br/><b>Base Elevation:</b> 5,000 ft MSL<br/><br/><b>Trails:</b> 39<br/><b>Lifts:</b> 4<br/><b>Skiable Acreage:</b> 950 acres<br/><b>Avg Annual Snowfall:</b> 300 in<br/><br/><b>Nearest Airports:</b> KMSO (8.5 mi), MT52 (19.7 mi), K52S (21.2 mi)]]></description>
    <Point>
      <coordinates>-114.0020216,47.0227829,0</coordinates>
    </Point>
  </Placemark>
  <Placemark>
    <name>Teton Pass (Montana)</name>
    <Style>
      <IconStyle>
        <scale>1.0</scale>
        <Icon><href>http://maps.google.com/mapfiles/kml/paddle/ylw-circle.png</href></Icon>
      </IconStyle>
    </Style>
    <description><![CDATA[<b>Teton Pass</b><br/><b>State:</b> Montana<br/><b>Tier:</b> Regional Resort (500-1,499 ft vertical)<br/><br/><b>Vertical Drop:</b> 1,010 ft<br/><b>Summit Elevation:</b> 7,200 ft MSL<br/><b>Base Elevation:</b> 6,190 ft MSL<br/><br/><b>Trails:</b> 26<br/><b>Lifts:</b> 2<br/><b>Skiable Acreage:</b> 114 acres<br/><b>Avg Annual Snowfall:</b> 250 in<br/><br/><b>Nearest Airports:</b> K8U2 (17.8 mi), K0S1 (25.8 mi), K8U4 (30.9 mi)]]></description>
    <Point>
      <coordinates>-112.8924351,47.976304,0</coordinates>
    </Point>
  </Placemark>
  <Placemark>
    <name>White Pass (Washington)</name>
    <Style>
      <IconStyle>
        <scale>1.1</scale>
        <Icon><href>http://maps.google.com/mapfiles/kml/paddle/orange-circle.png</href></Icon>
      </IconStyle>
    </Style>
    <description><![CDATA[<b>White Pass</b><br/><b>State:</b> Washington<br/><b>Tier:</b> Major Resort (1,500-2,999 ft vertical)<br/><br/><b>Vertical Drop:</b> 2,000 ft<br/><b>Summit Elevation:</b> 6,500 ft MSL<br/><b>Base Elevation:</b> 4,500 ft MSL<br/><br/><b>Trails:</b> 45<br/><b>Lifts:</b> 8<br/><b>Skiable Acreage:</b> 1,400 acres<br/><b>Avg Annual Snowfall:</b> 350 in<br/><br/><b>Nearest Airports:</b> K4S6 (12.6 mi), K55S (13.9 mi), K21W (26.8 mi)]]></description>
    <Point>
      <coordinates>-121.389284,46.638706,0</coordinates>
    </Point>
  </Placemark>
  <Placemark>
    <name>49 Degrees North (Washington)</name>
    <Style>
      <IconStyle>
        <scale>1.1</scale>
        <Icon><href>http://maps.google.com/mapfiles/kml/paddle/orange-circle.png</href></Icon>
      </IconStyle>
    </Style>
    <description><![CDATA[<b>49 Degrees North</b><br/><b>State:</b> Washington<br/><b>Tier:</b> Major Resort (1,500-2,999 ft vertical)<br/><br/><b>Vertical Drop:</b> 1,851 ft<br/><b>Summit Elevation:</b> 5,774 ft MSL<br/><b>Base Elevation:</b> 3,923 ft MSL<br/><br/><b>Trails:</b> 82<br/><b>Lifts:</b> 6<br/><b>Skiable Acreage:</b> 2,325 acres<br/><b>Avg Annual Snowfall:</b> 300 in<br/><br/><b>Nearest Airports:</b> KPAE (11.9 mi), WA61 (12.0 mi), WA04 (12.7 mi)]]></description>
    <Point>
      <coordinates>-122.2904167,47.7345547,0</coordinates>
    </Point>
  </Placemark>
  <Placemark>
    <name>Hurricane Ridge (Washington)</name>
    <Style>
      <IconStyle>
        <scale>1.0</scale>
        <Icon><href>http://maps.google.com/mapfiles/kml/paddle/ylw-circle.png</href></Icon>
      </IconStyle>
    </Style>
    <description><![CDATA[<b>Hurricane Ridge</b><br/><b>State:</b> Washington<br/><b>Tier:</b> Regional Resort (500-1,499 ft vertical)<br/><br/><b>Vertical Drop:</b> 700 ft<br/><b>Summit Elevation:</b> 5,500 ft MSL<br/><b>Base Elevation:</b> 4,800 ft MSL<br/><br/><b>Trails:</b> 10<br/><b>Lifts:</b> 3<br/><b>Skiable Acreage:</b> N/A<br/><b>Avg Annual Snowfall:</b> 400 in<br/><br/><b>Nearest Airports:</b> WN21 (4.4 mi), WN29 (5.2 mi), KW28 (5.4 mi)]]></description>
    <Point>
      <coordinates>-123.3055313,48.0956786,0</coordinates>
    </Point>
  </Placemark>
  <Placemark>
    <name>Ski Bluewood (Washington)</name>
    <Style>
      <IconStyle>
        <scale>1.0</scale>
        <Icon><href>http://maps.google.com/mapfiles/kml/paddle/ylw-circle.png</href></Icon>
      </IconStyle>
    </Style>
    <description><![CDATA[<b>Ski Bluewood</b><br/><b>State:</b> Washington<br/><b>Tier:</b> Regional Resort (500-1,499 ft vertical)<br/><br/><b>Vertical Drop:</b> 1,216 ft<br/><b>Summit Elevation:</b> 5,670 ft MSL<br/><b>Base Elevation:</b> 4,454 ft MSL<br/><br/><b>Trails:</b> 24<br/><b>Lifts:</b> 3<br/><b>Skiable Acreage:</b> 530 acres<br/><b>Avg Annual Snowfall:</b> 300 in<br/><br/><b>Nearest Airports:</b> 2WA9 (18.9 mi), KALW (20.6 mi), 03OR (23.4 mi)]]></description>
    <Point>
      <coordinates>-117.8550491,46.0752003,0</coordinates>
    </Point>
  </Placemark>
  <Placemark>
    <name>Mount Spokane (Washington)</name>
    <Style>
      <IconStyle>
        <scale>1.1</scale>
        <Icon><href>http://maps.google.com/mapfiles/kml/paddle/orange-circle.png</href></Icon>
      </IconStyle>
    </Style>
    <description><![CDATA[<b>Mount Spokane</b><br/><b>State:</b> Washington<br/><b>Tier:</b> Major Resort (1,500-2,999 ft vertical)<br/><br/><b>Vertical Drop:</b> 2,071 ft<br/><b>Summit Elevation:</b> 5,889 ft MSL<br/><b>Base Elevation:</b> 3,818 ft MSL<br/><br/><b>Trails:</b> 52<br/><b>Lifts:</b> 8<br/><b>Skiable Acreage:</b> 1,704 acres<br/><b>Avg Annual Snowfall:</b> 300 in<br/><br/><b>Nearest Airports:</b> WN04 (8.9 mi), WA21 (9.2 mi), 63WA (9.6 mi)]]></description>
    <Point>
      <coordinates>-117.114094,47.9212881,0</coordinates>
    </Point>
  </Placemark>
  <Placemark>
    <name>Mission Ridge (Washington)</name>
    <Style>
      <IconStyle>
        <scale>1.1</scale>
        <Icon><href>http://maps.google.com/mapfiles/kml/paddle/orange-circle.png</href></Icon>
      </IconStyle>
    </Style>
    <description><![CDATA[<b>Mission Ridge</b><br/><b>State:</b> Washington<br/><b>Tier:</b> Major Resort (1,500-2,999 ft vertical)<br/><br/><b>Vertical Drop:</b> 2,250 ft<br/><b>Summit Elevation:</b> 6,820 ft MSL<br/><b>Base Elevation:</b> 4,570 ft MSL<br/><br/><b>Trails:</b> 36<br/><b>Lifts:</b> 6<br/><b>Skiable Acreage:</b> 2,000 acres<br/><b>Avg Annual Snowfall:</b> 200 in<br/><br/><b>Nearest Airports:</b> WN17 (7.9 mi), K8S2 (11.6 mi), KEAT (13.5 mi)]]></description>
    <Point>
      <coordinates>-120.4842431,47.3473662,0</coordinates>
    </Point>
  </Placemark>
  <Placemark>
    <name>Loup Loup Ski Bowl (Washington)</name>
    <Style>
      <IconStyle>
        <scale>1.0</scale>
        <Icon><href>http://maps.google.com/mapfiles/kml/paddle/ylw-circle.png</href></Icon>
      </IconStyle>
    </Style>
    <description><![CDATA[<b>Loup Loup Ski Bowl</b><br/><b>State:</b> Washington<br/><b>Tier:</b> Regional Resort (500-1,499 ft vertical)<br/><br/><b>Vertical Drop:</b> 1,240 ft<br/><b>Summit Elevation:</b> 5,280 ft MSL<br/><b>Base Elevation:</b> 4,040 ft MSL<br/><br/><b>Trails:</b> 10<br/><b>Lifts:</b> 3<br/><b>Skiable Acreage:</b> 550 acres<br/><b>Avg Annual Snowfall:</b> 150 in<br/><br/><b>Nearest Airports:</b> WS87 (7.6 mi), K2S0 (8.6 mi), KS52 (10.7 mi)]]></description>
    <Point>
      <coordinates>-119.9183704,48.39196,0</coordinates>
    </Point>
  </Placemark>
  <Placemark>
    <name>Echo Valley (Washington)</name>
    <Style>
      <IconStyle>
        <scale>1.0</scale>
        <Icon><href>http://maps.google.com/mapfiles/kml/paddle/ylw-circle.png</href></Icon>
      </IconStyle>
    </Style>
    <description><![CDATA[<b>Echo Valley</b><br/><b>State:</b> Washington<br/><b>Tier:</b> Regional Resort (500-1,499 ft vertical)<br/><br/><b>Vertical Drop:</b> 900 ft<br/><b>Summit Elevation:</b> 3,900 ft MSL<br/><b>Base Elevation:</b> 3,000 ft MSL<br/><br/><b>Trails:</b> 6<br/><b>Lifts:</b> 4<br/><b>Skiable Acreage:</b> 70 acres<br/><b>Avg Annual Snowfall:</b> N/A<br/><br/><b>Nearest Airports:</b> WA72 (2.9 mi), 05WN (4.2 mi), K63S (10.3 mi)]]></description>
    <Point>
      <coordinates>-117.960237,48.6837742,0</coordinates>
    </Point>
  </Placemark>
  <Placemark>
    <name>Badger Mountain (Washington)</name>
    <Style>
      <IconStyle>
        <scale>0.8</scale>
        <Icon><href>http://maps.google.com/mapfiles/kml/paddle/blu-circle.png</href></Icon>
      </IconStyle>
    </Style>
    <description><![CDATA[<b>Badger Mountain</b><br/><b>State:</b> Washington<br/><b>Tier:</b> Local Hill (< 500 ft vertical)<br/><br/><b>Vertical Drop:</b> 325 ft<br/><b>Summit Elevation:</b> 3,470 ft MSL<br/><b>Base Elevation:</b> 3,145 ft MSL<br/><br/><b>Trails:</b> 5<br/><b>Lifts:</b> 3<br/><b>Skiable Acreage:</b> 10 acres<br/><b>Avg Annual Snowfall:</b> 120 in<br/><br/><b>Nearest Airports:</b> KRLD (5.0 mi), KPSC (9.8 mi), 0WN2 (16.3 mi)]]></description>
    <Point>
      <coordinates>-119.3191835,46.2336571,0</coordinates>
    </Point>
  </Placemark>
  <Placemark>
    <name>Leavenworth Ski Hill (Washington)</name>
    <Style>
      <IconStyle>
        <scale>0.8</scale>
        <Icon><href>http://maps.google.com/mapfiles/kml/paddle/blu-circle.png</href></Icon>
      </IconStyle>
    </Style>
    <description><![CDATA[<b>Leavenworth Ski Hill</b><br/><b>State:</b> Washington<br/><b>Tier:</b> Local Hill (< 500 ft vertical)<br/><br/><b>Vertical Drop:</b> 230 ft<br/><b>Summit Elevation:</b> 1,706 ft MSL<br/><b>Base Elevation:</b> 1,476 ft MSL<br/><br/><b>Trails:</b> 2<br/><b>Lifts:</b> 2<br/><b>Skiable Acreage:</b> 17 acres<br/><b>Avg Annual Snowfall:</b> N/A<br/><br/><b>Nearest Airports:</b> K8S2 (11.0 mi), K27W (14.4 mi), WN17 (25.1 mi)]]></description>
    <Point>
      <coordinates>-120.6696057,47.6141826,0</coordinates>
    </Point>
  </Placemark>
  <Placemark>
    <name>Meany Lodge (Washington)</name>
    <Style>
      <IconStyle>
        <scale>0.8</scale>
        <Icon><href>http://maps.google.com/mapfiles/kml/paddle/blu-circle.png</href></Icon>
      </IconStyle>
    </Style>
    <description><![CDATA[<b>Meany Lodge</b><br/><b>State:</b> Washington<br/><b>Tier:</b> Local Hill (< 500 ft vertical)<br/><br/><b>Vertical Drop:</b> 450 ft<br/><b>Summit Elevation:</b> N/A<br/><b>Base Elevation:</b> N/A<br/><br/><b>Trails:</b> 32<br/><b>Lifts:</b> 1<br/><b>Skiable Acreage:</b> 54 acres<br/><b>Avg Annual Snowfall:</b> N/A<br/><br/><b>Nearest Airports:</b> KESW (6.6 mi), K4W0 (12.9 mi), K21W (21.0 mi)]]></description>
    <Point>
      <coordinates>-121.3202929,47.2803341,0</coordinates>
    </Point>
  </Placemark>
  <Placemark>
    <name>Mount Eyak (Alaska)</name>
    <Style>
      <IconStyle>
        <scale>1.0</scale>
        <Icon><href>http://maps.google.com/mapfiles/kml/paddle/ylw-circle.png</href></Icon>
      </IconStyle>
    </Style>
    <description><![CDATA[<b>Mount Eyak</b><br/><b>State:</b> Alaska<br/><b>Tier:</b> Regional Resort (500-1,499 ft vertical)<br/><br/><b>Vertical Drop:</b> 800 ft<br/><b>Summit Elevation:</b> 1,200 ft MSL<br/><b>Base Elevation:</b> 400 ft MSL<br/><br/><b>Trails:</b> 10<br/><b>Lifts:</b> 2<br/><b>Skiable Acreage:</b> 100 acres<br/><b>Avg Annual Snowfall:</b> 350 in<br/><br/><b>Nearest Airports:</b> KCKU (1.5 mi), PACV (9.3 mi), AK30 (17.8 mi)]]></description>
    <Point>
      <coordinates>-145.7092505,60.5636185,0</coordinates>
    </Point>
  </Placemark>
  <Placemark>
    <name>Moose Mountain (Alaska)</name>
    <Style>
      <IconStyle>
        <scale>1.0</scale>
        <Icon><href>http://maps.google.com/mapfiles/kml/paddle/ylw-circle.png</href></Icon>
      </IconStyle>
    </Style>
    <description><![CDATA[<b>Moose Mountain</b><br/><b>State:</b> Alaska<br/><b>Tier:</b> Regional Resort (500-1,499 ft vertical)<br/><br/><b>Vertical Drop:</b> 1,300 ft<br/><b>Summit Elevation:</b> 1,985 ft MSL<br/><b>Base Elevation:</b> 685 ft MSL<br/><br/><b>Trails:</b> 40<br/><b>Lifts:</b> 0<br/><b>Skiable Acreage:</b> 200 acres<br/><b>Avg Annual Snowfall:</b> 70 in<br/><br/><b>Nearest Airports:</b> 25AA (3.0 mi), AK28 (9.2 mi), PAFA (9.6 mi)]]></description>
    <Point>
      <coordinates>-147.9762088,64.9445846,0</coordinates>
    </Point>
  </Placemark>
  <Placemark>
    <name>Eaglecrest (Alaska)</name>
    <Style>
      <IconStyle>
        <scale>1.1</scale>
        <Icon><href>http://maps.google.com/mapfiles/kml/paddle/orange-circle.png</href></Icon>
      </IconStyle>
    </Style>
    <description><![CDATA[<b>Eaglecrest</b><br/><b>State:</b> Alaska<br/><b>Tier:</b> Major Resort (1,500-2,999 ft vertical)<br/><br/><b>Vertical Drop:</b> 1,620 ft<br/><b>Summit Elevation:</b> 2,750 ft MSL<br/><b>Base Elevation:</b> 1,130 ft MSL<br/><br/><b>Trails:</b> 34<br/><b>Lifts:</b> 4<br/><b>Skiable Acreage:</b> 640 acres<br/><b>Avg Annual Snowfall:</b> 350 in<br/><br/><b>Nearest Airports:</b> PAJN (6.5 mi), 7AK2 (29.9 mi), PAOH (34.8 mi)]]></description>
    <Point>
      <coordinates>-134.5094172,58.2677706,0</coordinates>
    </Point>
  </Placemark>
  <Placemark>
    <name>Hilltop (Alaska)</name>
    <Style>
      <IconStyle>
        <scale>0.8</scale>
        <Icon><href>http://maps.google.com/mapfiles/kml/paddle/blu-circle.png</href></Icon>
      </IconStyle>
    </Style>
    <description><![CDATA[<b>Hilltop</b><br/><b>State:</b> Alaska<br/><b>Tier:</b> Local Hill (< 500 ft vertical)<br/><br/><b>Vertical Drop:</b> 294 ft<br/><b>Summit Elevation:</b> 780 ft MSL<br/><b>Base Elevation:</b> 486 ft MSL<br/><br/><b>Trails:</b> 13<br/><b>Lifts:</b> 3<br/><b>Skiable Acreage:</b> 30 acres<br/><b>Avg Annual Snowfall:</b> 69 in<br/><br/><b>Nearest Airports:</b> 52AK (0.9 mi), 7AK9 (5.6 mi), AK92 (5.8 mi)]]></description>
    <Point>
      <coordinates>-148.9352528,61.7084095,0</coordinates>
    </Point>
  </Placemark>
  <Placemark>
    <name>Arctic Valley (Alaska)</name>
    <Style>
      <IconStyle>
        <scale>1.1</scale>
        <Icon><href>http://maps.google.com/mapfiles/kml/paddle/orange-circle.png</href></Icon>
      </IconStyle>
    </Style>
    <description><![CDATA[<b>Arctic Valley</b><br/><b>State:</b> Alaska<br/><b>Tier:</b> Major Resort (1,500-2,999 ft vertical)<br/><br/><b>Vertical Drop:</b> 1,500 ft<br/><b>Summit Elevation:</b> 4,000 ft MSL<br/><b>Base Elevation:</b> 2,500 ft MSL<br/><br/><b>Trails:</b> 24<br/><b>Lifts:</b> 3<br/><b>Skiable Acreage:</b> 320 acres<br/><b>Avg Annual Snowfall:</b> 250 in<br/><br/><b>Nearest Airports:</b> 47AK (3.1 mi), PAFR (4.6 mi), PAED (9.5 mi)]]></description>
    <Point>
      <coordinates>-149.5204483,61.2477031,0</coordinates>
    </Point>
  </Placemark>
  <Placemark>
    <name>White Pine (Wyoming)</name>
    <Style>
      <IconStyle>
        <scale>1.0</scale>
        <Icon><href>http://maps.google.com/mapfiles/kml/paddle/ylw-circle.png</href></Icon>
      </IconStyle>
    </Style>
    <description><![CDATA[<b>White Pine</b><br/><b>State:</b> Wyoming<br/><b>Tier:</b> Regional Resort (500-1,499 ft vertical)<br/><br/><b>Vertical Drop:</b> 1,050 ft<br/><b>Summit Elevation:</b> 9,500 ft MSL<br/><b>Base Elevation:</b> 8,450 ft MSL<br/><br/><b>Trails:</b> 27<br/><b>Lifts:</b> 2<br/><b>Skiable Acreage:</b> 350 acres<br/><b>Avg Annual Snowfall:</b> 150 in<br/><br/><b>Nearest Airports:</b> KPNA (12.6 mi), WY33 (28.8 mi), KBPI (32.6 mi)]]></description>
    <Point>
      <coordinates>-109.7511467,42.9736885,0</coordinates>
    </Point>
  </Placemark>
  <Placemark>
    <name>Snowy Range (Wyoming)</name>
    <Style>
      <IconStyle>
        <scale>1.0</scale>
        <Icon><href>http://maps.google.com/mapfiles/kml/paddle/ylw-circle.png</href></Icon>
      </IconStyle>
    </Style>
    <description><![CDATA[<b>Snowy Range</b><br/><b>State:</b> Wyoming<br/><b>Tier:</b> Regional Resort (500-1,499 ft vertical)<br/><br/><b>Vertical Drop:</b> 865 ft<br/><b>Summit Elevation:</b> 9,663 ft MSL<br/><b>Base Elevation:</b> 8,798 ft MSL<br/><br/><b>Trails:</b> 27<br/><b>Lifts:</b> 5<br/><b>Skiable Acreage:</b> 250 acres<br/><b>Avg Annual Snowfall:</b> 245 in<br/><br/><b>Nearest Airports:</b> 96WY (22.6 mi), WY11 (23.0 mi), KLAR (25.8 mi)]]></description>
    <Point>
      <coordinates>-106.172769,41.3222487,0</coordinates>
    </Point>
  </Placemark>
  <Placemark>
    <name>Snow King (Wyoming)</name>
    <Style>
      <IconStyle>
        <scale>1.1</scale>
        <Icon><href>http://maps.google.com/mapfiles/kml/paddle/orange-circle.png</href></Icon>
      </IconStyle>
    </Style>
    <description><![CDATA[<b>Snow King</b><br/><b>State:</b> Wyoming<br/><b>Tier:</b> Major Resort (1,500-2,999 ft vertical)<br/><br/><b>Vertical Drop:</b> 1,571 ft<br/><b>Summit Elevation:</b> 7,808 ft MSL<br/><b>Base Elevation:</b> 6,237 ft MSL<br/><br/><b>Trails:</b> 32<br/><b>Lifts:</b> 5<br/><b>Skiable Acreage:</b> 400 acres<br/><b>Avg Annual Snowfall:</b> 175 in<br/><br/><b>Nearest Airports:</b> WY31 (4.0 mi), KJAC (9.8 mi), WY08 (22.8 mi)]]></description>
    <Point>
      <coordinates>-110.7562664,43.4655315,0</coordinates>
    </Point>
  </Placemark>
  <Placemark>
    <name>Pine Creek (Wyoming)</name>
    <Style>
      <IconStyle>
        <scale>1.0</scale>
        <Icon><href>http://maps.google.com/mapfiles/kml/paddle/ylw-circle.png</href></Icon>
      </IconStyle>
    </Style>
    <description><![CDATA[<b>Pine Creek</b><br/><b>State:</b> Wyoming<br/><b>Tier:</b> Regional Resort (500-1,499 ft vertical)<br/><br/><b>Vertical Drop:</b> 1,325 ft<br/><b>Summit Elevation:</b> 8,200 ft MSL<br/><b>Base Elevation:</b> 6,875 ft MSL<br/><br/><b>Trails:</b> 30<br/><b>Lifts:</b> 2<br/><b>Skiable Acreage:</b> 370 acres<br/><b>Avg Annual Snowfall:</b> 150 in<br/><br/><b>Nearest Airports:</b> KPNA (5.0 mi), WY33 (21.3 mi), KBPI (23.0 mi)]]></description>
    <Point>
      <coordinates>-109.8611938,42.8602472,0</coordinates>
    </Point>
  </Placemark>
  <Placemark>
    <name>Hogadon (Wyoming)</name>
    <Style>
      <IconStyle>
        <scale>1.0</scale>
        <Icon><href>http://maps.google.com/mapfiles/kml/paddle/ylw-circle.png</href></Icon>
      </IconStyle>
    </Style>
    <description><![CDATA[<b>Hogadon</b><br/><b>State:</b> Wyoming<br/><b>Tier:</b> Regional Resort (500-1,499 ft vertical)<br/><br/><b>Vertical Drop:</b> 630 ft<br/><b>Summit Elevation:</b> 8,000 ft MSL<br/><b>Base Elevation:</b> 7,370 ft MSL<br/><br/><b>Trails:</b> 27<br/><b>Lifts:</b> 2<br/><b>Skiable Acreage:</b> 60 acres<br/><b>Avg Annual Snowfall:</b> 140 in<br/><br/><b>Nearest Airports:</b> KHAD (12.4 mi), KCPR (12.6 mi), 45WY (19.6 mi)]]></description>
    <Point>
      <coordinates>-106.3407278,42.7466049,0</coordinates>
    </Point>
  </Placemark>
  <Placemark>
    <name>Meadowlark Ski Lodge (Wyoming)</name>
    <Style>
      <IconStyle>
        <scale>1.0</scale>
        <Icon><href>http://maps.google.com/mapfiles/kml/paddle/ylw-circle.png</href></Icon>
      </IconStyle>
    </Style>
    <description><![CDATA[<b>Meadowlark Ski Lodge</b><br/><b>State:</b> Wyoming<br/><b>Tier:</b> Regional Resort (500-1,499 ft vertical)<br/><br/><b>Vertical Drop:</b> 1,000 ft<br/><b>Summit Elevation:</b> 9,500 ft MSL<br/><b>Base Elevation:</b> 8,500 ft MSL<br/><br/><b>Trails:</b> 14<br/><b>Lifts:</b> 3<br/><b>Skiable Acreage:</b> 300 acres<br/><b>Avg Annual Snowfall:</b> N/A<br/><br/><b>Nearest Airports:</b> 8WY6 (16.9 mi), KBYG (28.7 mi), WY38 (38.5 mi)]]></description>
    <Point>
      <coordinates>-107.2154999,44.1639931,0</coordinates>
    </Point>
  </Placemark>
  <Placemark>
    <name>Sleeping Giant (Wyoming)</name>
    <Style>
      <IconStyle>
        <scale>1.0</scale>
        <Icon><href>http://maps.google.com/mapfiles/kml/paddle/ylw-circle.png</href></Icon>
      </IconStyle>
    </Style>
    <description><![CDATA[<b>Sleeping Giant</b><br/><b>State:</b> Wyoming<br/><b>Tier:</b> Regional Resort (500-1,499 ft vertical)<br/><br/><b>Vertical Drop:</b> 810 ft<br/><b>Summit Elevation:</b> 7,428 ft MSL<br/><b>Base Elevation:</b> 6,619 ft MSL<br/><br/><b>Trails:</b> 49<br/><b>Lifts:</b> 3<br/><b>Skiable Acreage:</b> 184 acres<br/><b>Avg Annual Snowfall:</b> 310 in<br/><br/><b>Nearest Airports:</b> WY06 (24.3 mi), 2WY8 (28.9 mi), KCOD (40.3 mi)]]></description>
    <Point>
      <coordinates>-109.8424034,44.5241123,0</coordinates>
    </Point>
  </Placemark>
  <Placemark>
    <name>Elko Snobowl (Nevada)</name>
    <Style>
      <IconStyle>
        <scale>1.0</scale>
        <Icon><href>http://maps.google.com/mapfiles/kml/paddle/ylw-circle.png</href></Icon>
      </IconStyle>
    </Style>
    <description><![CDATA[<b>Elko Snobowl</b><br/><b>State:</b> Nevada<br/><b>Tier:</b> Regional Resort (500-1,499 ft vertical)<br/><br/><b>Vertical Drop:</b> 650 ft<br/><b>Summit Elevation:</b> 6,988 ft MSL<br/><b>Base Elevation:</b> 6,338 ft MSL<br/><br/><b>Trails:</b> 10<br/><b>Lifts:</b> 2<br/><b>Skiable Acreage:</b> 60 acres<br/><b>Avg Annual Snowfall:</b> 24 in<br/><br/><b>Nearest Airports:</b> NV04 (9.2 mi), KLWL (21.8 mi), NV07 (28.0 mi)]]></description>
    <Point>
      <coordinates>-115.3272864,41.1958128,0</coordinates>
    </Point>
  </Placemark>
  <Placemark>
    <name>Diamond Peak (Nevada)</name>
    <Style>
      <IconStyle>
        <scale>1.1</scale>
        <Icon><href>http://maps.google.com/mapfiles/kml/paddle/orange-circle.png</href></Icon>
      </IconStyle>
    </Style>
    <description><![CDATA[<b>Diamond Peak</b><br/><b>State:</b> Nevada<br/><b>Tier:</b> Major Resort (1,500-2,999 ft vertical)<br/><br/><b>Vertical Drop:</b> 1,840 ft<br/><b>Summit Elevation:</b> 8,540 ft MSL<br/><b>Base Elevation:</b> 6,700 ft MSL<br/><br/><b>Trails:</b> 30<br/><b>Lifts:</b> 6<br/><b>Skiable Acreage:</b> 655 acres<br/><b>Avg Annual Snowfall:</b> 225 in<br/><br/><b>Nearest Airports:</b> KCXP (10.6 mi), 25NV (12.9 mi), KTRK (12.9 mi)]]></description>
    <Point>
      <coordinates>-119.9141164,39.2547079,0</coordinates>
    </Point>
  </Placemark>
  <Placemark>
    <name>Huff Hills (North Dakota)</name>
    <Style>
      <IconStyle>
        <scale>0.8</scale>
        <Icon><href>http://maps.google.com/mapfiles/kml/paddle/blu-circle.png</href></Icon>
      </IconStyle>
    </Style>
    <description><![CDATA[<b>Huff Hills</b><br/><b>State:</b> North Dakota<br/><b>Tier:</b> Local Hill (< 500 ft vertical)<br/><br/><b>Vertical Drop:</b> 425 ft<br/><b>Summit Elevation:</b> 2,150 ft MSL<br/><b>Base Elevation:</b> 1,725 ft MSL<br/><br/><b>Trails:</b> 21<br/><b>Lifts:</b> 3<br/><b>Skiable Acreage:</b> N/A<br/><b>Avg Annual Snowfall:</b> 40 in<br/><br/><b>Nearest Airports:</b> 16ND (7.9 mi), ND98 (9.9 mi), KBIS (10.2 mi)]]></description>
    <Point>
      <coordinates>-100.7261871,46.6257885,0</coordinates>
    </Point>
  </Placemark>
  <Placemark>
    <name>Bottineau Winter Park (North Dakota)</name>
    <Style>
      <IconStyle>
        <scale>0.8</scale>
        <Icon><href>http://maps.google.com/mapfiles/kml/paddle/blu-circle.png</href></Icon>
      </IconStyle>
    </Style>
    <description><![CDATA[<b>Bottineau Winter Park</b><br/><b>State:</b> North Dakota<br/><b>Tier:</b> Local Hill (< 500 ft vertical)<br/><br/><b>Vertical Drop:</b> 180 ft<br/><b>Summit Elevation:</b> 2,450 ft MSL<br/><b>Base Elevation:</b> 2,270 ft MSL<br/><br/><b>Trails:</b> 8<br/><b>Lifts:</b> 6<br/><b>Skiable Acreage:</b> 40 acres<br/><b>Avg Annual Snowfall:</b> 13 in<br/><br/><b>Nearest Airports:</b> 7NA9 (5.0 mi), KD09 (8.7 mi), NA07 (11.0 mi)]]></description>
    <Point>
      <coordinates>-100.4728867,48.9503336,0</coordinates>
    </Point>
  </Placemark>
  <Placemark>
    <name>Elk Ridge (Arizona)</name>
    <Style>
      <IconStyle>
        <scale>1.0</scale>
        <Icon><href>http://maps.google.com/mapfiles/kml/paddle/ylw-circle.png</href></Icon>
      </IconStyle>
    </Style>
    <description><![CDATA[<b>Elk Ridge</b><br/><b>State:</b> Arizona<br/><b>Tier:</b> Regional Resort (500-1,499 ft vertical)<br/><br/><b>Vertical Drop:</b> 650 ft<br/><b>Summit Elevation:</b> 8,150 ft MSL<br/><b>Base Elevation:</b> 7,500 ft MSL<br/><br/><b>Trails:</b> 10<br/><b>Lifts:</b> 2<br/><b>Skiable Acreage:</b> 37 acres<br/><b>Avg Annual Snowfall:</b> 150 in<br/><br/><b>Nearest Airports:</b> KCMR (14.3 mi), AZ57 (19.8 mi), AZ27 (21.7 mi)]]></description>
    <Point>
      <coordinates>-112.2293358,35.1005714,0</coordinates>
    </Point>
  </Placemark>
  <Placemark>
    <name>Sunrise Park (Arizona)</name>
    <Style>
      <IconStyle>
        <scale>1.1</scale>
        <Icon><href>http://maps.google.com/mapfiles/kml/paddle/orange-circle.png</href></Icon>
      </IconStyle>
    </Style>
    <description><![CDATA[<b>Sunrise Park</b><br/><b>State:</b> Arizona<br/><b>Tier:</b> Major Resort (1,500-2,999 ft vertical)<br/><br/><b>Vertical Drop:</b> 1,900 ft<br/><b>Summit Elevation:</b> 11,100 ft MSL<br/><b>Base Elevation:</b> 9,200 ft MSL<br/><br/><b>Trails:</b> 65<br/><b>Lifts:</b> 9<br/><b>Skiable Acreage:</b> 800 acres<br/><b>Avg Annual Snowfall:</b> 250 in<br/><br/><b>Nearest Airports:</b> KLUF (7.2 mi), KGYR (9.0 mi), 10AZ (11.4 mi)]]></description>
    <Point>
      <coordinates>-112.5014776,33.499545,0</coordinates>
    </Point>
  </Placemark>
  <Placemark>
    <name>Sandia Peak (New Mexico)</name>
    <Style>
      <IconStyle>
        <scale>1.1</scale>
        <Icon><href>http://maps.google.com/mapfiles/kml/paddle/orange-circle.png</href></Icon>
      </IconStyle>
    </Style>
    <description><![CDATA[<b>Sandia Peak</b><br/><b>State:</b> New Mexico<br/><b>Tier:</b> Major Resort (1,500-2,999 ft vertical)<br/><br/><b>Vertical Drop:</b> 1,700 ft<br/><b>Summit Elevation:</b> 10,378 ft MSL<br/><b>Base Elevation:</b> 8,678 ft MSL<br/><br/><b>Trails:</b> 39<br/><b>Lifts:</b> 5<br/><b>Skiable Acreage:</b> 200 acres<br/><b>Avg Annual Snowfall:</b> 100 in<br/><br/><b>Nearest Airports:</b> KABQ (14.8 mi), K1N1 (18.0 mi), KAEG (20.0 mi)]]></description>
    <Point>
      <coordinates>-106.4496496,35.2100445,0</coordinates>
    </Point>
  </Placemark>
  <Placemark>
    <name>Ski Apache (New Mexico)</name>
    <Style>
      <IconStyle>
        <scale>1.1</scale>
        <Icon><href>http://maps.google.com/mapfiles/kml/paddle/orange-circle.png</href></Icon>
      </IconStyle>
    </Style>
    <description><![CDATA[<b>Ski Apache</b><br/><b>State:</b> New Mexico<br/><b>Tier:</b> Major Resort (1,500-2,999 ft vertical)<br/><br/><b>Vertical Drop:</b> 1,900 ft<br/><b>Summit Elevation:</b> 11,500 ft MSL<br/><b>Base Elevation:</b> 9,600 ft MSL<br/><br/><b>Trails:</b> 55<br/><b>Lifts:</b> 8<br/><b>Skiable Acreage:</b> 750 acres<br/><b>Avg Annual Snowfall:</b> 185 in<br/><br/><b>Nearest Airports:</b> KSRR (15.6 mi), KF37 (18.4 mi), NM84 (26.0 mi)]]></description>
    <Point>
      <coordinates>-105.7897377,33.3971975,0</coordinates>
    </Point>
  </Placemark>
  <Placemark>
    <name>Sipapu (New Mexico)</name>
    <Style>
      <IconStyle>
        <scale>1.0</scale>
        <Icon><href>http://maps.google.com/mapfiles/kml/paddle/ylw-circle.png</href></Icon>
      </IconStyle>
    </Style>
    <description><![CDATA[<b>Sipapu</b><br/><b>State:</b> New Mexico<br/><b>Tier:</b> Regional Resort (500-1,499 ft vertical)<br/><br/><b>Vertical Drop:</b> 1,055 ft<br/><b>Summit Elevation:</b> 9,225 ft MSL<br/><b>Base Elevation:</b> 8,200 ft MSL<br/><br/><b>Trails:</b> 41<br/><b>Lifts:</b> 6<br/><b>Skiable Acreage:</b> 200 acres<br/><b>Avg Annual Snowfall:</b> 190 in<br/><br/><b>Nearest Airports:</b> KSKX (21.6 mi), KAXX (23.4 mi), KE14 (29.0 mi)]]></description>
    <Point>
      <coordinates>-105.5505691,36.1555831,0</coordinates>
    </Point>
  </Placemark>
  <Placemark>
    <name>Red River (New Mexico)</name>
    <Style>
      <IconStyle>
        <scale>1.1</scale>
        <Icon><href>http://maps.google.com/mapfiles/kml/paddle/orange-circle.png</href></Icon>
      </IconStyle>
    </Style>
    <description><![CDATA[<b>Red River</b><br/><b>State:</b> New Mexico<br/><b>Tier:</b> Major Resort (1,500-2,999 ft vertical)<br/><br/><b>Vertical Drop:</b> 1,600 ft<br/><b>Summit Elevation:</b> 10,350 ft MSL<br/><b>Base Elevation:</b> 8,750 ft MSL<br/><br/><b>Trails:</b> 64<br/><b>Lifts:</b> 7<br/><b>Skiable Acreage:</b> 209 acres<br/><b>Avg Annual Snowfall:</b> 214 in<br/><br/><b>Nearest Airports:</b> KN24 (12.2 mi), NM03 (17.6 mi), KAXX (20.9 mi)]]></description>
    <Point>
      <coordinates>-105.407563,36.7094826,0</coordinates>
    </Point>
  </Placemark>
  <Placemark>
    <name>Kelly Canyon (Idaho)</name>
    <Style>
      <IconStyle>
        <scale>1.0</scale>
        <Icon><href>http://maps.google.com/mapfiles/kml/paddle/ylw-circle.png</href></Icon>
      </IconStyle>
    </Style>
    <description><![CDATA[<b>Kelly Canyon</b><br/><b>State:</b> Idaho<br/><b>Tier:</b> Regional Resort (500-1,499 ft vertical)<br/><br/><b>Vertical Drop:</b> 1,000 ft<br/><b>Summit Elevation:</b> 6,600 ft MSL<br/><b>Base Elevation:</b> 5,600 ft MSL<br/><br/><b>Trails:</b> 26<br/><b>Lifts:</b> 5<br/><b>Skiable Acreage:</b> 640 acres<br/><b>Avg Annual Snowfall:</b> 200 in<br/><br/><b>Nearest Airports:</b> KU56 (15.4 mi), KRXE (16.3 mi), KU12 (21.7 mi)]]></description>
    <Point>
      <coordinates>-111.6216508,43.6391264,0</coordinates>
    </Point>
  </Placemark>
  <Placemark>
    <name>Pebble Creek (Idaho)</name>
    <Style>
      <IconStyle>
        <scale>1.1</scale>
        <Icon><href>http://maps.google.com/mapfiles/kml/paddle/orange-circle.png</href></Icon>
      </IconStyle>
    </Style>
    <description><![CDATA[<b>Pebble Creek</b><br/><b>State:</b> Idaho<br/><b>Tier:</b> Major Resort (1,500-2,999 ft vertical)<br/><br/><b>Vertical Drop:</b> 2,200 ft<br/><b>Summit Elevation:</b> 8,560 ft MSL<br/><b>Base Elevation:</b> 6,360 ft MSL<br/><br/><b>Trails:</b> 54<br/><b>Lifts:</b> 3<br/><b>Skiable Acreage:</b> 1,100 acres<br/><b>Avg Annual Snowfall:</b> 250 in<br/><br/><b>Nearest Airports:</b> KMAN (3.9 mi), KEUL (5.2 mi), 38ID (5.4 mi)]]></description>
    <Point>
      <coordinates>-116.6004603,43.5710444,0</coordinates>
    </Point>
  </Placemark>
  <Placemark>
    <name>Magic Mountain (Idaho)</name>
    <Style>
      <IconStyle>
        <scale>1.0</scale>
        <Icon><href>http://maps.google.com/mapfiles/kml/paddle/ylw-circle.png</href></Icon>
      </IconStyle>
    </Style>
    <description><![CDATA[<b>Magic Mountain</b><br/><b>State:</b> Idaho<br/><b>Tier:</b> Regional Resort (500-1,499 ft vertical)<br/><br/><b>Vertical Drop:</b> 700 ft<br/><b>Summit Elevation:</b> 7,240 ft MSL<br/><b>Base Elevation:</b> 6,540 ft MSL<br/><br/><b>Trails:</b> 11<br/><b>Lifts:</b> 4<br/><b>Skiable Acreage:</b> 120 acres<br/><b>Avg Annual Snowfall:</b> 230 in<br/><br/><b>Nearest Airports:</b> K1U6 (21.4 mi), KTWF (22.8 mi), K06U (23.8 mi)]]></description>
    <Point>
      <coordinates>-114.29019,42.1865059,0</coordinates>
    </Point>
  </Placemark>
  <Placemark>
    <name>Blizzard Mountain (Idaho)</name>
    <Style>
      <IconStyle>
        <scale>1.0</scale>
        <Icon><href>http://maps.google.com/mapfiles/kml/paddle/ylw-circle.png</href></Icon>
      </IconStyle>
    </Style>
    <description><![CDATA[<b>Blizzard Mountain</b><br/><b>State:</b> Idaho<br/><b>Tier:</b> Regional Resort (500-1,499 ft vertical)<br/><br/><b>Vertical Drop:</b> 710 ft<br/><b>Summit Elevation:</b> 6,305 ft MSL<br/><b>Base Elevation:</b> 5,595 ft MSL<br/><br/><b>Trails:</b> N/A<br/><b>Lifts:</b> 1<br/><b>Skiable Acreage:</b> N/A<br/><b>Avg Annual Snowfall:</b> N/A<br/><br/><b>Nearest Airports:</b> ID06 (4.4 mi), K55H (5.1 mi), KU45 (11.2 mi)]]></description>
    <Point>
      <coordinates>-115.0783198,43.8745587,0</coordinates>
    </Point>
  </Placemark>
  <Placemark>
    <name>Rotarun (Idaho)</name>
    <Style>
      <IconStyle>
        <scale>0.8</scale>
        <Icon><href>http://maps.google.com/mapfiles/kml/paddle/blu-circle.png</href></Icon>
      </IconStyle>
    </Style>
    <description><![CDATA[<b>Rotarun</b><br/><b>State:</b> Idaho<br/><b>Tier:</b> Local Hill (< 500 ft vertical)<br/><br/><b>Vertical Drop:</b> 475 ft<br/><b>Summit Elevation:</b> 5,895 ft MSL<br/><b>Base Elevation:</b> 5,420 ft MSL<br/><br/><b>Trails:</b> 12<br/><b>Lifts:</b> 1<br/><b>Skiable Acreage:</b> N/A<br/><b>Avg Annual Snowfall:</b> N/A<br/><br/><b>Nearest Airports:</b> 30ID (2.3 mi), KSUN (3.5 mi), ID16 (7.9 mi)]]></description>
    <Point>
      <coordinates>-114.3652654,43.4951505,0</coordinates>
    </Point>
  </Placemark>
  <Placemark>
    <name>Chipmunk Hill (Idaho)</name>
    <Style>
      <IconStyle>
        <scale>0.8</scale>
        <Icon><href>http://maps.google.com/mapfiles/kml/paddle/blu-circle.png</href></Icon>
      </IconStyle>
    </Style>
    <description><![CDATA[<b>Chipmunk Hill</b><br/><b>State:</b> Idaho<br/><b>Tier:</b> Local Hill (< 500 ft vertical)<br/><br/><b>Vertical Drop:</b> N/A<br/><b>Summit Elevation:</b> N/A<br/><b>Base Elevation:</b> N/A<br/><br/><b>Trails:</b> 1<br/><b>Lifts:</b> 1<br/><b>Skiable Acreage:</b> 30 acres<br/><b>Avg Annual Snowfall:</b> N/A<br/><br/><b>Nearest Airports:</b> KLLJ (6.3 mi), K0U8 (23.2 mi), KU72 (26.1 mi)]]></description>
    <Point>
      <coordinates>-114.3218605,44.4694641,0</coordinates>
    </Point>
  </Placemark>
  <Placemark>
    <name>Snowhaven (Idaho)</name>
    <Style>
      <IconStyle>
        <scale>0.8</scale>
        <Icon><href>http://maps.google.com/mapfiles/kml/paddle/blu-circle.png</href></Icon>
      </IconStyle>
    </Style>
    <description><![CDATA[<b>Snowhaven</b><br/><b>State:</b> Idaho<br/><b>Tier:</b> Local Hill (< 500 ft vertical)<br/><br/><b>Vertical Drop:</b> 400 ft<br/><b>Summit Elevation:</b> 5,600 ft MSL<br/><b>Base Elevation:</b> 5,200 ft MSL<br/><br/><b>Trails:</b> 9<br/><b>Lifts:</b> 2<br/><b>Skiable Acreage:</b> 40 acres<br/><b>Avg Annual Snowfall:</b> 60 in<br/><br/><b>Nearest Airports:</b> 66ID (4.2 mi), KGIC (5.4 mi), 0ID8 (7.6 mi)]]></description>
    <Point>
      <coordinates>-116.0932623,45.8678047,0</coordinates>
    </Point>
  </Placemark>
  <Placemark>
    <name>Tamarack (Idaho)</name>
    <Style>
      <IconStyle>
        <scale>1.1</scale>
        <Icon><href>http://maps.google.com/mapfiles/kml/paddle/orange-circle.png</href></Icon>
      </IconStyle>
    </Style>
    <description><![CDATA[<b>Tamarack</b><br/><b>State:</b> Idaho<br/><b>Tier:</b> Major Resort (1,500-2,999 ft vertical)<br/><br/><b>Vertical Drop:</b> 2,760 ft<br/><b>Summit Elevation:</b> 7,660 ft MSL<br/><b>Base Elevation:</b> 4,900 ft MSL<br/><br/><b>Trails:</b> 45<br/><b>Lifts:</b> 6<br/><b>Skiable Acreage:</b> 1,100 acres<br/><b>Avg Annual Snowfall:</b> 300 in<br/><br/><b>Nearest Airports:</b> K1U4 (5.2 mi), 48ID (10.5 mi), 03ID (13.2 mi)]]></description>
    <Point>
      <coordinates>-116.3856896,44.9551656,0</coordinates>
    </Point>
  </Placemark>
  <Placemark>
    <name>Cottonwood Butte (Idaho)</name>
    <Style>
      <IconStyle>
        <scale>1.0</scale>
        <Icon><href>http://maps.google.com/mapfiles/kml/paddle/ylw-circle.png</href></Icon>
      </IconStyle>
    </Style>
    <description><![CDATA[<b>Cottonwood Butte</b><br/><b>State:</b> Idaho<br/><b>Tier:</b> Regional Resort (500-1,499 ft vertical)<br/><br/><b>Vertical Drop:</b> 845 ft<br/><b>Summit Elevation:</b> 5,730 ft MSL<br/><b>Base Elevation:</b> 4,885 ft MSL<br/><br/><b>Trails:</b> 7<br/><b>Lifts:</b> 2<br/><b>Skiable Acreage:</b> 260 acres<br/><b>Avg Annual Snowfall:</b> 45 in<br/><br/><b>Nearest Airports:</b> KU81 (7.4 mi), KI08 (12.0 mi), K85U (13.0 mi)]]></description>
    <Point>
      <coordinates>-114.7934314,45.2885257,0</coordinates>
    </Point>
  </Placemark>
  <Placemark>
    <name>Bald Mountain (Idaho)</name>
    <Style>
      <IconStyle>
        <scale>1.0</scale>
        <Icon><href>http://maps.google.com/mapfiles/kml/paddle/ylw-circle.png</href></Icon>
      </IconStyle>
    </Style>
    <description><![CDATA[<b>Bald Mountain</b><br/><b>State:</b> Idaho<br/><b>Tier:</b> Regional Resort (500-1,499 ft vertical)<br/><br/><b>Vertical Drop:</b> 800 ft<br/><b>Summit Elevation:</b> 4,800 ft MSL<br/><b>Base Elevation:</b> 4,000 ft MSL<br/><br/><b>Trails:</b> 16<br/><b>Lifts:</b> 2<br/><b>Skiable Acreage:</b> 140 acres<br/><b>Avg Annual Snowfall:</b> 100 in<br/><br/><b>Nearest Airports:</b> KSUN (11.9 mi), 30ID (13.2 mi), ID16 (18.7 mi)]]></description>
    <Point>
      <coordinates>-114.4092186,43.6549064,0</coordinates>
    </Point>
  </Placemark>
  <Placemark>
    <name>Silver Mountain (Idaho)</name>
    <Style>
      <IconStyle>
        <scale>1.1</scale>
        <Icon><href>http://maps.google.com/mapfiles/kml/paddle/orange-circle.png</href></Icon>
      </IconStyle>
    </Style>
    <description><![CDATA[<b>Silver Mountain</b><br/><b>State:</b> Idaho<br/><b>Tier:</b> Major Resort (1,500-2,999 ft vertical)<br/><br/><b>Vertical Drop:</b> 2,197 ft<br/><b>Summit Elevation:</b> 6,297 ft MSL<br/><b>Base Elevation:</b> 4,100 ft MSL<br/><br/><b>Trails:</b> 67<br/><b>Lifts:</b> 8<br/><b>Skiable Acreage:</b> 1,600 acres<br/><b>Avg Annual Snowfall:</b> 300 in<br/><br/><b>Nearest Airports:</b> KU45 (2.3 mi), K52U (9.7 mi), K0U1 (12.3 mi)]]></description>
    <Point>
      <coordinates>-115.3170377,43.9646225,0</coordinates>
    </Point>
  </Placemark>
  <Placemark>
    <name>Mohawk Mountain (Connecticut)</name>
    <Style>
      <IconStyle>
        <scale>1.0</scale>
        <Icon><href>http://maps.google.com/mapfiles/kml/paddle/ylw-circle.png</href></Icon>
      </IconStyle>
    </Style>
    <description><![CDATA[<b>Mohawk Mountain</b><br/><b>State:</b> Connecticut<br/><b>Tier:</b> Regional Resort (500-1,499 ft vertical)<br/><br/><b>Vertical Drop:</b> 640 ft<br/><b>Summit Elevation:</b> 1,600 ft MSL<br/><b>Base Elevation:</b> 960 ft MSL<br/><br/><b>Trails:</b> 25<br/><b>Lifts:</b> 8<br/><b>Skiable Acreage:</b> 107 acres<br/><b>Avg Annual Snowfall:</b> 24 in<br/><br/><b>Nearest Airports:</b> CT42 (2.3 mi), 41NK (12.9 mi), CT01 (13.5 mi)]]></description>
    <Point>
      <coordinates>-73.3144724,41.8381327,0</coordinates>
    </Point>
  </Placemark>
  <Placemark>
    <name>Powder Ridge (Connecticut)</name>
    <Style>
      <IconStyle>
        <scale>0.8</scale>
        <Icon><href>http://maps.google.com/mapfiles/kml/paddle/blu-circle.png</href></Icon>
      </IconStyle>
    </Style>
    <description><![CDATA[<b>Powder Ridge</b><br/><b>State:</b> Connecticut<br/><b>Tier:</b> Local Hill (< 500 ft vertical)<br/><br/><b>Vertical Drop:</b> 426 ft<br/><b>Summit Elevation:</b> 803 ft MSL<br/><b>Base Elevation:</b> 377 ft MSL<br/><br/><b>Trails:</b> 19<br/><b>Lifts:</b> 7<br/><b>Skiable Acreage:</b> 80 acres<br/><b>Avg Annual Snowfall:</b> 60 in<br/><br/><b>Nearest Airports:</b> CT39 (2.8 mi), KMMK (4.7 mi), K4B8 (14.5 mi)]]></description>
    <Point>
      <coordinates>-72.7384655,41.5023173,0</coordinates>
    </Point>
  </Placemark>
  <Placemark>
    <name>Ski Sundown (Connecticut)</name>
    <Style>
      <IconStyle>
        <scale>1.0</scale>
        <Icon><href>http://maps.google.com/mapfiles/kml/paddle/ylw-circle.png</href></Icon>
      </IconStyle>
    </Style>
    <description><![CDATA[<b>Ski Sundown</b><br/><b>State:</b> Connecticut<br/><b>Tier:</b> Regional Resort (500-1,499 ft vertical)<br/><br/><b>Vertical Drop:</b> 625 ft<br/><b>Summit Elevation:</b> 1,075 ft MSL<br/><b>Base Elevation:</b> 450 ft MSL<br/><br/><b>Trails:</b> 16<br/><b>Lifts:</b> 5<br/><b>Skiable Acreage:</b> 70 acres<br/><b>Avg Annual Snowfall:</b> 45 in<br/><br/><b>Nearest Airports:</b> K4B9 (8.8 mi), CT96 (12.2 mi), MA43 (13.3 mi)]]></description>
    <Point>
      <coordinates>-72.9420971,41.8830653,0</coordinates>
    </Point>
  </Placemark>
  <Placemark>
    <name>Mount Southington (Connecticut)</name>
    <Style>
      <IconStyle>
        <scale>0.8</scale>
        <Icon><href>http://maps.google.com/mapfiles/kml/paddle/blu-circle.png</href></Icon>
      </IconStyle>
    </Style>
    <description><![CDATA[<b>Mount Southington</b><br/><b>State:</b> Connecticut<br/><b>Tier:</b> Local Hill (< 500 ft vertical)<br/><br/><b>Vertical Drop:</b> 425 ft<br/><b>Summit Elevation:</b> 525 ft MSL<br/><b>Base Elevation:</b> 100 ft MSL<br/><br/><b>Trails:</b> 14<br/><b>Lifts:</b> 7<br/><b>Skiable Acreage:</b> 51 acres<br/><b>Avg Annual Snowfall:</b> 80 in<br/><br/><b>Nearest Airports:</b> KMMK (7.1 mi), KN41 (7.2 mi), K4B8 (8.0 mi)]]></description>
    <Point>
      <coordinates>-72.9251914,41.5820193,0</coordinates>
    </Point>
  </Placemark>
  <Placemark>
    <name>Yawgoo Valley (Rhode Island)</name>
    <Style>
      <IconStyle>
        <scale>0.8</scale>
        <Icon><href>http://maps.google.com/mapfiles/kml/paddle/blu-circle.png</href></Icon>
      </IconStyle>
    </Style>
    <description><![CDATA[<b>Yawgoo Valley</b><br/><b>State:</b> Rhode Island<br/><b>Tier:</b> Local Hill (< 500 ft vertical)<br/><br/><b>Vertical Drop:</b> 240 ft<br/><b>Summit Elevation:</b> 310 ft MSL<br/><b>Base Elevation:</b> 70 ft MSL<br/><br/><b>Trails:</b> 14<br/><b>Lifts:</b> 3<br/><b>Skiable Acreage:</b> 36 acres<br/><b>Avg Annual Snowfall:</b> 39 in<br/><br/><b>Nearest Airports:</b> K08R (5.2 mi), KOQU (8.1 mi), KUUU (12.8 mi)]]></description>
    <Point>
      <coordinates>-71.5273283,41.5174624,0</coordinates>
    </Point>
  </Placemark>
  <Placemark>
    <name>Frost Fire (North Dakota)</name>
    <Style>
      <IconStyle>
        <scale>0.8</scale>
        <Icon><href>http://maps.google.com/mapfiles/kml/paddle/blu-circle.png</href></Icon>
      </IconStyle>
    </Style>
    <description><![CDATA[<b>Frost Fire</b><br/><b>State:</b> North Dakota<br/><b>Tier:</b> Local Hill (< 500 ft vertical)<br/><br/><b>Vertical Drop:</b> 330 ft<br/><b>Summit Elevation:</b> 1,400 ft MSL<br/><b>Base Elevation:</b> 1,070 ft MSL<br/><br/><b>Trails:</b> 10<br/><b>Lifts:</b> 3<br/><b>Skiable Acreage:</b> N/A<br/><b>Avg Annual Snowfall:</b> N/A<br/><br/><b>Nearest Airports:</b> K96D (7.7 mi), 88ND (14.4 mi), KD55 (18.4 mi)]]></description>
    <Point>
      <coordinates>-98.0667814,48.9111529,0</coordinates>
    </Point>
  </Placemark>
  <Placemark>
    <name>Hidden Valley (Missouri)</name>
    <Style>
      <IconStyle>
        <scale>0.8</scale>
        <Icon><href>http://maps.google.com/mapfiles/kml/paddle/blu-circle.png</href></Icon>
      </IconStyle>
    </Style>
    <description><![CDATA[<b>Hidden Valley</b><br/><b>State:</b> Missouri<br/><b>Tier:</b> Local Hill (< 500 ft vertical)<br/><br/><b>Vertical Drop:</b> 320 ft<br/><b>Summit Elevation:</b> 860 ft MSL<br/><b>Base Elevation:</b> 540 ft MSL<br/><br/><b>Trails:</b> 17<br/><b>Lifts:</b> 9<br/><b>Skiable Acreage:</b> 65 acres<br/><b>Avg Annual Snowfall:</b> 19 in<br/><br/><b>Nearest Airports:</b> KSUS (8.7 mi), K1H0 (15.4 mi), MO89 (17.4 mi)]]></description>
    <Point>
      <coordinates>-90.6538082,38.535899,0</coordinates>
    </Point>
  </Placemark>
  <Placemark>
    <name>Snow Creek (Missouri)</name>
    <Style>
      <IconStyle>
        <scale>0.8</scale>
        <Icon><href>http://maps.google.com/mapfiles/kml/paddle/blu-circle.png</href></Icon>
      </IconStyle>
    </Style>
    <description><![CDATA[<b>Snow Creek</b><br/><b>State:</b> Missouri<br/><b>Tier:</b> Local Hill (< 500 ft vertical)<br/><br/><b>Vertical Drop:</b> 300 ft<br/><b>Summit Elevation:</b> 1,099 ft MSL<br/><b>Base Elevation:</b> 799 ft MSL<br/><br/><b>Trails:</b> 12<br/><b>Lifts:</b> 5<br/><b>Skiable Acreage:</b> 25 acres<br/><b>Avg Annual Snowfall:</b> 20 in<br/><br/><b>Nearest Airports:</b> 8MO7 (2.7 mi), 1MU8 (6.3 mi), MO51 (7.1 mi)]]></description>
    <Point>
      <coordinates>-94.9688216,39.4656253,0</coordinates>
    </Point>
  </Placemark>
  <Placemark>
    <name>Ober Gatlinburg (Tennessee)</name>
    <Style>
      <IconStyle>
        <scale>1.0</scale>
        <Icon><href>http://maps.google.com/mapfiles/kml/paddle/ylw-circle.png</href></Icon>
      </IconStyle>
    </Style>
    <description><![CDATA[<b>Ober Gatlinburg</b><br/><b>State:</b> Tennessee<br/><b>Tier:</b> Regional Resort (500-1,499 ft vertical)<br/><br/><b>Vertical Drop:</b> 600 ft<br/><b>Summit Elevation:</b> 3,300 ft MSL<br/><b>Base Elevation:</b> 2,700 ft MSL<br/><br/><b>Trails:</b> 10<br/><b>Lifts:</b> 4<br/><b>Skiable Acreage:</b> 38 acres<br/><b>Avg Annual Snowfall:</b> 9 in<br/><br/><b>Nearest Airports:</b> KGKT (10.8 mi), TN20 (14.3 mi), 1TN8 (15.0 mi)]]></description>
    <Point>
      <coordinates>-83.5587502,35.7031855,0</coordinates>
    </Point>
  </Placemark>
  <Placemark>
    <name>Paoli Peaks (Indiana)</name>
    <Style>
      <IconStyle>
        <scale>0.8</scale>
        <Icon><href>http://maps.google.com/mapfiles/kml/paddle/blu-circle.png</href></Icon>
      </IconStyle>
    </Style>
    <description><![CDATA[<b>Paoli Peaks</b><br/><b>State:</b> Indiana<br/><b>Tier:</b> Local Hill (< 500 ft vertical)<br/><br/><b>Vertical Drop:</b> 300 ft<br/><b>Summit Elevation:</b> 900 ft MSL<br/><b>Base Elevation:</b> 600 ft MSL<br/><br/><b>Trails:</b> 17<br/><b>Lifts:</b> 8<br/><b>Skiable Acreage:</b> 65 acres<br/><b>Avg Annual Snowfall:</b> 18 in<br/><br/><b>Nearest Airports:</b> KI42 (3.2 mi), KFRH (7.6 mi), K7I4 (8.0 mi)]]></description>
    <Point>
      <coordinates>-86.5121803,38.5558819,0</coordinates>
    </Point>
  </Placemark>
  <Placemark>
    <name>Perfect North Slopes (Indiana)</name>
    <Style>
      <IconStyle>
        <scale>0.8</scale>
        <Icon><href>http://maps.google.com/mapfiles/kml/paddle/blu-circle.png</href></Icon>
      </IconStyle>
    </Style>
    <description><![CDATA[<b>Perfect North Slopes</b><br/><b>State:</b> Indiana<br/><b>Tier:</b> Local Hill (< 500 ft vertical)<br/><br/><b>Vertical Drop:</b> 400 ft<br/><b>Summit Elevation:</b> 800 ft MSL<br/><b>Base Elevation:</b> 400 ft MSL<br/><br/><b>Trails:</b> 23<br/><b>Lifts:</b> 11<br/><b>Skiable Acreage:</b> 100 acres<br/><b>Avg Annual Snowfall:</b> 23 in<br/><br/><b>Nearest Airports:</b> OA16 (5.7 mi), 71KY (7.8 mi), KI67 (9.8 mi)]]></description>
    <Point>
      <coordinates>-84.8872606,39.1471655,0</coordinates>
    </Point>
  </Placemark>
  <Placemark>
    <name>Alpine Valley (Ohio)</name>
    <Style>
      <IconStyle>
        <scale>0.8</scale>
        <Icon><href>http://maps.google.com/mapfiles/kml/paddle/blu-circle.png</href></Icon>
      </IconStyle>
    </Style>
    <description><![CDATA[<b>Alpine Valley</b><br/><b>State:</b> Ohio<br/><b>Tier:</b> Local Hill (< 500 ft vertical)<br/><br/><b>Vertical Drop:</b> 240 ft<br/><b>Summit Elevation:</b> 1,500 ft MSL<br/><b>Base Elevation:</b> 1,260 ft MSL<br/><br/><b>Trails:</b> 11<br/><b>Lifts:</b> 5<br/><b>Skiable Acreage:</b> 72 acres<br/><b>Avg Annual Snowfall:</b> 120 in<br/><br/><b>Nearest Airports:</b> OI62 (4.6 mi), 40OH (5.5 mi), 73OI (10.1 mi)]]></description>
    <Point>
      <coordinates>-81.261449,41.5283924,0</coordinates>
    </Point>
  </Placemark>
  <Placemark>
    <name>Mad River (Ohio)</name>
    <Style>
      <IconStyle>
        <scale>0.8</scale>
        <Icon><href>http://maps.google.com/mapfiles/kml/paddle/blu-circle.png</href></Icon>
      </IconStyle>
    </Style>
    <description><![CDATA[<b>Mad River</b><br/><b>State:</b> Ohio<br/><b>Tier:</b> Local Hill (< 500 ft vertical)<br/><br/><b>Vertical Drop:</b> 300 ft<br/><b>Summit Elevation:</b> 1,460 ft MSL<br/><b>Base Elevation:</b> 1,160 ft MSL<br/><br/><b>Trails:</b> 23<br/><b>Lifts:</b> 12<br/><b>Skiable Acreage:</b> 144 acres<br/><b>Avg Annual Snowfall:</b> 36 in<br/><br/><b>Nearest Airports:</b> KI54 (1.2 mi), 57OI (3.2 mi), 24OI (4.9 mi)]]></description>
    <Point>
      <coordinates>-83.82141,40.0361461,0</coordinates>
    </Point>
  </Placemark>
  <Placemark>
    <name>Snow Trails (Ohio)</name>
    <Style>
      <IconStyle>
        <scale>0.8</scale>
        <Icon><href>http://maps.google.com/mapfiles/kml/paddle/blu-circle.png</href></Icon>
      </IconStyle>
    </Style>
    <description><![CDATA[<b>Snow Trails</b><br/><b>State:</b> Ohio<br/><b>Tier:</b> Local Hill (< 500 ft vertical)<br/><br/><b>Vertical Drop:</b> 300 ft<br/><b>Summit Elevation:</b> 1,475 ft MSL<br/><b>Base Elevation:</b> 1,175 ft MSL<br/><br/><b>Trails:</b> 17<br/><b>Lifts:</b> 7<br/><b>Skiable Acreage:</b> 80 acres<br/><b>Avg Annual Snowfall:</b> 52 in<br/><br/><b>Nearest Airports:</b> 9OA9 (3.8 mi), 0OH5 (6.3 mi), 32OH (7.6 mi)]]></description>
    <Point>
      <coordinates>-82.5026745,40.6710623,0</coordinates>
    </Point>
  </Placemark>
  <Placemark>
    <name>Big Creek (Ohio)</name>
    <Style>
      <IconStyle>
        <scale>0.8</scale>
        <Icon><href>http://maps.google.com/mapfiles/kml/paddle/blu-circle.png</href></Icon>
      </IconStyle>
    </Style>
    <description><![CDATA[<b>Big Creek</b><br/><b>State:</b> Ohio<br/><b>Tier:</b> Local Hill (< 500 ft vertical)<br/><br/><b>Vertical Drop:</b> 174 ft<br/><b>Summit Elevation:</b> 1,466 ft MSL<br/><b>Base Elevation:</b> 1,292 ft MSL<br/><br/><b>Trails:</b> 5<br/><b>Lifts:</b> 2<br/><b>Skiable Acreage:</b> 23 acres<br/><b>Avg Annual Snowfall:</b> 102 in<br/><br/><b>Nearest Airports:</b> KCLE (5.2 mi), KBKL (8.2 mi), K4G8 (12.5 mi)]]></description>
    <Point>
      <coordinates>-81.753472,41.411571,0</coordinates>
    </Point>
  </Placemark>
  <Placemark>
    <name>Wisp Ski Resort (Maryland)</name>
    <Style>
      <IconStyle>
        <scale>1.0</scale>
        <Icon><href>http://maps.google.com/mapfiles/kml/paddle/ylw-circle.png</href></Icon>
      </IconStyle>
    </Style>
    <description><![CDATA[<b>Wisp Ski Resort</b><br/><b>State:</b> Maryland<br/><b>Tier:</b> Regional Resort (500-1,499 ft vertical)<br/><br/><b>Vertical Drop:</b> 700 ft<br/><b>Summit Elevation:</b> 3,115 ft MSL<br/><b>Base Elevation:</b> 2,145 ft MSL<br/><br/><b>Trails:</b> 34<br/><b>Lifts:</b> 12<br/><b>Skiable Acreage:</b> 132 acres<br/><b>Avg Annual Snowfall:</b> 100 in<br/><br/><b>Nearest Airports:</b> K2G4 (2.1 mi), 42MD (7.1 mi), 4MD2 (10.1 mi)]]></description>
    <Point>
      <coordinates>-79.3586457,39.5568445,0</coordinates>
    </Point>
  </Placemark>
  <Placemark>
    <name>Campgaw Mountain (New Jersey)</name>
    <Style>
      <IconStyle>
        <scale>0.8</scale>
        <Icon><href>http://maps.google.com/mapfiles/kml/paddle/blu-circle.png</href></Icon>
      </IconStyle>
    </Style>
    <description><![CDATA[<b>Campgaw Mountain</b><br/><b>State:</b> New Jersey<br/><b>Tier:</b> Local Hill (< 500 ft vertical)<br/><br/><b>Vertical Drop:</b> 276 ft<br/><b>Summit Elevation:</b> 726 ft MSL<br/><b>Base Elevation:</b> 450 ft MSL<br/><br/><b>Trails:</b> 12<br/><b>Lifts:</b> 5<br/><b>Skiable Acreage:</b> 23 acres<br/><b>Avg Annual Snowfall:</b> 45 in<br/><br/><b>Nearest Airports:</b> JY43 (7.5 mi), K4N1 (9.2 mi), KN07 (9.5 mi)]]></description>
    <Point>
      <coordinates>-74.1997547,41.0550257,0</coordinates>
    </Point>
  </Placemark>
  <Placemark>
    <name>Mountain Creek (New Jersey)</name>
    <Style>
      <IconStyle>
        <scale>1.0</scale>
        <Icon><href>http://maps.google.com/mapfiles/kml/paddle/ylw-circle.png</href></Icon>
      </IconStyle>
    </Style>
    <description><![CDATA[<b>Mountain Creek</b><br/><b>State:</b> New Jersey<br/><b>Tier:</b> Regional Resort (500-1,499 ft vertical)<br/><br/><b>Vertical Drop:</b> 1,040 ft<br/><b>Summit Elevation:</b> 1,490 ft MSL<br/><b>Base Elevation:</b> 450 ft MSL<br/><br/><b>Trails:</b> 46<br/><b>Lifts:</b> 9<br/><b>Skiable Acreage:</b> 167 acres<br/><b>Avg Annual Snowfall:</b> 65 in<br/><br/><b>Nearest Airports:</b> KFWN (5.7 mi), K4N1 (9.5 mi), JY43 (11.4 mi)]]></description>
    <Point>
      <coordinates>-74.5175729,41.177491,0</coordinates>
    </Point>
  </Placemark>
  <Placemark>
    <name>Cockaigne Resort (New York)</name>
    <Style>
      <IconStyle>
        <scale>0.8</scale>
        <Icon><href>http://maps.google.com/mapfiles/kml/paddle/blu-circle.png</href></Icon>
      </IconStyle>
    </Style>
    <description><![CDATA[<b>Cockaigne Resort</b><br/><b>State:</b> New York<br/><b>Tier:</b> Local Hill (< 500 ft vertical)<br/><br/><b>Vertical Drop:</b> 430 ft<br/><b>Summit Elevation:</b> 2,022 ft MSL<br/><b>Base Elevation:</b> 1,592 ft MSL<br/><br/><b>Trails:</b> 11<br/><b>Lifts:</b> 3<br/><b>Skiable Acreage:</b> 100 acres<br/><b>Avg Annual Snowfall:</b> 175 in<br/><br/><b>Nearest Airports:</b> 28NY (4.4 mi), NY39 (8.9 mi), KJHW (9.1 mi)]]></description>
    <Point>
      <coordinates>-79.1621493,42.2638208,0</coordinates>
    </Point>
  </Placemark>
  <Placemark>
    <name>Big Rock (Maine)</name>
    <Style>
      <IconStyle>
        <scale>1.0</scale>
        <Icon><href>http://maps.google.com/mapfiles/kml/paddle/ylw-circle.png</href></Icon>
      </IconStyle>
    </Style>
    <description><![CDATA[<b>Big Rock</b><br/><b>State:</b> Maine<br/><b>Tier:</b> Regional Resort (500-1,499 ft vertical)<br/><br/><b>Vertical Drop:</b> 920 ft<br/><b>Summit Elevation:</b> 1,590 ft MSL<br/><b>Base Elevation:</b> 670 ft MSL<br/><br/><b>Trails:</b> 27<br/><b>Lifts:</b> 3<br/><b>Skiable Acreage:</b> 60 acres<br/><b>Avg Annual Snowfall:</b> 100 in<br/><br/><b>Nearest Airports:</b> KBHB (6.0 mi), 81ME (13.1 mi), 72ME (14.9 mi)]]></description>
    <Point>
      <coordinates>-68.483747,44.4469959,0</coordinates>
    </Point>
  </Placemark>
  <Placemark>
    <name>Big Moose Mountain (Maine)</name>
    <Style>
      <IconStyle>
        <scale>1.1</scale>
        <Icon><href>http://maps.google.com/mapfiles/kml/paddle/orange-circle.png</href></Icon>
      </IconStyle>
    </Style>
    <description><![CDATA[<b>Big Moose Mountain</b><br/><b>State:</b> Maine<br/><b>Tier:</b> Major Resort (1,500-2,999 ft vertical)<br/><br/><b>Vertical Drop:</b> 1,620 ft<br/><b>Summit Elevation:</b> 2,920 ft MSL<br/><b>Base Elevation:</b> 1,300 ft MSL<br/><br/><b>Trails:</b> 33<br/><b>Lifts:</b> 2<br/><b>Skiable Acreage:</b> 1,216 acres<br/><b>Avg Annual Snowfall:</b> 136 in<br/><br/><b>Nearest Airports:</b> K3B1 (7.9 mi), ME22 (13.7 mi), 13ME (20.7 mi)]]></description>
    <Point>
      <coordinates>-69.7115047,45.4840576,0</coordinates>
    </Point>
  </Placemark>
  <Placemark>
    <name>Mount Jefferson (Maine)</name>
    <Style>
      <IconStyle>
        <scale>0.8</scale>
        <Icon><href>http://maps.google.com/mapfiles/kml/paddle/blu-circle.png</href></Icon>
      </IconStyle>
    </Style>
    <description><![CDATA[<b>Mount Jefferson</b><br/><b>State:</b> Maine<br/><b>Tier:</b> Local Hill (< 500 ft vertical)<br/><br/><b>Vertical Drop:</b> 432 ft<br/><b>Summit Elevation:</b> 775 ft MSL<br/><b>Base Elevation:</b> 343 ft MSL<br/><br/><b>Trails:</b> 13<br/><b>Lifts:</b> 2<br/><b>Skiable Acreage:</b> 160 acres<br/><b>Avg Annual Snowfall:</b> 75 in<br/><br/><b>Nearest Airports:</b> KLRG (12.3 mi), 92ME (19.6 mi), KMLT (28.3 mi)]]></description>
    <Point>
      <coordinates>-68.2822408,45.3522838,0</coordinates>
    </Point>
  </Placemark>
  <Placemark>
    <name>Camden Snow Bowl (Maine)</name>
    <Style>
      <IconStyle>
        <scale>1.0</scale>
        <Icon><href>http://maps.google.com/mapfiles/kml/paddle/ylw-circle.png</href></Icon>
      </IconStyle>
    </Style>
    <description><![CDATA[<b>Camden Snow Bowl</b><br/><b>State:</b> Maine<br/><b>Tier:</b> Regional Resort (500-1,499 ft vertical)<br/><br/><b>Vertical Drop:</b> 845 ft<br/><b>Summit Elevation:</b> 1,080 ft MSL<br/><b>Base Elevation:</b> 235 ft MSL<br/><br/><b>Trails:</b> 17<br/><b>Lifts:</b> 3<br/><b>Skiable Acreage:</b> 100 acres<br/><b>Avg Annual Snowfall:</b> 50 in<br/><br/><b>Nearest Airports:</b> 55ME (7.2 mi), 12ME (8.2 mi), KRKD (10.8 mi)]]></description>
    <Point>
      <coordinates>-69.1410149,44.2133765,0</coordinates>
    </Point>
  </Placemark>
  <Placemark>
    <name>Powderhouse Hill (Maine)</name>
    <Style>
      <IconStyle>
        <scale>0.8</scale>
        <Icon><href>http://maps.google.com/mapfiles/kml/paddle/blu-circle.png</href></Icon>
      </IconStyle>
    </Style>
    <description><![CDATA[<b>Powderhouse Hill</b><br/><b>State:</b> Maine<br/><b>Tier:</b> Local Hill (< 500 ft vertical)<br/><br/><b>Vertical Drop:</b> 120 ft<br/><b>Summit Elevation:</b> 240 ft MSL<br/><b>Base Elevation:</b> 120 ft MSL<br/><br/><b>Trails:</b> 3<br/><b>Lifts:</b> 1<br/><b>Skiable Acreage:</b> N/A<br/><b>Avg Annual Snowfall:</b> N/A<br/><br/><b>Nearest Airports:</b> 41ME (11.3 mi), ME92 (12.1 mi), 04ME (12.5 mi)]]></description>
    <Point>
      <coordinates>-70.1478397,44.6833931,0</coordinates>
    </Point>
  </Placemark>
  <Placemark>
    <name>Lost Valley (Maine)</name>
    <Style>
      <IconStyle>
        <scale>0.8</scale>
        <Icon><href>http://maps.google.com/mapfiles/kml/paddle/blu-circle.png</href></Icon>
      </IconStyle>
    </Style>
    <description><![CDATA[<b>Lost Valley</b><br/><b>State:</b> Maine<br/><b>Tier:</b> Local Hill (< 500 ft vertical)<br/><br/><b>Vertical Drop:</b> 240 ft<br/><b>Summit Elevation:</b> 480 ft MSL<br/><b>Base Elevation:</b> 240 ft MSL<br/><br/><b>Trails:</b> 27<br/><b>Lifts:</b> 4<br/><b>Skiable Acreage:</b> 45 acres<br/><b>Avg Annual Snowfall:</b> 99 in<br/><br/><b>Nearest Airports:</b> KLEW (6.3 mi), K81B (9.8 mi), ME39 (10.0 mi)]]></description>
    <Point>
      <coordinates>-70.2841729,44.1396776,0</coordinates>
    </Point>
  </Placemark>
  <Placemark>
    <name>Pleasant Mountain (Maine)</name>
    <Style>
      <IconStyle>
        <scale>1.0</scale>
        <Icon><href>http://maps.google.com/mapfiles/kml/paddle/ylw-circle.png</href></Icon>
      </IconStyle>
    </Style>
    <description><![CDATA[<b>Pleasant Mountain</b><br/><b>State:</b> Maine<br/><b>Tier:</b> Regional Resort (500-1,499 ft vertical)<br/><br/><b>Vertical Drop:</b> 1,300 ft<br/><b>Summit Elevation:</b> 1,900 ft MSL<br/><b>Base Elevation:</b> 600 ft MSL<br/><br/><b>Trails:</b> 44<br/><b>Lifts:</b> 6<br/><b>Skiable Acreage:</b> 245 acres<br/><b>Avg Annual Snowfall:</b> 110 in<br/><br/><b>Nearest Airports:</b> KIZG (6.7 mi), 57ME (7.7 mi), 40ME (8.6 mi)]]></description>
    <Point>
      <coordinates>-70.8220088,44.0270146,0</coordinates>
    </Point>
  </Placemark>
  <Placemark>
    <name>Sunday River (Maine)</name>
    <Style>
      <IconStyle>
        <scale>1.1</scale>
        <Icon><href>http://maps.google.com/mapfiles/kml/paddle/orange-circle.png</href></Icon>
      </IconStyle>
    </Style>
    <description><![CDATA[<b>Sunday River</b><br/><b>State:</b> Maine<br/><b>Tier:</b> Major Resort (1,500-2,999 ft vertical)<br/><br/><b>Vertical Drop:</b> 2,340 ft<br/><b>Summit Elevation:</b> 3,140 ft MSL<br/><b>Base Elevation:</b> 800 ft MSL<br/><br/><b>Trails:</b> 153<br/><b>Lifts:</b> 18<br/><b>Skiable Acreage:</b> 870 acres<br/><b>Avg Annual Snowfall:</b> 155 in<br/><br/><b>Nearest Airports:</b> K0B1 (4.3 mi), 90ME (16.2 mi), KBML (16.8 mi)]]></description>
    <Point>
      <coordinates>-70.8672899,44.4718276,0</coordinates>
    </Point>
  </Placemark>
  <Placemark>
    <name>Black Mountain of Maine (Maine)</name>
    <Style>
      <IconStyle>
        <scale>1.0</scale>
        <Icon><href>http://maps.google.com/mapfiles/kml/paddle/ylw-circle.png</href></Icon>
      </IconStyle>
    </Style>
    <description><![CDATA[<b>Black Mountain of Maine</b><br/><b>State:</b> Maine<br/><b>Tier:</b> Regional Resort (500-1,499 ft vertical)<br/><br/><b>Vertical Drop:</b> 1,380 ft<br/><b>Summit Elevation:</b> 2,380 ft MSL<br/><b>Base Elevation:</b> 1,000 ft MSL<br/><br/><b>Trails:</b> 46<br/><b>Lifts:</b> 2<br/><b>Skiable Acreage:</b> 300 acres<br/><b>Avg Annual Snowfall:</b> 120 in<br/><br/><b>Nearest Airports:</b> 90ME (5.5 mi), ME17 (5.8 mi), K0B1 (14.1 mi)]]></description>
    <Point>
      <coordinates>-70.6230004,44.5802694,0</coordinates>
    </Point>
  </Placemark>
  <Placemark>
    <name>Titcomb Mountain (Maine)</name>
    <Style>
      <IconStyle>
        <scale>0.8</scale>
        <Icon><href>http://maps.google.com/mapfiles/kml/paddle/blu-circle.png</href></Icon>
      </IconStyle>
    </Style>
    <description><![CDATA[<b>Titcomb Mountain</b><br/><b>State:</b> Maine<br/><b>Tier:</b> Local Hill (< 500 ft vertical)<br/><br/><b>Vertical Drop:</b> 350 ft<br/><b>Summit Elevation:</b> 750 ft MSL<br/><b>Base Elevation:</b> 400 ft MSL<br/><br/><b>Trails:</b> 16<br/><b>Lifts:</b> 3<br/><b>Skiable Acreage:</b> 45 acres<br/><b>Avg Annual Snowfall:</b> 85 in<br/><br/><b>Nearest Airports:</b> 41ME (9.0 mi), ME92 (9.4 mi), 51ME (11.1 mi)]]></description>
    <Point>
      <coordinates>-70.1716605,44.6484143,0</coordinates>
    </Point>
  </Placemark>
  <Placemark>
    <name>Spruce Mountain Ski Slope (Maine)</name>
    <Style>
      <IconStyle>
        <scale>0.8</scale>
        <Icon><href>http://maps.google.com/mapfiles/kml/paddle/blu-circle.png</href></Icon>
      </IconStyle>
    </Style>
    <description><![CDATA[<b>Spruce Mountain Ski Slope</b><br/><b>State:</b> Maine<br/><b>Tier:</b> Local Hill (< 500 ft vertical)<br/><br/><b>Vertical Drop:</b> 300 ft<br/><b>Summit Elevation:</b> 310 ft MSL<br/><b>Base Elevation:</b> 10 ft MSL<br/><br/><b>Trails:</b> 12<br/><b>Lifts:</b> 3<br/><b>Skiable Acreage:</b> N/A<br/><b>Avg Annual Snowfall:</b> N/A<br/><br/><b>Nearest Airports:</b> ME92 (2.9 mi), 41ME (4.2 mi), KB10 (5.5 mi)]]></description>
    <Point>
      <coordinates>-70.2059412,44.4767462,0</coordinates>
    </Point>
  </Placemark>
  <Placemark>
    <name>Eaton Mountain (Maine)</name>
    <Style>
      <IconStyle>
        <scale>1.0</scale>
        <Icon><href>http://maps.google.com/mapfiles/kml/paddle/ylw-circle.png</href></Icon>
      </IconStyle>
    </Style>
    <description><![CDATA[<b>Eaton Mountain</b><br/><b>State:</b> Maine<br/><b>Tier:</b> Regional Resort (500-1,499 ft vertical)<br/><br/><b>Vertical Drop:</b> 620 ft<br/><b>Summit Elevation:</b> 840 ft MSL<br/><b>Base Elevation:</b> 220 ft MSL<br/><br/><b>Trails:</b> 18<br/><b>Lifts:</b> 2<br/><b>Skiable Acreage:</b> 130 acres<br/><b>Avg Annual Snowfall:</b> 72 in<br/><br/><b>Nearest Airports:</b> ME62 (8.2 mi), ME47 (10.3 mi), ME20 (11.5 mi)]]></description>
    <Point>
      <coordinates>-69.6250498,44.7653401,0</coordinates>
    </Point>
  </Placemark>
  <Placemark>
    <name>Baker Mountain (Maine)</name>
    <Style>
      <IconStyle>
        <scale>0.8</scale>
        <Icon><href>http://maps.google.com/mapfiles/kml/paddle/blu-circle.png</href></Icon>
      </IconStyle>
    </Style>
    <description><![CDATA[<b>Baker Mountain</b><br/><b>State:</b> Maine<br/><b>Tier:</b> Local Hill (< 500 ft vertical)<br/><br/><b>Vertical Drop:</b> 460 ft<br/><b>Summit Elevation:</b> N/A<br/><b>Base Elevation:</b> N/A<br/><br/><b>Trails:</b> 5<br/><b>Lifts:</b> 1<br/><b>Skiable Acreage:</b> N/A<br/><b>Avg Annual Snowfall:</b> N/A<br/><br/><b>Nearest Airports:</b> K3B1 (10.7 mi), ME79 (18.5 mi), ME22 (21.1 mi)]]></description>
    <Point>
      <coordinates>-69.3938438,45.5709971,0</coordinates>
    </Point>
  </Placemark>
  <Placemark>
    <name>Blandford Ski Area (Massachusetts)</name>
    <Style>
      <IconStyle>
        <scale>0.8</scale>
        <Icon><href>http://maps.google.com/mapfiles/kml/paddle/blu-circle.png</href></Icon>
      </IconStyle>
    </Style>
    <description><![CDATA[<b>Blandford Ski Area</b><br/><b>State:</b> Massachusetts<br/><b>Tier:</b> Local Hill (< 500 ft vertical)<br/><br/><b>Vertical Drop:</b> 465 ft<br/><b>Summit Elevation:</b> 1,490 ft MSL<br/><b>Base Elevation:</b> 1,025 ft MSL<br/><br/><b>Trails:</b> 29<br/><b>Lifts:</b> 5<br/><b>Skiable Acreage:</b> 55 acres<br/><b>Avg Annual Snowfall:</b> 70 in<br/><br/><b>Nearest Airports:</b> MA80 (7.2 mi), MA43 (8.4 mi), 28MA (9.2 mi)]]></description>
    <Point>
      <coordinates>-72.9116409,42.1941582,0</coordinates>
    </Point>
  </Placemark>
  <Placemark>
    <name>Berkshire East (Massachusetts)</name>
    <Style>
      <IconStyle>
        <scale>1.0</scale>
        <Icon><href>http://maps.google.com/mapfiles/kml/paddle/ylw-circle.png</href></Icon>
      </IconStyle>
    </Style>
    <description><![CDATA[<b>Berkshire East</b><br/><b>State:</b> Massachusetts<br/><b>Tier:</b> Regional Resort (500-1,499 ft vertical)<br/><br/><b>Vertical Drop:</b> 1,180 ft<br/><b>Summit Elevation:</b> 1,720 ft MSL<br/><b>Base Elevation:</b> 540 ft MSL<br/><br/><b>Trails:</b> 45<br/><b>Lifts:</b> 6<br/><b>Skiable Acreage:</b> 180 acres<br/><b>Avg Annual Snowfall:</b> 120 in<br/><br/><b>Nearest Airports:</b> MA86 (6.8 mi), KPSF (7.7 mi), MA77 (9.8 mi)]]></description>
    <Point>
      <coordinates>-73.1928809,42.512584,0</coordinates>
    </Point>
  </Placemark>
  <Placemark>
    <name>Ski Butternut (Massachusetts)</name>
    <Style>
      <IconStyle>
        <scale>1.0</scale>
        <Icon><href>http://maps.google.com/mapfiles/kml/paddle/ylw-circle.png</href></Icon>
      </IconStyle>
    </Style>
    <description><![CDATA[<b>Ski Butternut</b><br/><b>State:</b> Massachusetts<br/><b>Tier:</b> Regional Resort (500-1,499 ft vertical)<br/><br/><b>Vertical Drop:</b> 1,119 ft<br/><b>Summit Elevation:</b> 1,764 ft MSL<br/><b>Base Elevation:</b> 645 ft MSL<br/><br/><b>Trails:</b> 22<br/><b>Lifts:</b> 10<br/><b>Skiable Acreage:</b> 110 acres<br/><b>Avg Annual Snowfall:</b> 115 in<br/><br/><b>Nearest Airports:</b> KGBR (4.3 mi), MA18 (6.9 mi), CT24 (9.3 mi)]]></description>
    <Point>
      <coordinates>-73.3194303,42.1789872,0</coordinates>
    </Point>
  </Placemark>
  <Placemark>
    <name>Jiminy Peak (Massachusetts)</name>
    <Style>
      <IconStyle>
        <scale>1.0</scale>
        <Icon><href>http://maps.google.com/mapfiles/kml/paddle/ylw-circle.png</href></Icon>
      </IconStyle>
    </Style>
    <description><![CDATA[<b>Jiminy Peak</b><br/><b>State:</b> Massachusetts<br/><b>Tier:</b> Regional Resort (500-1,499 ft vertical)<br/><br/><b>Vertical Drop:</b> 1,140 ft<br/><b>Summit Elevation:</b> 2,375 ft MSL<br/><b>Base Elevation:</b> 1,125 ft MSL<br/><br/><b>Trails:</b> 45<br/><b>Lifts:</b> 8<br/><b>Skiable Acreage:</b> 170 acres<br/><b>Avg Annual Snowfall:</b> 110 in<br/><br/><b>Nearest Airports:</b> KPSF (8.1 mi), MA86 (11.8 mi), KAQW (12.0 mi)]]></description>
    <Point>
      <coordinates>-73.2862172,42.5442494,0</coordinates>
    </Point>
  </Placemark>
  <Placemark>
    <name>Wachusett Mountain (Massachusetts)</name>
    <Style>
      <IconStyle>
        <scale>1.0</scale>
        <Icon><href>http://maps.google.com/mapfiles/kml/paddle/ylw-circle.png</href></Icon>
      </IconStyle>
    </Style>
    <description><![CDATA[<b>Wachusett Mountain</b><br/><b>State:</b> Massachusetts<br/><b>Tier:</b> Regional Resort (500-1,499 ft vertical)<br/><br/><b>Vertical Drop:</b> 1,000 ft<br/><b>Summit Elevation:</b> 2,006 ft MSL<br/><b>Base Elevation:</b> 1,006 ft MSL<br/><br/><b>Trails:</b> 22<br/><b>Lifts:</b> 7<br/><b>Skiable Acreage:</b> 110 acres<br/><b>Avg Annual Snowfall:</b> 100 in<br/><br/><b>Nearest Airports:</b> K3B3 (7.2 mi), KFIT (7.4 mi), KGDM (7.4 mi)]]></description>
    <Point>
      <coordinates>-71.8862312,42.5032137,0</coordinates>
    </Point>
  </Placemark>
  <Placemark>
    <name>Nashoba Valley (Massachusetts)</name>
    <Style>
      <IconStyle>
        <scale>0.8</scale>
        <Icon><href>http://maps.google.com/mapfiles/kml/paddle/blu-circle.png</href></Icon>
      </IconStyle>
    </Style>
    <description><![CDATA[<b>Nashoba Valley</b><br/><b>State:</b> Massachusetts<br/><b>Tier:</b> Local Hill (< 500 ft vertical)<br/><br/><b>Vertical Drop:</b> 240 ft<br/><b>Summit Elevation:</b> 422 ft MSL<br/><b>Base Elevation:</b> 182 ft MSL<br/><br/><b>Trails:</b> 17<br/><b>Lifts:</b> 9<br/><b>Skiable Acreage:</b> 59 acres<br/><b>Avg Annual Snowfall:</b> 55 in<br/><br/><b>Nearest Airports:</b> K6B6 (6.8 mi), MA52 (7.4 mi), 8MA4 (9.0 mi)]]></description>
    <Point>
      <coordinates>-71.448264,42.5436878,0</coordinates>
    </Point>
  </Placemark>
  <Placemark>
    <name>Blue Hills Ski Area (Massachusetts)</name>
    <Style>
      <IconStyle>
        <scale>0.8</scale>
        <Icon><href>http://maps.google.com/mapfiles/kml/paddle/blu-circle.png</href></Icon>
      </IconStyle>
    </Style>
    <description><![CDATA[<b>Blue Hills Ski Area</b><br/><b>State:</b> Massachusetts<br/><b>Tier:</b> Local Hill (< 500 ft vertical)<br/><br/><b>Vertical Drop:</b> 309 ft<br/><b>Summit Elevation:</b> 635 ft MSL<br/><b>Base Elevation:</b> 326 ft MSL<br/><br/><b>Trails:</b> 8<br/><b>Lifts:</b> 4<br/><b>Skiable Acreage:</b> 60 acres<br/><b>Avg Annual Snowfall:</b> N/A<br/><br/><b>Nearest Airports:</b> KOWD (3.3 mi), KBOS (11.7 mi), K1B9 (15.4 mi)]]></description>
    <Point>
      <coordinates>-71.1175165,42.215223,0</coordinates>
    </Point>
  </Placemark>
  <Placemark>
    <name>Ski Bradford (Massachusetts)</name>
    <Style>
      <IconStyle>
        <scale>0.8</scale>
        <Icon><href>http://maps.google.com/mapfiles/kml/paddle/blu-circle.png</href></Icon>
      </IconStyle>
    </Style>
    <description><![CDATA[<b>Ski Bradford</b><br/><b>State:</b> Massachusetts<br/><b>Tier:</b> Local Hill (< 500 ft vertical)<br/><br/><b>Vertical Drop:</b> 248 ft<br/><b>Summit Elevation:</b> 272 ft MSL<br/><b>Base Elevation:</b> 24 ft MSL<br/><br/><b>Trails:</b> 15<br/><b>Lifts:</b> 10<br/><b>Skiable Acreage:</b> 48 acres<br/><b>Avg Annual Snowfall:</b> N/A<br/><br/><b>Nearest Airports:</b> KLWM (3.8 mi), 04MA (6.2 mi), 6MA2 (8.6 mi)]]></description>
    <Point>
      <coordinates>-71.0574183,42.7437352,0</coordinates>
    </Point>
  </Placemark>
  <Placemark>
    <name>Ski Ward (Massachusetts)</name>
    <Style>
      <IconStyle>
        <scale>0.8</scale>
        <Icon><href>http://maps.google.com/mapfiles/kml/paddle/blu-circle.png</href></Icon>
      </IconStyle>
    </Style>
    <description><![CDATA[<b>Ski Ward</b><br/><b>State:</b> Massachusetts<br/><b>Tier:</b> Local Hill (< 500 ft vertical)<br/><br/><b>Vertical Drop:</b> 210 ft<br/><b>Summit Elevation:</b> 420 ft MSL<br/><b>Base Elevation:</b> 210 ft MSL<br/><br/><b>Trails:</b> 9<br/><b>Lifts:</b> 6<br/><b>Skiable Acreage:</b> 45 acres<br/><b>Avg Annual Snowfall:</b> 80 in<br/><br/><b>Nearest Airports:</b> 1MA5 (7.0 mi), KORH (10.2 mi), K3B3 (10.4 mi)]]></description>
    <Point>
      <coordinates>-71.6811806,42.3002367,0</coordinates>
    </Point>
  </Placemark>
  <Placemark>
    <name>Bosquet Ski Area (Massachusetts)</name>
    <Style>
      <IconStyle>
        <scale>1.0</scale>
        <Icon><href>http://maps.google.com/mapfiles/kml/paddle/ylw-circle.png</href></Icon>
      </IconStyle>
    </Style>
    <description><![CDATA[<b>Bosquet Ski Area</b><br/><b>State:</b> Massachusetts<br/><b>Tier:</b> Regional Resort (500-1,499 ft vertical)<br/><br/><b>Vertical Drop:</b> 750 ft<br/><b>Summit Elevation:</b> 1,818 ft MSL<br/><b>Base Elevation:</b> 1,068 ft MSL<br/><br/><b>Trails:</b> 23<br/><b>Lifts:</b> 5<br/><b>Skiable Acreage:</b> 200 acres<br/><b>Avg Annual Snowfall:</b> 83 in<br/><br/><b>Nearest Airports:</b> KPSF (0.9 mi), MA77 (7.3 mi), MA86 (12.6 mi)]]></description>
    <Point>
      <coordinates>-73.2774573,42.4187435,0</coordinates>
    </Point>
  </Placemark>
  <Placemark>
    <name>Chestnut Mountain (Illinois)</name>
    <Style>
      <IconStyle>
        <scale>0.8</scale>
        <Icon><href>http://maps.google.com/mapfiles/kml/paddle/blu-circle.png</href></Icon>
      </IconStyle>
    </Style>
    <description><![CDATA[<b>Chestnut Mountain</b><br/><b>State:</b> Illinois<br/><b>Tier:</b> Local Hill (< 500 ft vertical)<br/><br/><b>Vertical Drop:</b> 420 ft<br/><b>Summit Elevation:</b> 1,020 ft MSL<br/><b>Base Elevation:</b> 600 ft MSL<br/><br/><b>Trails:</b> 19<br/><b>Lifts:</b> 9<br/><b>Skiable Acreage:</b> 220 acres<br/><b>Avg Annual Snowfall:</b> 34 in<br/><br/><b>Nearest Airports:</b> 3IS4 (3.2 mi), 15IA (5.9 mi), 22IL (6.4 mi)]]></description>
    <Point>
      <coordinates>-90.3918903,42.3196736,0</coordinates>
    </Point>
  </Placemark>
  <Placemark>
    <name>Snowstar Winter Sports Park (Illinois)</name>
    <Style>
      <IconStyle>
        <scale>0.8</scale>
        <Icon><href>http://maps.google.com/mapfiles/kml/paddle/blu-circle.png</href></Icon>
      </IconStyle>
    </Style>
    <description><![CDATA[<b>Snowstar Winter Sports Park</b><br/><b>State:</b> Illinois<br/><b>Tier:</b> Local Hill (< 500 ft vertical)<br/><br/><b>Vertical Drop:</b> 262 ft<br/><b>Summit Elevation:</b> 790 ft MSL<br/><b>Base Elevation:</b> 528 ft MSL<br/><br/><b>Trails:</b> 14<br/><b>Lifts:</b> 6<br/><b>Skiable Acreage:</b> 28 acres<br/><b>Avg Annual Snowfall:</b> 38 in<br/><br/><b>Nearest Airports:</b> 60IA (3.6 mi), KC00 (12.1 mi), KMLI (12.6 mi)]]></description>
    <Point>
      <coordinates>-90.748488,41.4241955,0</coordinates>
    </Point>
  </Placemark>
  <Placemark>
    <name>Villa Olivia (Illinois)</name>
    <Style>
      <IconStyle>
        <scale>0.8</scale>
        <Icon><href>http://maps.google.com/mapfiles/kml/paddle/blu-circle.png</href></Icon>
      </IconStyle>
    </Style>
    <description><![CDATA[<b>Villa Olivia</b><br/><b>State:</b> Illinois<br/><b>Tier:</b> Local Hill (< 500 ft vertical)<br/><br/><b>Vertical Drop:</b> 180 ft<br/><b>Summit Elevation:</b> 500 ft MSL<br/><b>Base Elevation:</b> 320 ft MSL<br/><br/><b>Trails:</b> 7<br/><b>Lifts:</b> 7<br/><b>Skiable Acreage:</b> 15 acres<br/><b>Avg Annual Snowfall:</b> 25 in<br/><br/><b>Nearest Airports:</b> K06C (6.3 mi), KDPA (7.4 mi), 7IS5 (11.0 mi)]]></description>
    <Point>
      <coordinates>-88.2208353,42.0125699,0</coordinates>
    </Point>
  </Placemark>
  <Placemark>
    <name>Seven Oaks (Iowa)</name>
    <Style>
      <IconStyle>
        <scale>0.8</scale>
        <Icon><href>http://maps.google.com/mapfiles/kml/paddle/blu-circle.png</href></Icon>
      </IconStyle>
    </Style>
    <description><![CDATA[<b>Seven Oaks</b><br/><b>State:</b> Iowa<br/><b>Tier:</b> Local Hill (< 500 ft vertical)<br/><br/><b>Vertical Drop:</b> 175 ft<br/><b>Summit Elevation:</b> 975 ft MSL<br/><b>Base Elevation:</b> 800 ft MSL<br/><br/><b>Trails:</b> 11<br/><b>Lifts:</b> 4<br/><b>Skiable Acreage:</b> 35 acres<br/><b>Avg Annual Snowfall:</b> 40 in<br/><br/><b>Nearest Airports:</b> KBNW (5.6 mi), IA21 (8.5 mi), KAMW (17.3 mi)]]></description>
    <Point>
      <coordinates>-93.9544253,42.02981,0</coordinates>
    </Point>
  </Placemark>
  <Placemark>
    <name>Sundown Mountain (Iowa)</name>
    <Style>
      <IconStyle>
        <scale>0.8</scale>
        <Icon><href>http://maps.google.com/mapfiles/kml/paddle/blu-circle.png</href></Icon>
      </IconStyle>
    </Style>
    <description><![CDATA[<b>Sundown Mountain</b><br/><b>State:</b> Iowa<br/><b>Tier:</b> Local Hill (< 500 ft vertical)<br/><br/><b>Vertical Drop:</b> 475 ft<br/><b>Summit Elevation:</b> 1,059 ft MSL<br/><b>Base Elevation:</b> 584 ft MSL<br/><br/><b>Trails:</b> 21<br/><b>Lifts:</b> 6<br/><b>Skiable Acreage:</b> 55 acres<br/><b>Avg Annual Snowfall:</b> 45 in<br/><br/><b>Nearest Airports:</b> KDBQ (9.7 mi), WI81 (11.7 mi), KC74 (14.9 mi)]]></description>
    <Point>
      <coordinates>-90.8200154,42.5168489,0</coordinates>
    </Point>
  </Placemark>
  <Placemark>
    <name>Bryce Resort (Virginia)</name>
    <Style>
      <IconStyle>
        <scale>1.0</scale>
        <Icon><href>http://maps.google.com/mapfiles/kml/paddle/ylw-circle.png</href></Icon>
      </IconStyle>
    </Style>
    <description><![CDATA[<b>Bryce Resort</b><br/><b>State:</b> Virginia<br/><b>Tier:</b> Regional Resort (500-1,499 ft vertical)<br/><br/><b>Vertical Drop:</b> 500 ft<br/><b>Summit Elevation:</b> 1,750 ft MSL<br/><b>Base Elevation:</b> 1,250 ft MSL<br/><br/><b>Trails:</b> 8<br/><b>Lifts:</b> 7<br/><b>Skiable Acreage:</b> 25 acres<br/><b>Avg Annual Snowfall:</b> 30 in<br/><br/><b>Nearest Airports:</b> VG18 (0.3 mi), VA93 (8.7 mi), 9VA4 (11.2 mi)]]></description>
    <Point>
      <coordinates>-78.7661884,38.8136715,0</coordinates>
    </Point>
  </Placemark>
  <Placemark>
    <name>Massanutten Resort (Virginia)</name>
    <Style>
      <IconStyle>
        <scale>1.0</scale>
        <Icon><href>http://maps.google.com/mapfiles/kml/paddle/ylw-circle.png</href></Icon>
      </IconStyle>
    </Style>
    <description><![CDATA[<b>Massanutten Resort</b><br/><b>State:</b> Virginia<br/><b>Tier:</b> Regional Resort (500-1,499 ft vertical)<br/><br/><b>Vertical Drop:</b> 1,110 ft<br/><b>Summit Elevation:</b> 2,925 ft MSL<br/><b>Base Elevation:</b> 1,750 ft MSL<br/><br/><b>Trails:</b> 13<br/><b>Lifts:</b> 7<br/><b>Skiable Acreage:</b> 70 acres<br/><b>Avg Annual Snowfall:</b> 35 in<br/><br/><b>Nearest Airports:</b> VA49 (5.6 mi), VG54 (6.6 mi), 2VG3 (12.9 mi)]]></description>
    <Point>
      <coordinates>-78.7161976,38.4067486,0</coordinates>
    </Point>
  </Placemark>
  <Placemark>
    <name>Canaan Valley Resort (West Virginia)</name>
    <Style>
      <IconStyle>
        <scale>1.0</scale>
        <Icon><href>http://maps.google.com/mapfiles/kml/paddle/ylw-circle.png</href></Icon>
      </IconStyle>
    </Style>
    <description><![CDATA[<b>Canaan Valley Resort</b><br/><b>State:</b> West Virginia<br/><b>Tier:</b> Regional Resort (500-1,499 ft vertical)<br/><br/><b>Vertical Drop:</b> 850 ft<br/><b>Summit Elevation:</b> 4,280 ft MSL<br/><b>Base Elevation:</b> 3,430 ft MSL<br/><br/><b>Trails:</b> 39<br/><b>Lifts:</b> 4<br/><b>Skiable Acreage:</b> 91 acres<br/><b>Avg Annual Snowfall:</b> 150 in<br/><br/><b>Nearest Airports:</b> WV62 (2.7 mi), KW99 (17.3 mi), WV70 (18.0 mi)]]></description>
    <Point>
      <coordinates>-79.4652407,39.0268565,0</coordinates>
    </Point>
  </Placemark>
  <Placemark>
    <name>Winterplace (West Virginia)</name>
    <Style>
      <IconStyle>
        <scale>1.0</scale>
        <Icon><href>http://maps.google.com/mapfiles/kml/paddle/ylw-circle.png</href></Icon>
      </IconStyle>
    </Style>
    <description><![CDATA[<b>Winterplace</b><br/><b>State:</b> West Virginia<br/><b>Tier:</b> Regional Resort (500-1,499 ft vertical)<br/><br/><b>Vertical Drop:</b> 603 ft<br/><b>Summit Elevation:</b> 3,600 ft MSL<br/><b>Base Elevation:</b> 2,997 ft MSL<br/><br/><b>Trails:</b> 28<br/><b>Lifts:</b> 9<br/><b>Skiable Acreage:</b> 90 acres<br/><b>Avg Annual Snowfall:</b> 100 in<br/><br/><b>Nearest Airports:</b> KBKW (12.5 mi), WV09 (13.0 mi), KBLF (21.9 mi)]]></description>
    <Point>
      <coordinates>-81.1214419,37.6059989,0</coordinates>
    </Point>
  </Placemark>
  <Placemark>
    <name>Oglebay Resort (West Virginia)</name>
    <Style>
      <IconStyle>
        <scale>0.8</scale>
        <Icon><href>http://maps.google.com/mapfiles/kml/paddle/blu-circle.png</href></Icon>
      </IconStyle>
    </Style>
    <description><![CDATA[<b>Oglebay Resort</b><br/><b>State:</b> West Virginia<br/><b>Tier:</b> Local Hill (< 500 ft vertical)<br/><br/><b>Vertical Drop:</b> 168 ft<br/><b>Summit Elevation:</b> N/A<br/><b>Base Elevation:</b> N/A<br/><br/><b>Trails:</b> 1<br/><b>Lifts:</b> 1<br/><b>Skiable Acreage:</b> N/A<br/><b>Avg Annual Snowfall:</b> N/A<br/><br/><b>Nearest Airports:</b> KHLG (5.0 mi), 68PN (11.1 mi), WV66 (11.9 mi)]]></description>
    <Point>
      <coordinates>-80.6601623,40.1033769,0</coordinates>
    </Point>
  </Placemark>
  <Placemark>
    <name>Cloudmont Resort (Alabama)</name>
    <Style>
      <IconStyle>
        <scale>0.8</scale>
        <Icon><href>http://maps.google.com/mapfiles/kml/paddle/blu-circle.png</href></Icon>
      </IconStyle>
    </Style>
    <description><![CDATA[<b>Cloudmont Resort</b><br/><b>State:</b> Alabama<br/><b>Tier:</b> Local Hill (< 500 ft vertical)<br/><br/><b>Vertical Drop:</b> 150 ft<br/><b>Summit Elevation:</b> 1,800 ft MSL<br/><b>Base Elevation:</b> 1,650 ft MSL<br/><br/><b>Trails:</b> 2<br/><b>Lifts:</b> 2<br/><b>Skiable Acreage:</b> 9 acres<br/><b>Avg Annual Snowfall:</b> 0 in<br/><br/><b>Nearest Airports:</b> AL09 (0.6 mi), K4A9 (8.1 mi), GE11 (9.3 mi)]]></description>
    <Point>
      <coordinates>-85.6010871,34.5351655,0</coordinates>
    </Point>
  </Placemark>
  <Placemark>
    <name>Anthony Lakes (Oregon)</name>
    <Style>
      <IconStyle>
        <scale>1.0</scale>
        <Icon><href>http://maps.google.com/mapfiles/kml/paddle/ylw-circle.png</href></Icon>
      </IconStyle>
    </Style>
    <description><![CDATA[<b>Anthony Lakes</b><br/><b>State:</b> Oregon<br/><b>Tier:</b> Regional Resort (500-1,499 ft vertical)<br/><br/><b>Vertical Drop:</b> 900 ft<br/><b>Summit Elevation:</b> 8,000 ft MSL<br/><b>Base Elevation:</b> 7,100 ft MSL<br/><br/><b>Trails:</b> 21<br/><b>Lifts:</b> 3<br/><b>Skiable Acreage:</b> 1,100 acres<br/><b>Avg Annual Snowfall:</b> 300 in<br/><br/><b>Nearest Airports:</b> OG27 (11.2 mi), 37OR (12.0 mi), OR11 (14.2 mi)]]></description>
    <Point>
      <coordinates>-118.2399552,44.959994,0</coordinates>
    </Point>
  </Placemark>
  <Placemark>
    <name>Cooper Spur (Oregon)</name>
    <Style>
      <IconStyle>
        <scale>0.8</scale>
        <Icon><href>http://maps.google.com/mapfiles/kml/paddle/blu-circle.png</href></Icon>
      </IconStyle>
    </Style>
    <description><![CDATA[<b>Cooper Spur</b><br/><b>State:</b> Oregon<br/><b>Tier:</b> Local Hill (< 500 ft vertical)<br/><br/><b>Vertical Drop:</b> 350 ft<br/><b>Summit Elevation:</b> 4,350 ft MSL<br/><b>Base Elevation:</b> 4,000 ft MSL<br/><br/><b>Trails:</b> 10<br/><b>Lifts:</b> 4<br/><b>Skiable Acreage:</b> 50 acres<br/><b>Avg Annual Snowfall:</b> 100 in<br/><br/><b>Nearest Airports:</b> 7OR6 (18.2 mi), 32OR (20.4 mi), K4S2 (21.3 mi)]]></description>
    <Point>
      <coordinates>-121.6729608,45.3798306,0</coordinates>
    </Point>
  </Placemark>
  <Placemark>
    <name>Ferguson Ridge (Oregon)</name>
    <Style>
      <IconStyle>
        <scale>1.0</scale>
        <Icon><href>http://maps.google.com/mapfiles/kml/paddle/ylw-circle.png</href></Icon>
      </IconStyle>
    </Style>
    <description><![CDATA[<b>Ferguson Ridge</b><br/><b>State:</b> Oregon<br/><b>Tier:</b> Regional Resort (500-1,499 ft vertical)<br/><br/><b>Vertical Drop:</b> 640 ft<br/><b>Summit Elevation:</b> 5,840 ft MSL<br/><b>Base Elevation:</b> 5,200 ft MSL<br/><br/><b>Trails:</b> 8<br/><b>Lifts:</b> 2<br/><b>Skiable Acreage:</b> 170 acres<br/><b>Avg Annual Snowfall:</b> 300 in<br/><br/><b>Nearest Airports:</b> KJSY (8.8 mi), K8S4 (12.8 mi), 05OR (16.2 mi)]]></description>
    <Point>
      <coordinates>-117.1378811,45.2619423,0</coordinates>
    </Point>
  </Placemark>
  <Placemark>
    <name>Hoodoo (Oregon)</name>
    <Style>
      <IconStyle>
        <scale>1.0</scale>
        <Icon><href>http://maps.google.com/mapfiles/kml/paddle/ylw-circle.png</href></Icon>
      </IconStyle>
    </Style>
    <description><![CDATA[<b>Hoodoo</b><br/><b>State:</b> Oregon<br/><b>Tier:</b> Regional Resort (500-1,499 ft vertical)<br/><br/><b>Vertical Drop:</b> 1,035 ft<br/><b>Summit Elevation:</b> 5,703 ft MSL<br/><b>Base Elevation:</b> 4,668 ft MSL<br/><br/><b>Trails:</b> 32<br/><b>Lifts:</b> 5<br/><b>Skiable Acreage:</b> 806 acres<br/><b>Avg Annual Snowfall:</b> 360 in<br/><br/><b>Nearest Airports:</b> K8S3 (3.7 mi), K00S (18.2 mi), K6K5 (18.2 mi)]]></description>
    <Point>
      <coordinates>-121.8823271,44.4018396,0</coordinates>
    </Point>
  </Placemark>
  <Placemark>
    <name>Spout Springs (Oregon)</name>
    <Style>
      <IconStyle>
        <scale>1.0</scale>
        <Icon><href>http://maps.google.com/mapfiles/kml/paddle/ylw-circle.png</href></Icon>
      </IconStyle>
    </Style>
    <description><![CDATA[<b>Spout Springs</b><br/><b>State:</b> Oregon<br/><b>Tier:</b> Regional Resort (500-1,499 ft vertical)<br/><br/><b>Vertical Drop:</b> 530 ft<br/><b>Summit Elevation:</b> 5,450 ft MSL<br/><b>Base Elevation:</b> 4,920 ft MSL<br/><br/><b>Trails:</b> 17<br/><b>Lifts:</b> 2<br/><b>Skiable Acreage:</b> 200 acres<br/><b>Avg Annual Snowfall:</b> 130 in<br/><br/><b>Nearest Airports:</b> 1OR5 (15.8 mi), 99OR (18.9 mi), OG33 (19.9 mi)]]></description>
    <Point>
      <coordinates>-118.0370362,45.7468535,0</coordinates>
    </Point>
  </Placemark>
  <Placemark>
    <name>Timberline Lodge (Oregon)</name>
    <Style>
      <IconStyle>
        <scale>1.4</scale>
        <Icon><href>http://maps.google.com/mapfiles/kml/paddle/ylw-stars.png</href></Icon>
      </IconStyle>
    </Style>
    <description><![CDATA[<b>Timberline Lodge</b><br/><b>State:</b> Oregon<br/><b>Tier:</b> Big Mountain (3,000+ ft vertical)<br/><br/><b>Vertical Drop:</b> 4,540 ft<br/><b>Summit Elevation:</b> 8,540 ft MSL<br/><b>Base Elevation:</b> 4,000 ft MSL<br/><br/><b>Trails:</b> 35<br/><b>Lifts:</b> 9<br/><b>Skiable Acreage:</b> 1,430 acres<br/><b>Avg Annual Snowfall:</b> 540 in<br/><br/><b>Nearest Airports:</b> 32OR (21.0 mi), 7OR6 (21.9 mi), K4S2 (25.1 mi)]]></description>
    <Point>
      <coordinates>-121.7117536,45.3311076,0</coordinates>
    </Point>
  </Placemark>
  <Placemark>
    <name>Warner Canyon (Oregon)</name>
    <Style>
      <IconStyle>
        <scale>1.0</scale>
        <Icon><href>http://maps.google.com/mapfiles/kml/paddle/ylw-circle.png</href></Icon>
      </IconStyle>
    </Style>
    <description><![CDATA[<b>Warner Canyon</b><br/><b>State:</b> Oregon<br/><b>Tier:</b> Regional Resort (500-1,499 ft vertical)<br/><br/><b>Vertical Drop:</b> 732 ft<br/><b>Summit Elevation:</b> 6,003 ft MSL<br/><b>Base Elevation:</b> 5,271 ft MSL<br/><br/><b>Trails:</b> 21<br/><b>Lifts:</b> 1<br/><b>Skiable Acreage:</b> 200 acres<br/><b>Avg Annual Snowfall:</b> 50 in<br/><br/><b>Nearest Airports:</b> 22OG (5.7 mi), KLKV (7.2 mi), KA28 (25.8 mi)]]></description>
    <Point>
      <coordinates>-120.2974929,42.2327809,0</coordinates>
    </Point>
  </Placemark>
  <Placemark>
    <name>Willamette Pass (Oregon)</name>
    <Style>
      <IconStyle>
        <scale>1.1</scale>
        <Icon><href>http://maps.google.com/mapfiles/kml/paddle/orange-circle.png</href></Icon>
      </IconStyle>
    </Style>
    <description><![CDATA[<b>Willamette Pass</b><br/><b>State:</b> Oregon<br/><b>Tier:</b> Major Resort (1,500-2,999 ft vertical)<br/><br/><b>Vertical Drop:</b> 1,563 ft<br/><b>Summit Elevation:</b> 6,683 ft MSL<br/><b>Base Elevation:</b> 5,120 ft MSL<br/><br/><b>Trails:</b> 29<br/><b>Lifts:</b> 6<br/><b>Skiable Acreage:</b> 555 acres<br/><b>Avg Annual Snowfall:</b> 430 in<br/><br/><b>Nearest Airports:</b> K5S2 (6.4 mi), 13OR (21.7 mi), K5S0 (25.6 mi)]]></description>
    <Point>
      <coordinates>-122.0379155,43.6005539,0</coordinates>
    </Point>
  </Placemark>
  <Placemark>
    <name>Crested Butte (Colorado)</name>
    <Style>
      <IconStyle>
        <scale>1.4</scale>
        <Icon><href>http://maps.google.com/mapfiles/kml/paddle/ylw-stars.png</href></Icon>
      </IconStyle>
    </Style>
    <description><![CDATA[<b>Crested Butte</b><br/><b>State:</b> Colorado<br/><b>Tier:</b> Big Mountain (3,000+ ft vertical)<br/><br/><b>Vertical Drop:</b> 3,055 ft<br/><b>Summit Elevation:</b> 12,170 ft MSL<br/><b>Base Elevation:</b> 9,115 ft MSL<br/><br/><b>Trails:</b> 121<br/><b>Lifts:</b> 16<br/><b>Skiable Acreage:</b> 1,547 acres<br/><b>Avg Annual Snowfall:</b> 300 in<br/><br/><b>Nearest Airports:</b> 0CO2 (3.0 mi), KGUC (23.4 mi), KASE (25.1 mi)]]></description>
    <Point>
      <coordinates>-106.984043,38.8698201,0</coordinates>
    </Point>
  </Placemark>
  <Placemark>
    <name>Echo Mountain (Colorado)</name>
    <Style>
      <IconStyle>
        <scale>1.0</scale>
        <Icon><href>http://maps.google.com/mapfiles/kml/paddle/ylw-circle.png</href></Icon>
      </IconStyle>
    </Style>
    <description><![CDATA[<b>Echo Mountain</b><br/><b>State:</b> Colorado<br/><b>Tier:</b> Regional Resort (500-1,499 ft vertical)<br/><br/><b>Vertical Drop:</b> 600 ft<br/><b>Summit Elevation:</b> 10,650 ft MSL<br/><b>Base Elevation:</b> 10,050 ft MSL<br/><br/><b>Trails:</b> 13<br/><b>Lifts:</b> 2<br/><b>Skiable Acreage:</b> 226 acres<br/><b>Avg Annual Snowfall:</b> 275 in<br/><br/><b>Nearest Airports:</b> CD32 (25.1 mi), KTEX (31.1 mi), K00C (31.4 mi)]]></description>
    <Point>
      <coordinates>-107.5717259,37.5913887,0</coordinates>
    </Point>
  </Placemark>
  <Placemark>
    <name>Granby Ranch (Colorado)</name>
    <Style>
      <IconStyle>
        <scale>1.0</scale>
        <Icon><href>http://maps.google.com/mapfiles/kml/paddle/ylw-circle.png</href></Icon>
      </IconStyle>
    </Style>
    <description><![CDATA[<b>Granby Ranch</b><br/><b>State:</b> Colorado<br/><b>Tier:</b> Regional Resort (500-1,499 ft vertical)<br/><br/><b>Vertical Drop:</b> 1,000 ft<br/><b>Summit Elevation:</b> 9,202 ft MSL<br/><b>Base Elevation:</b> 8,202 ft MSL<br/><br/><b>Trails:</b> 40<br/><b>Lifts:</b> 5<br/><b>Skiable Acreage:</b> 406 acres<br/><b>Avg Annual Snowfall:</b> 220 in<br/><br/><b>Nearest Airports:</b> KGNB (4.3 mi), K20V (24.7 mi), CO07 (25.8 mi)]]></description>
    <Point>
      <coordinates>-105.902182,40.0292362,0</coordinates>
    </Point>
  </Placemark>
  <Placemark>
    <name>Hesperus (Colorado)</name>
    <Style>
      <IconStyle>
        <scale>1.0</scale>
        <Icon><href>http://maps.google.com/mapfiles/kml/paddle/ylw-circle.png</href></Icon>
      </IconStyle>
    </Style>
    <description><![CDATA[<b>Hesperus</b><br/><b>State:</b> Colorado<br/><b>Tier:</b> Regional Resort (500-1,499 ft vertical)<br/><br/><b>Vertical Drop:</b> 688 ft<br/><b>Summit Elevation:</b> 8,888 ft MSL<br/><b>Base Elevation:</b> 8,200 ft MSL<br/><br/><b>Trails:</b> 26<br/><b>Lifts:</b> 1<br/><b>Skiable Acreage:</b> 60 acres<br/><b>Avg Annual Snowfall:</b> 150 in<br/><br/><b>Nearest Airports:</b> K00C (11.0 mi), KDRO (18.3 mi), KN19 (31.0 mi)]]></description>
    <Point>
      <coordinates>-108.0395165,37.2861114,0</coordinates>
    </Point>
  </Placemark>
  <Placemark>
    <name>Howelson Hill (Colorado)</name>
    <Style>
      <IconStyle>
        <scale>0.8</scale>
        <Icon><href>http://maps.google.com/mapfiles/kml/paddle/blu-circle.png</href></Icon>
      </IconStyle>
    </Style>
    <description><![CDATA[<b>Howelson Hill</b><br/><b>State:</b> Colorado<br/><b>Tier:</b> Local Hill (< 500 ft vertical)<br/><br/><b>Vertical Drop:</b> 440 ft<br/><b>Summit Elevation:</b> 7,136 ft MSL<br/><b>Base Elevation:</b> 6,696 ft MSL<br/><br/><b>Trails:</b> 17<br/><b>Lifts:</b> 4<br/><b>Skiable Acreage:</b> 50 acres<br/><b>Avg Annual Snowfall:</b> 150 in<br/><br/><b>Nearest Airports:</b> KSBS (2.8 mi), 81CO (5.3 mi), 1CD4 (5.8 mi)]]></description>
    <Point>
      <coordinates>-106.8391895,40.4817068,0</coordinates>
    </Point>
  </Placemark>
  <Placemark>
    <name>Kendall Mountain (Colorado)</name>
    <Style>
      <IconStyle>
        <scale>0.8</scale>
        <Icon><href>http://maps.google.com/mapfiles/kml/paddle/blu-circle.png</href></Icon>
      </IconStyle>
    </Style>
    <description><![CDATA[<b>Kendall Mountain</b><br/><b>State:</b> Colorado<br/><b>Tier:</b> Local Hill (< 500 ft vertical)<br/><br/><b>Vertical Drop:</b> 240 ft<br/><b>Summit Elevation:</b> 9,540 ft MSL<br/><b>Base Elevation:</b> 9,300 ft MSL<br/><br/><b>Trails:</b> 11<br/><b>Lifts:</b> 1<br/><b>Skiable Acreage:</b> 16 acres<br/><b>Avg Annual Snowfall:</b> 200 in<br/><br/><b>Nearest Airports:</b> CD32 (17.2 mi), KTEX (18.9 mi), CO95 (26.2 mi)]]></description>
    <Point>
      <coordinates>-107.6289496,37.7933304,0</coordinates>
    </Point>
  </Placemark>
  <Placemark>
    <name>Monarch (Colorado)</name>
    <Style>
      <IconStyle>
        <scale>1.0</scale>
        <Icon><href>http://maps.google.com/mapfiles/kml/paddle/ylw-circle.png</href></Icon>
      </IconStyle>
    </Style>
    <description><![CDATA[<b>Monarch</b><br/><b>State:</b> Colorado<br/><b>Tier:</b> Regional Resort (500-1,499 ft vertical)<br/><br/><b>Vertical Drop:</b> 1,170 ft<br/><b>Summit Elevation:</b> 11,960 ft MSL<br/><b>Base Elevation:</b> 10,790 ft MSL<br/><br/><b>Trails:</b> 63<br/><b>Lifts:</b> 5<br/><b>Skiable Acreage:</b> 800 acres<br/><b>Avg Annual Snowfall:</b> 400 in<br/><br/><b>Nearest Airports:</b> KBJC (3.3 mi), 0CD7 (5.2 mi), CO10 (5.3 mi)]]></description>
    <Point>
      <coordinates>-105.1418156,39.9519224,0</coordinates>
    </Point>
  </Placemark>
  <Placemark>
    <name>Powderhorn Resort (Colorado)</name>
    <Style>
      <IconStyle>
        <scale>1.1</scale>
        <Icon><href>http://maps.google.com/mapfiles/kml/paddle/orange-circle.png</href></Icon>
      </IconStyle>
    </Style>
    <description><![CDATA[<b>Powderhorn Resort</b><br/><b>State:</b> Colorado<br/><b>Tier:</b> Major Resort (1,500-2,999 ft vertical)<br/><br/><b>Vertical Drop:</b> 1,650 ft<br/><b>Summit Elevation:</b> 9,850 ft MSL<br/><b>Base Elevation:</b> 8,200 ft MSL<br/><br/><b>Trails:</b> 63<br/><b>Lifts:</b> 5<br/><b>Skiable Acreage:</b> 1,600 acres<br/><b>Avg Annual Snowfall:</b> 250 in<br/><br/><b>Nearest Airports:</b> 9CO9 (4.1 mi), 6CO2 (12.8 mi), KAJZ (20.2 mi)]]></description>
    <Point>
      <coordinates>-108.15148,39.0696045,0</coordinates>
    </Point>
  </Placemark>
  <Placemark>
    <name>Purgatory Resort (Colorado)</name>
    <Style>
      <IconStyle>
        <scale>1.1</scale>
        <Icon><href>http://maps.google.com/mapfiles/kml/paddle/orange-circle.png</href></Icon>
      </IconStyle>
    </Style>
    <description><![CDATA[<b>Purgatory Resort</b><br/><b>State:</b> Colorado<br/><b>Tier:</b> Major Resort (1,500-2,999 ft vertical)<br/><br/><b>Vertical Drop:</b> 2,029 ft<br/><b>Summit Elevation:</b> 10,822 ft MSL<br/><b>Base Elevation:</b> 8,793 ft MSL<br/><br/><b>Trails:</b> 85<br/><b>Lifts:</b> 10<br/><b>Skiable Acreage:</b> 1,200 acres<br/><b>Avg Annual Snowfall:</b> 260 in<br/><br/><b>Nearest Airports:</b> KTEX (23.1 mi), K00C (29.2 mi), CO95 (30.6 mi)]]></description>
    <Point>
      <coordinates>-107.8376975,37.6245844,0</coordinates>
    </Point>
  </Placemark>
  <Placemark>
    <name>Silverton Mountain (Colorado)</name>
    <Style>
      <IconStyle>
        <scale>1.4</scale>
        <Icon><href>http://maps.google.com/mapfiles/kml/paddle/ylw-stars.png</href></Icon>
      </IconStyle>
    </Style>
    <description><![CDATA[<b>Silverton Mountain</b><br/><b>State:</b> Colorado<br/><b>Tier:</b> Big Mountain (3,000+ ft vertical)<br/><br/><b>Vertical Drop:</b> 3,087 ft<br/><b>Summit Elevation:</b> 13,487 ft MSL<br/><b>Base Elevation:</b> 10,400 ft MSL<br/><br/><b>Trails:</b> 48<br/><b>Lifts:</b> 1<br/><b>Skiable Acreage:</b> 1,819 acres<br/><b>Avg Annual Snowfall:</b> 450 in<br/><br/><b>Nearest Airports:</b> KTEX (14.7 mi), CD32 (16.9 mi), CO95 (21.4 mi)]]></description>
    <Point>
      <coordinates>-107.6579468,37.8751943,0</coordinates>
    </Point>
  </Placemark>
  <Placemark>
    <name>Sunlight Mountain (Colorado)</name>
    <Style>
      <IconStyle>
        <scale>1.1</scale>
        <Icon><href>http://maps.google.com/mapfiles/kml/paddle/orange-circle.png</href></Icon>
      </IconStyle>
    </Style>
    <description><![CDATA[<b>Sunlight Mountain</b><br/><b>State:</b> Colorado<br/><b>Tier:</b> Major Resort (1,500-2,999 ft vertical)<br/><br/><b>Vertical Drop:</b> 2,010 ft<br/><b>Summit Elevation:</b> 9,895 ft MSL<br/><b>Base Elevation:</b> 7,885 ft MSL<br/><br/><b>Trails:</b> 67<br/><b>Lifts:</b> 3<br/><b>Skiable Acreage:</b> 470 acres<br/><b>Avg Annual Snowfall:</b> 250 in<br/><br/><b>Nearest Airports:</b> KGWS (8.1 mi), 4CO0 (9.5 mi), 2CD4 (15.5 mi)]]></description>
    <Point>
      <coordinates>-107.3381957,39.3902923,0</coordinates>
    </Point>
  </Placemark>
  <Placemark>
    <name>Cranor Hill Archived 2019-09-30 at the Wayback Machine (Colorado)</name>
    <Style>
      <IconStyle>
        <scale>0.8</scale>
        <Icon><href>http://maps.google.com/mapfiles/kml/paddle/blu-circle.png</href></Icon>
      </IconStyle>
    </Style>
    <description><![CDATA[<b>Cranor Hill Archived 2019-09-30 at the Wayback Machine</b><br/><b>State:</b> Colorado<br/><b>Tier:</b> Local Hill (< 500 ft vertical)<br/><br/><b>Vertical Drop:</b> 400 ft<br/><b>Summit Elevation:</b> 8,500 ft MSL<br/><b>Base Elevation:</b> 8,100 ft MSL<br/><br/><b>Trails:</b> 4<br/><b>Lifts:</b> 1<br/><b>Skiable Acreage:</b> 45 acres<br/><b>Avg Annual Snowfall:</b> 75 in<br/><br/><b>Nearest Airports:</b> KGUC (4.0 mi), 0CO2 (18.6 mi), K99V (41.2 mi)]]></description>
    <Point>
      <coordinates>-106.8960076,38.5848815,0</coordinates>
    </Point>
  </Placemark>
  <Placemark>
    <name>Lake City Archived 2019-09-30 at the Wayback Machine (Colorado)</name>
    <Style>
      <IconStyle>
        <scale>0.8</scale>
        <Icon><href>http://maps.google.com/mapfiles/kml/paddle/blu-circle.png</href></Icon>
      </IconStyle>
    </Style>
    <description><![CDATA[<b>Lake City Archived 2019-09-30 at the Wayback Machine</b><br/><b>State:</b> Colorado<br/><b>Tier:</b> Local Hill (< 500 ft vertical)<br/><br/><b>Vertical Drop:</b> 250 ft<br/><b>Summit Elevation:</b> 8,850 ft MSL<br/><b>Base Elevation:</b> 8,600 ft MSL<br/><br/><b>Trails:</b> 7<br/><b>Lifts:</b> 1<br/><b>Skiable Acreage:</b> 14 acres<br/><b>Avg Annual Snowfall:</b> N/A<br/><br/><b>Nearest Airports:</b> CD32 (8.6 mi), KC24 (25.5 mi), KTEX (32.7 mi)]]></description>
    <Point>
      <coordinates>-107.316985,38.03047,0</coordinates>
    </Point>
  </Placemark>
  <Placemark>
    <name>Beaver Mountain (Utah)</name>
    <Style>
      <IconStyle>
        <scale>1.1</scale>
        <Icon><href>http://maps.google.com/mapfiles/kml/paddle/orange-circle.png</href></Icon>
      </IconStyle>
    </Style>
    <description><![CDATA[<b>Beaver Mountain</b><br/><b>State:</b> Utah<br/><b>Tier:</b> Major Resort (1,500-2,999 ft vertical)<br/><br/><b>Vertical Drop:</b> 1,600 ft<br/><b>Summit Elevation:</b> 8,800 ft MSL<br/><b>Base Elevation:</b> 7,200 ft MSL<br/><br/><b>Trails:</b> 47<br/><b>Lifts:</b> 5<br/><b>Skiable Acreage:</b> 667 acres<br/><b>Avg Annual Snowfall:</b> 400 in<br/><br/><b>Nearest Airports:</b> KLGU (19.8 mi), KU10 (20.7 mi), K1U7 (22.0 mi)]]></description>
    <Point>
      <coordinates>-111.5527803,41.9722777,0</coordinates>
    </Point>
  </Placemark>
  <Placemark>
    <name>Cherry Peak (Utah)</name>
    <Style>
      <IconStyle>
        <scale>1.0</scale>
        <Icon><href>http://maps.google.com/mapfiles/kml/paddle/ylw-circle.png</href></Icon>
      </IconStyle>
    </Style>
    <description><![CDATA[<b>Cherry Peak</b><br/><b>State:</b> Utah<br/><b>Tier:</b> Regional Resort (500-1,499 ft vertical)<br/><br/><b>Vertical Drop:</b> 1,265 ft<br/><b>Summit Elevation:</b> 7,050 ft MSL<br/><b>Base Elevation:</b> 5,775 ft MSL<br/><br/><b>Trails:</b> 29<br/><b>Lifts:</b> 3<br/><b>Skiable Acreage:</b> 200 acres<br/><b>Avg Annual Snowfall:</b> 322 in<br/><br/><b>Nearest Airports:</b> KLGU (12.1 mi), KU10 (16.9 mi), UT29 (20.6 mi)]]></description>
    <Point>
      <coordinates>-111.695497,41.9232626,0</coordinates>
    </Point>
  </Placemark>
  <Placemark>
    <name>Eagle Point (Utah)</name>
    <Style>
      <IconStyle>
        <scale>1.1</scale>
        <Icon><href>http://maps.google.com/mapfiles/kml/paddle/orange-circle.png</href></Icon>
      </IconStyle>
    </Style>
    <description><![CDATA[<b>Eagle Point</b><br/><b>State:</b> Utah<br/><b>Tier:</b> Major Resort (1,500-2,999 ft vertical)<br/><br/><b>Vertical Drop:</b> 1,500 ft<br/><b>Summit Elevation:</b> 10,600 ft MSL<br/><b>Base Elevation:</b> 9,100 ft MSL<br/><br/><b>Trails:</b> 40<br/><b>Lifts:</b> 5<br/><b>Skiable Acreage:</b> 650 acres<br/><b>Avg Annual Snowfall:</b> 400 in<br/><br/><b>Nearest Airports:</b> K69V (31.7 mi), KHVE (34.9 mi), KU34 (35.7 mi)]]></description>
    <Point>
      <coordinates>-110.8868117,38.9037507,0</coordinates>
    </Point>
  </Placemark>
  <Placemark>
    <name>Nordic Valley (Utah)</name>
    <Style>
      <IconStyle>
        <scale>1.0</scale>
        <Icon><href>http://maps.google.com/mapfiles/kml/paddle/ylw-circle.png</href></Icon>
      </IconStyle>
    </Style>
    <description><![CDATA[<b>Nordic Valley</b><br/><b>State:</b> Utah<br/><b>Tier:</b> Regional Resort (500-1,499 ft vertical)<br/><br/><b>Vertical Drop:</b> 960 ft<br/><b>Summit Elevation:</b> 6,400 ft MSL<br/><b>Base Elevation:</b> 5,440 ft MSL<br/><br/><b>Trails:</b> 23<br/><b>Lifts:</b> 4<br/><b>Skiable Acreage:</b> 140 acres<br/><b>Avg Annual Snowfall:</b> 300 in<br/><br/><b>Nearest Airports:</b> 11UT (8.9 mi), KOGD (11.0 mi), K42U (12.3 mi)]]></description>
    <Point>
      <coordinates>-111.865193,41.3099281,0</coordinates>
    </Point>
  </Placemark>
  <Placemark>
    <name>Snowbasin (Utah)</name>
    <Style>
      <IconStyle>
        <scale>1.4</scale>
        <Icon><href>http://maps.google.com/mapfiles/kml/paddle/ylw-stars.png</href></Icon>
      </IconStyle>
    </Style>
    <description><![CDATA[<b>Snowbasin</b><br/><b>State:</b> Utah<br/><b>Tier:</b> Big Mountain (3,000+ ft vertical)<br/><br/><b>Vertical Drop:</b> 3,015 ft<br/><b>Summit Elevation:</b> 9,465 ft MSL<br/><b>Base Elevation:</b> 6,450 ft MSL<br/><br/><b>Trails:</b> 118<br/><b>Lifts:</b> 13<br/><b>Skiable Acreage:</b> 3,000 acres<br/><b>Avg Annual Snowfall:</b> 325 in<br/><br/><b>Nearest Airports:</b> K42U (6.2 mi), KOGD (7.6 mi), KHIF (7.7 mi)]]></description>
    <Point>
      <coordinates>-111.8652518,41.2003657,0</coordinates>
    </Point>
  </Placemark>
  <Placemark>
    <name>Solitude Mountain (Utah)</name>
    <Style>
      <IconStyle>
        <scale>1.1</scale>
        <Icon><href>http://maps.google.com/mapfiles/kml/paddle/orange-circle.png</href></Icon>
      </IconStyle>
    </Style>
    <description><![CDATA[<b>Solitude Mountain</b><br/><b>State:</b> Utah<br/><b>Tier:</b> Major Resort (1,500-2,999 ft vertical)<br/><br/><b>Vertical Drop:</b> 2,500 ft<br/><b>Summit Elevation:</b> 10,488 ft MSL<br/><b>Base Elevation:</b> 7,988 ft MSL<br/><br/><b>Trails:</b> 80<br/><b>Lifts:</b> 8<br/><b>Skiable Acreage:</b> 1,200 acres<br/><b>Avg Annual Snowfall:</b> 500 in<br/><br/><b>Nearest Airports:</b> KHCR (13.2 mi), KSVR (20.7 mi), 38UT (21.1 mi)]]></description>
    <Point>
      <coordinates>-111.59763,40.6231058,0</coordinates>
    </Point>
  </Placemark>
  <Placemark>
    <name>Sundance Mountain (Utah)</name>
    <Style>
      <IconStyle>
        <scale>1.1</scale>
        <Icon><href>http://maps.google.com/mapfiles/kml/paddle/orange-circle.png</href></Icon>
      </IconStyle>
    </Style>
    <description><![CDATA[<b>Sundance Mountain</b><br/><b>State:</b> Utah<br/><b>Tier:</b> Major Resort (1,500-2,999 ft vertical)<br/><br/><b>Vertical Drop:</b> 2,150 ft<br/><b>Summit Elevation:</b> 8,250 ft MSL<br/><b>Base Elevation:</b> 6,100 ft MSL<br/><br/><b>Trails:</b> 44<br/><b>Lifts:</b> 5<br/><b>Skiable Acreage:</b> 450 acres<br/><b>Avg Annual Snowfall:</b> 320 in<br/><br/><b>Nearest Airports:</b> KHCR (10.0 mi), KPVU (14.1 mi), KSPK (17.6 mi)]]></description>
    <Point>
      <coordinates>-111.577661,40.390898,0</coordinates>
    </Point>
  </Placemark>
  <Placemark>
    <name>Afton Alps (Minnesota)</name>
    <Style>
      <IconStyle>
        <scale>0.8</scale>
        <Icon><href>http://maps.google.com/mapfiles/kml/paddle/blu-circle.png</href></Icon>
      </IconStyle>
    </Style>
    <description><![CDATA[<b>Afton Alps</b><br/><b>State:</b> Minnesota<br/><b>Tier:</b> Local Hill (< 500 ft vertical)<br/><br/><b>Vertical Drop:</b> 350 ft<br/><b>Summit Elevation:</b> 700 ft MSL<br/><b>Base Elevation:</b> 350 ft MSL<br/><br/><b>Trails:</b> 50<br/><b>Lifts:</b> 22<br/><b>Skiable Acreage:</b> 300 acres<br/><b>Avg Annual Snowfall:</b> 60 in<br/><br/><b>Nearest Airports:</b> 6WI2 (1.8 mi), MY35 (5.2 mi), K21D (10.2 mi)]]></description>
    <Point>
      <coordinates>-92.7878925,44.8575875,0</coordinates>
    </Point>
  </Placemark>
  <Placemark>
    <name>Andes Tower Hills (Minnesota)</name>
    <Style>
      <IconStyle>
        <scale>0.8</scale>
        <Icon><href>http://maps.google.com/mapfiles/kml/paddle/blu-circle.png</href></Icon>
      </IconStyle>
    </Style>
    <description><![CDATA[<b>Andes Tower Hills</b><br/><b>State:</b> Minnesota<br/><b>Tier:</b> Local Hill (< 500 ft vertical)<br/><br/><b>Vertical Drop:</b> 290 ft<br/><b>Summit Elevation:</b> 1,620 ft MSL<br/><b>Base Elevation:</b> 1,330 ft MSL<br/><br/><b>Trails:</b> 15<br/><b>Lifts:</b> 6<br/><b>Skiable Acreage:</b> 35 acres<br/><b>Avg Annual Snowfall:</b> 55 in<br/><br/><b>Nearest Airports:</b> MN44 (7.8 mi), KAXN (11.4 mi), 8MY9 (13.9 mi)]]></description>
    <Point>
      <coordinates>-95.6302951,45.8505374,0</coordinates>
    </Point>
  </Placemark>
  <Placemark>
    <name>Buck Hill (Minnesota)</name>
    <Style>
      <IconStyle>
        <scale>0.8</scale>
        <Icon><href>http://maps.google.com/mapfiles/kml/paddle/blu-circle.png</href></Icon>
      </IconStyle>
    </Style>
    <description><![CDATA[<b>Buck Hill</b><br/><b>State:</b> Minnesota<br/><b>Tier:</b> Local Hill (< 500 ft vertical)<br/><br/><b>Vertical Drop:</b> 262 ft<br/><b>Summit Elevation:</b> 1,211 ft MSL<br/><b>Base Elevation:</b> 949 ft MSL<br/><br/><b>Trails:</b> 16<br/><b>Lifts:</b> 9<br/><b>Skiable Acreage:</b> 45 acres<br/><b>Avg Annual Snowfall:</b> 60 in<br/><br/><b>Nearest Airports:</b> KLVN (7.2 mi), MN15 (9.0 mi), 69MY (10.1 mi)]]></description>
    <Point>
      <coordinates>-93.2855624,44.7233167,0</coordinates>
    </Point>
  </Placemark>
  <Placemark>
    <name>Buena Vista Ski Area (Minnesota)</name>
    <Style>
      <IconStyle>
        <scale>0.8</scale>
        <Icon><href>http://maps.google.com/mapfiles/kml/paddle/blu-circle.png</href></Icon>
      </IconStyle>
    </Style>
    <description><![CDATA[<b>Buena Vista Ski Area</b><br/><b>State:</b> Minnesota<br/><b>Tier:</b> Local Hill (< 500 ft vertical)<br/><br/><b>Vertical Drop:</b> 230 ft<br/><b>Summit Elevation:</b> 1,510 ft MSL<br/><b>Base Elevation:</b> 1,280 ft MSL<br/><br/><b>Trails:</b> 16<br/><b>Lifts:</b> 5<br/><b>Skiable Acreage:</b> 30 acres<br/><b>Avg Annual Snowfall:</b> 78 in<br/><br/><b>Nearest Airports:</b> KBJI (10.5 mi), MN13 (11.8 mi), MY54 (15.5 mi)]]></description>
    <Point>
      <coordinates>-94.8765961,47.6582209,0</coordinates>
    </Point>
  </Placemark>
  <Placemark>
    <name>Chester Bowl Park (Minnesota)</name>
    <Style>
      <IconStyle>
        <scale>0.8</scale>
        <Icon><href>http://maps.google.com/mapfiles/kml/paddle/blu-circle.png</href></Icon>
      </IconStyle>
    </Style>
    <description><![CDATA[<b>Chester Bowl Park</b><br/><b>State:</b> Minnesota<br/><b>Tier:</b> Local Hill (< 500 ft vertical)<br/><br/><b>Vertical Drop:</b> 175 ft<br/><b>Summit Elevation:</b> 875 ft MSL<br/><b>Base Elevation:</b> 700 ft MSL<br/><br/><b>Trails:</b> 5<br/><b>Lifts:</b> 1<br/><b>Skiable Acreage:</b> 6 acres<br/><b>Avg Annual Snowfall:</b> 100 in<br/><br/><b>Nearest Airports:</b> KDLH (5.2 mi), KDYT (6.7 mi), KSUW (8.6 mi)]]></description>
    <Point>
      <coordinates>-92.0900024,46.8140689,0</coordinates>
    </Point>
  </Placemark>
  <Placemark>
    <name>Coffee Mill Ski Area (Minnesota)</name>
    <Style>
      <IconStyle>
        <scale>0.8</scale>
        <Icon><href>http://maps.google.com/mapfiles/kml/paddle/blu-circle.png</href></Icon>
      </IconStyle>
    </Style>
    <description><![CDATA[<b>Coffee Mill Ski Area</b><br/><b>State:</b> Minnesota<br/><b>Tier:</b> Local Hill (< 500 ft vertical)<br/><br/><b>Vertical Drop:</b> 425 ft<br/><b>Summit Elevation:</b> 1,150 ft MSL<br/><b>Base Elevation:</b> 725 ft MSL<br/><br/><b>Trails:</b> 14<br/><b>Lifts:</b> 3<br/><b>Skiable Acreage:</b> 40 acres<br/><b>Avg Annual Snowfall:</b> 48 in<br/><br/><b>Nearest Airports:</b> 25WN (12.4 mi), 6WN5 (12.4 mi), WI25 (12.7 mi)]]></description>
    <Point>
      <coordinates>-92.0480363,44.356925,0</coordinates>
    </Point>
  </Placemark>
  <Placemark>
    <name>Detroit Mountain (Minnesota)</name>
    <Style>
      <IconStyle>
        <scale>0.8</scale>
        <Icon><href>http://maps.google.com/mapfiles/kml/paddle/blu-circle.png</href></Icon>
      </IconStyle>
    </Style>
    <description><![CDATA[<b>Detroit Mountain</b><br/><b>State:</b> Minnesota<br/><b>Tier:</b> Local Hill (< 500 ft vertical)<br/><br/><b>Vertical Drop:</b> 210 ft<br/><b>Summit Elevation:</b> 1,607 ft MSL<br/><b>Base Elevation:</b> 1,443 ft MSL<br/><br/><b>Trails:</b> 21<br/><b>Lifts:</b> 8<br/><b>Skiable Acreage:</b> 45 acres<br/><b>Avg Annual Snowfall:</b> N/A<br/><br/><b>Nearest Airports:</b> KDTL (4.7 mi), MY29 (15.0 mi), MN89 (15.2 mi)]]></description>
    <Point>
      <coordinates>-95.7835259,46.8161658,0</coordinates>
    </Point>
  </Placemark>
  <Placemark>
    <name>Giants Ridge (Minnesota)</name>
    <Style>
      <IconStyle>
        <scale>1.0</scale>
        <Icon><href>http://maps.google.com/mapfiles/kml/paddle/ylw-circle.png</href></Icon>
      </IconStyle>
    </Style>
    <description><![CDATA[<b>Giants Ridge</b><br/><b>State:</b> Minnesota<br/><b>Tier:</b> Regional Resort (500-1,499 ft vertical)<br/><br/><b>Vertical Drop:</b> 500 ft<br/><b>Summit Elevation:</b> 1,972 ft MSL<br/><b>Base Elevation:</b> 1,472 ft MSL<br/><br/><b>Trails:</b> 35<br/><b>Lifts:</b> 7<br/><b>Skiable Acreage:</b> 202 acres<br/><b>Avg Annual Snowfall:</b> 85 in<br/><br/><b>Nearest Airports:</b> KEVM (13.3 mi), K12D (17.1 mi), KCQM (24.6 mi)]]></description>
    <Point>
      <coordinates>-92.3140477,47.571352,0</coordinates>
    </Point>
  </Placemark>
  <Placemark>
    <name>Hyland Hills (Minnesota)</name>
    <Style>
      <IconStyle>
        <scale>0.8</scale>
        <Icon><href>http://maps.google.com/mapfiles/kml/paddle/blu-circle.png</href></Icon>
      </IconStyle>
    </Style>
    <description><![CDATA[<b>Hyland Hills</b><br/><b>State:</b> Minnesota<br/><b>Tier:</b> Local Hill (< 500 ft vertical)<br/><br/><b>Vertical Drop:</b> 175 ft<br/><b>Summit Elevation:</b> 1,075 ft MSL<br/><b>Base Elevation:</b> 900 ft MSL<br/><br/><b>Trails:</b> 13<br/><b>Lifts:</b> 6<br/><b>Skiable Acreage:</b> 35 acres<br/><b>Avg Annual Snowfall:</b> 60 in<br/><br/><b>Nearest Airports:</b> KFCM (4.7 mi), KMSP (7.5 mi), MN67 (14.8 mi)]]></description>
    <Point>
      <coordinates>-93.364437,44.8434537,0</coordinates>
    </Point>
  </Placemark>
  <Placemark>
    <name>Lutsen Mountains (Minnesota)</name>
    <Style>
      <IconStyle>
        <scale>1.0</scale>
        <Icon><href>http://maps.google.com/mapfiles/kml/paddle/ylw-circle.png</href></Icon>
      </IconStyle>
    </Style>
    <description><![CDATA[<b>Lutsen Mountains</b><br/><b>State:</b> Minnesota<br/><b>Tier:</b> Regional Resort (500-1,499 ft vertical)<br/><br/><b>Vertical Drop:</b> 773 ft<br/><b>Summit Elevation:</b> 1,678 ft MSL<br/><b>Base Elevation:</b> 905 ft MSL<br/><br/><b>Trails:</b> 95<br/><b>Lifts:</b> 9<br/><b>Skiable Acreage:</b> 593 acres<br/><b>Avg Annual Snowfall:</b> 115 in<br/><br/><b>Nearest Airports:</b> KCKC (20.2 mi), KELO (52.6 mi), WS19 (52.9 mi)]]></description>
    <Point>
      <coordinates>-90.7250636,47.6559901,0</coordinates>
    </Point>
  </Placemark>
  <Placemark>
    <name>Mount Kato (Minnesota)</name>
    <Style>
      <IconStyle>
        <scale>0.8</scale>
        <Icon><href>http://maps.google.com/mapfiles/kml/paddle/blu-circle.png</href></Icon>
      </IconStyle>
    </Style>
    <description><![CDATA[<b>Mount Kato</b><br/><b>State:</b> Minnesota<br/><b>Tier:</b> Local Hill (< 500 ft vertical)<br/><br/><b>Vertical Drop:</b> 240 ft<br/><b>Summit Elevation:</b> 840 ft MSL<br/><b>Base Elevation:</b> 600 ft MSL<br/><br/><b>Trails:</b> 19<br/><b>Lifts:</b> 11<br/><b>Skiable Acreage:</b> 55 acres<br/><b>Avg Annual Snowfall:</b> 50 in<br/><br/><b>Nearest Airports:</b> MN46 (7.8 mi), 93MN (8.1 mi), MN08 (8.1 mi)]]></description>
    <Point>
      <coordinates>-94.035822,44.1312775,0</coordinates>
    </Point>
  </Placemark>
  <Placemark>
    <name>Powder Ridge (Minnesota)</name>
    <Style>
      <IconStyle>
        <scale>0.8</scale>
        <Icon><href>http://maps.google.com/mapfiles/kml/paddle/blu-circle.png</href></Icon>
      </IconStyle>
    </Style>
    <description><![CDATA[<b>Powder Ridge</b><br/><b>State:</b> Minnesota<br/><b>Tier:</b> Local Hill (< 500 ft vertical)<br/><br/><b>Vertical Drop:</b> 310 ft<br/><b>Summit Elevation:</b> 850 ft MSL<br/><b>Base Elevation:</b> 540 ft MSL<br/><br/><b>Trails:</b> 15<br/><b>Lifts:</b> 6<br/><b>Skiable Acreage:</b> 60 acres<br/><b>Avg Annual Snowfall:</b> 45 in<br/><br/><b>Nearest Airports:</b> 32MN (4.7 mi), 15MN (11.4 mi), KMGG (17.4 mi)]]></description>
    <Point>
      <coordinates>-94.3078506,45.3440779,0</coordinates>
    </Point>
  </Placemark>
  <Placemark>
    <name>Mount Ski Gull (Minnesota)</name>
    <Style>
      <IconStyle>
        <scale>0.8</scale>
        <Icon><href>http://maps.google.com/mapfiles/kml/paddle/blu-circle.png</href></Icon>
      </IconStyle>
    </Style>
    <description><![CDATA[<b>Mount Ski Gull</b><br/><b>State:</b> Minnesota<br/><b>Tier:</b> Local Hill (< 500 ft vertical)<br/><br/><b>Vertical Drop:</b> 230 ft<br/><b>Summit Elevation:</b> 1,515 ft MSL<br/><b>Base Elevation:</b> 1,285 ft MSL<br/><br/><b>Trails:</b> 10<br/><b>Lifts:</b> 5<br/><b>Skiable Acreage:</b> 40 acres<br/><b>Avg Annual Snowfall:</b> 50 in<br/><br/><b>Nearest Airports:</b> KBRD (12.0 mi), 8MN3 (12.9 mi), MN17 (13.6 mi)]]></description>
    <Point>
      <coordinates>-94.378519,46.4448501,0</coordinates>
    </Point>
  </Placemark>
  <Placemark>
    <name>Spirit Mountain (Minnesota)</name>
    <Style>
      <IconStyle>
        <scale>1.0</scale>
        <Icon><href>http://maps.google.com/mapfiles/kml/paddle/ylw-circle.png</href></Icon>
      </IconStyle>
    </Style>
    <description><![CDATA[<b>Spirit Mountain</b><br/><b>State:</b> Minnesota<br/><b>Tier:</b> Regional Resort (500-1,499 ft vertical)<br/><br/><b>Vertical Drop:</b> 678 ft<br/><b>Summit Elevation:</b> 1,298 ft MSL<br/><b>Base Elevation:</b> 620 ft MSL<br/><br/><b>Trails:</b> 22<br/><b>Lifts:</b> 8<br/><b>Skiable Acreage:</b> 175 acres<br/><b>Avg Annual Snowfall:</b> 90 in<br/><br/><b>Nearest Airports:</b> MN92 (4.7 mi), KSUW (5.9 mi), KDYT (8.0 mi)]]></description>
    <Point>
      <coordinates>-92.2123853,46.7176576,0</coordinates>
    </Point>
  </Placemark>
  <Placemark>
    <name>Welch Village (Minnesota)</name>
    <Style>
      <IconStyle>
        <scale>0.8</scale>
        <Icon><href>http://maps.google.com/mapfiles/kml/paddle/blu-circle.png</href></Icon>
      </IconStyle>
    </Style>
    <description><![CDATA[<b>Welch Village</b><br/><b>State:</b> Minnesota<br/><b>Tier:</b> Local Hill (< 500 ft vertical)<br/><br/><b>Vertical Drop:</b> 360 ft<br/><b>Summit Elevation:</b> 1,060 ft MSL<br/><b>Base Elevation:</b> 700 ft MSL<br/><br/><b>Trails:</b> 60<br/><b>Lifts:</b> 11<br/><b>Skiable Acreage:</b> 140 acres<br/><b>Avg Annual Snowfall:</b> 45 in<br/><br/><b>Nearest Airports:</b> 28MN (1.6 mi), MY17 (4.4 mi), 49MN (9.4 mi)]]></description>
    <Point>
      <coordinates>-92.7307812,44.5545843,0</coordinates>
    </Point>
  </Placemark>
  <Placemark>
    <name>Wild Mountain (Minnesota)</name>
    <Style>
      <IconStyle>
        <scale>0.8</scale>
        <Icon><href>http://maps.google.com/mapfiles/kml/paddle/blu-circle.png</href></Icon>
      </IconStyle>
    </Style>
    <description><![CDATA[<b>Wild Mountain</b><br/><b>State:</b> Minnesota<br/><b>Tier:</b> Local Hill (< 500 ft vertical)<br/><br/><b>Vertical Drop:</b> 300 ft<br/><b>Summit Elevation:</b> 1,113 ft MSL<br/><b>Base Elevation:</b> 813 ft MSL<br/><br/><b>Trails:</b> 26<br/><b>Lifts:</b> 9<br/><b>Skiable Acreage:</b> 100 acres<br/><b>Avg Annual Snowfall:</b> 50 in<br/><br/><b>Nearest Airports:</b> WS71 (6.2 mi), 5MN5 (6.9 mi), 62MN (7.5 mi)]]></description>
    <Point>
      <coordinates>-92.7130449,45.487649,0</coordinates>
    </Point>
  </Placemark>
  <Placemark>
    <name>Abenaki Ski Area (New Hampshire)</name>
    <Style>
      <IconStyle>
        <scale>0.8</scale>
        <Icon><href>http://maps.google.com/mapfiles/kml/paddle/blu-circle.png</href></Icon>
      </IconStyle>
    </Style>
    <description><![CDATA[<b>Abenaki Ski Area</b><br/><b>State:</b> New Hampshire<br/><b>Tier:</b> Local Hill (< 500 ft vertical)<br/><br/><b>Vertical Drop:</b> 215 ft<br/><b>Summit Elevation:</b> 815 ft MSL<br/><b>Base Elevation:</b> 600 ft MSL<br/><br/><b>Trails:</b> 7<br/><b>Lifts:</b> 2<br/><b>Skiable Acreage:</b> 18 acres<br/><b>Avg Annual Snowfall:</b> N/A<br/><br/><b>Nearest Airports:</b> NH31 (4.9 mi), NH18 (9.7 mi), KLCI (9.9 mi)]]></description>
    <Point>
      <coordinates>-71.2236486,43.6036508,0</coordinates>
    </Point>
  </Placemark>
  <Placemark>
    <name>Arrowhead Recreation Area (New Hampshire)</name>
    <Style>
      <IconStyle>
        <scale>0.8</scale>
        <Icon><href>http://maps.google.com/mapfiles/kml/paddle/blu-circle.png</href></Icon>
      </IconStyle>
    </Style>
    <description><![CDATA[<b>Arrowhead Recreation Area</b><br/><b>State:</b> New Hampshire<br/><b>Tier:</b> Local Hill (< 500 ft vertical)<br/><br/><b>Vertical Drop:</b> 120 ft<br/><b>Summit Elevation:</b> N/A<br/><b>Base Elevation:</b> N/A<br/><br/><b>Trails:</b> 9<br/><b>Lifts:</b> 2<br/><b>Skiable Acreage:</b> 225 acres<br/><b>Avg Annual Snowfall:</b> N/A<br/><br/><b>Nearest Airports:</b> KCNH (2.0 mi), K2B3 (7.6 mi), KVSF (9.3 mi)]]></description>
    <Point>
      <coordinates>-72.3325416,43.3579837,0</coordinates>
    </Point>
  </Placemark>
  <Placemark>
    <name>Attitash Mountain Resort (New Hampshire)</name>
    <Style>
      <IconStyle>
        <scale>1.1</scale>
        <Icon><href>http://maps.google.com/mapfiles/kml/paddle/orange-circle.png</href></Icon>
      </IconStyle>
    </Style>
    <description><![CDATA[<b>Attitash Mountain Resort</b><br/><b>State:</b> New Hampshire<br/><b>Tier:</b> Major Resort (1,500-2,999 ft vertical)<br/><br/><b>Vertical Drop:</b> 1,750 ft<br/><b>Summit Elevation:</b> 2,350 ft MSL<br/><b>Base Elevation:</b> 600 ft MSL<br/><br/><b>Trails:</b> 68<br/><b>Lifts:</b> 9<br/><b>Skiable Acreage:</b> 311 acres<br/><b>Avg Annual Snowfall:</b> 120 in<br/><br/><b>Nearest Airports:</b> NH38 (7.9 mi), 40ME (14.5 mi), KIZG (15.8 mi)]]></description>
    <Point>
      <coordinates>-71.2446654,44.0742099,0</coordinates>
    </Point>
  </Placemark>
  <Placemark>
    <name>Black Mountain Ski Area (New Hampshire)</name>
    <Style>
      <IconStyle>
        <scale>1.0</scale>
        <Icon><href>http://maps.google.com/mapfiles/kml/paddle/ylw-circle.png</href></Icon>
      </IconStyle>
    </Style>
    <description><![CDATA[<b>Black Mountain Ski Area</b><br/><b>State:</b> New Hampshire<br/><b>Tier:</b> Regional Resort (500-1,499 ft vertical)<br/><br/><b>Vertical Drop:</b> 1,100 ft<br/><b>Summit Elevation:</b> 2,350 ft MSL<br/><b>Base Elevation:</b> 1,250 ft MSL<br/><br/><b>Trails:</b> 40<br/><b>Lifts:</b> 5<br/><b>Skiable Acreage:</b> 143 acres<br/><b>Avg Annual Snowfall:</b> 125 in<br/><br/><b>Nearest Airports:</b> NH49 (6.5 mi), K1B5 (12.5 mi), 25NH (13.9 mi)]]></description>
    <Point>
      <coordinates>-71.604971,44.0483388,0</coordinates>
    </Point>
  </Placemark>
  <Placemark>
    <name>Bretton Woods (New Hampshire)</name>
    <Style>
      <IconStyle>
        <scale>1.1</scale>
        <Icon><href>http://maps.google.com/mapfiles/kml/paddle/orange-circle.png</href></Icon>
      </IconStyle>
    </Style>
    <description><![CDATA[<b>Bretton Woods</b><br/><b>State:</b> New Hampshire<br/><b>Tier:</b> Major Resort (1,500-2,999 ft vertical)<br/><br/><b>Vertical Drop:</b> 1,500 ft<br/><b>Summit Elevation:</b> 3,100 ft MSL<br/><b>Base Elevation:</b> 1,600 ft MSL<br/><br/><b>Trails:</b> 62<br/><b>Lifts:</b> 10<br/><b>Skiable Acreage:</b> 464 acres<br/><b>Avg Annual Snowfall:</b> 200 in<br/><br/><b>Nearest Airports:</b> K8B2 (5.1 mi), KHIE (9.0 mi), 25NH (13.7 mi)]]></description>
    <Point>
      <coordinates>-71.4430242,44.2599728,0</coordinates>
    </Point>
  </Placemark>
  <Placemark>
    <name>Cannon Mountain Ski Area (New Hampshire)</name>
    <Style>
      <IconStyle>
        <scale>1.1</scale>
        <Icon><href>http://maps.google.com/mapfiles/kml/paddle/orange-circle.png</href></Icon>
      </IconStyle>
    </Style>
    <description><![CDATA[<b>Cannon Mountain Ski Area</b><br/><b>State:</b> New Hampshire<br/><b>Tier:</b> Major Resort (1,500-2,999 ft vertical)<br/><br/><b>Vertical Drop:</b> 2,330 ft<br/><b>Summit Elevation:</b> 4,180 ft MSL<br/><b>Base Elevation:</b> 1,850 ft MSL<br/><br/><b>Trails:</b> 73<br/><b>Lifts:</b> 10<br/><b>Skiable Acreage:</b> 265 acres<br/><b>Avg Annual Snowfall:</b> 160 in<br/><br/><b>Nearest Airports:</b> K1B5 (3.7 mi), 25NH (5.3 mi), K8B2 (10.6 mi)]]></description>
    <Point>
      <coordinates>-71.6986205,44.1566923,0</coordinates>
    </Point>
  </Placemark>
  <Placemark>
    <name>Campton Mountain (New Hampshire)</name>
    <Style>
      <IconStyle>
        <scale>0.8</scale>
        <Icon><href>http://maps.google.com/mapfiles/kml/paddle/blu-circle.png</href></Icon>
      </IconStyle>
    </Style>
    <description><![CDATA[<b>Campton Mountain</b><br/><b>State:</b> New Hampshire<br/><b>Tier:</b> Local Hill (< 500 ft vertical)<br/><br/><b>Vertical Drop:</b> 313 ft<br/><b>Summit Elevation:</b> 1,505 ft MSL<br/><b>Base Elevation:</b> 1,192 ft MSL<br/><br/><b>Trails:</b> N/A<br/><b>Lifts:</b> 2<br/><b>Skiable Acreage:</b> N/A<br/><b>Avg Annual Snowfall:</b> N/A<br/><br/><b>Nearest Airports:</b> K1P1 (9.5 mi), NH49 (9.7 mi), K4MB (11.4 mi)]]></description>
    <Point>
      <coordinates>-71.5877295,43.8465088,0</coordinates>
    </Point>
  </Placemark>
  <Placemark>
    <name>Cranmore Mountain Resort (New Hampshire)</name>
    <Style>
      <IconStyle>
        <scale>1.0</scale>
        <Icon><href>http://maps.google.com/mapfiles/kml/paddle/ylw-circle.png</href></Icon>
      </IconStyle>
    </Style>
    <description><![CDATA[<b>Cranmore Mountain Resort</b><br/><b>State:</b> New Hampshire<br/><b>Tier:</b> Regional Resort (500-1,499 ft vertical)<br/><br/><b>Vertical Drop:</b> 1,200 ft<br/><b>Summit Elevation:</b> 2,000 ft MSL<br/><b>Base Elevation:</b> 600 ft MSL<br/><br/><b>Trails:</b> 54<br/><b>Lifts:</b> 10<br/><b>Skiable Acreage:</b> 200 acres<br/><b>Avg Annual Snowfall:</b> 150 in<br/><br/><b>Nearest Airports:</b> NH38 (7.1 mi), 40ME (7.7 mi), KIZG (8.8 mi)]]></description>
    <Point>
      <coordinates>-71.0973102,44.0608273,0</coordinates>
    </Point>
  </Placemark>
  <Placemark>
    <name>Dartmouth Skiway (New Hampshire)</name>
    <Style>
      <IconStyle>
        <scale>1.0</scale>
        <Icon><href>http://maps.google.com/mapfiles/kml/paddle/ylw-circle.png</href></Icon>
      </IconStyle>
    </Style>
    <description><![CDATA[<b>Dartmouth Skiway</b><br/><b>State:</b> New Hampshire<br/><b>Tier:</b> Regional Resort (500-1,499 ft vertical)<br/><br/><b>Vertical Drop:</b> 968 ft<br/><b>Summit Elevation:</b> 1,943 ft MSL<br/><b>Base Elevation:</b> 975 ft MSL<br/><br/><b>Trails:</b> 30<br/><b>Lifts:</b> 4<br/><b>Skiable Acreage:</b> 104 acres<br/><b>Avg Annual Snowfall:</b> 100 in<br/><br/><b>Nearest Airports:</b> 01NH (9.9 mi), K2B9 (10.3 mi), NH96 (11.1 mi)]]></description>
    <Point>
      <coordinates>-72.0943395,43.787898,0</coordinates>
    </Point>
  </Placemark>
  <Placemark>
    <name>Veterans Memorial Recreation Area (New Hampshire)</name>
    <Style>
      <IconStyle>
        <scale>0.8</scale>
        <Icon><href>http://maps.google.com/mapfiles/kml/paddle/blu-circle.png</href></Icon>
      </IconStyle>
    </Style>
    <description><![CDATA[<b>Veterans Memorial Recreation Area</b><br/><b>State:</b> New Hampshire<br/><b>Tier:</b> Local Hill (< 500 ft vertical)<br/><br/><b>Vertical Drop:</b> 220 ft<br/><b>Summit Elevation:</b> N/A<br/><b>Base Elevation:</b> N/A<br/><br/><b>Trails:</b> 10<br/><b>Lifts:</b> 2<br/><b>Skiable Acreage:</b> N/A<br/><b>Avg Annual Snowfall:</b> N/A<br/><br/><b>Nearest Airports:</b> 12NH (3.9 mi), K2N2 (10.6 mi), NH40 (13.2 mi)]]></description>
    <Point>
      <coordinates>-71.6913073,43.445176,0</coordinates>
    </Point>
  </Placemark>
  <Placemark>
    <name>Granite Gorge (New Hampshire)</name>
    <Style>
      <IconStyle>
        <scale>0.8</scale>
        <Icon><href>http://maps.google.com/mapfiles/kml/paddle/blu-circle.png</href></Icon>
      </IconStyle>
    </Style>
    <description><![CDATA[<b>Granite Gorge</b><br/><b>State:</b> New Hampshire<br/><b>Tier:</b> Local Hill (< 500 ft vertical)<br/><br/><b>Vertical Drop:</b> 390 ft<br/><b>Summit Elevation:</b> 1,325 ft MSL<br/><b>Base Elevation:</b> 935 ft MSL<br/><br/><b>Trails:</b> 19<br/><b>Lifts:</b> 3<br/><b>Skiable Acreage:</b> 150 acres<br/><b>Avg Annual Snowfall:</b> N/A<br/><br/><b>Nearest Airports:</b> KEEN (5.7 mi), 2NH5 (9.7 mi), NH39 (11.9 mi)]]></description>
    <Point>
      <coordinates>-72.2124727,42.9688637,0</coordinates>
    </Point>
  </Placemark>
  <Placemark>
    <name>Gunstock Mountain Resort (New Hampshire)</name>
    <Style>
      <IconStyle>
        <scale>1.0</scale>
        <Icon><href>http://maps.google.com/mapfiles/kml/paddle/ylw-circle.png</href></Icon>
      </IconStyle>
    </Style>
    <description><![CDATA[<b>Gunstock Mountain Resort</b><br/><b>State:</b> New Hampshire<br/><b>Tier:</b> Regional Resort (500-1,499 ft vertical)<br/><br/><b>Vertical Drop:</b> 1,400 ft<br/><b>Summit Elevation:</b> 2,267 ft MSL<br/><b>Base Elevation:</b> 867 ft MSL<br/><br/><b>Trails:</b> 55<br/><b>Lifts:</b> 6<br/><b>Skiable Acreage:</b> 227 acres<br/><b>Avg Annual Snowfall:</b> 120 in<br/><br/><b>Nearest Airports:</b> KLCI (3.8 mi), NH30 (9.9 mi), NH31 (13.3 mi)]]></description>
    <Point>
      <coordinates>-71.3632339,43.5350749,0</coordinates>
    </Point>
  </Placemark>
  <Placemark>
    <name>Kanc Recreation Area (New Hampshire)</name>
    <Style>
      <IconStyle>
        <scale>0.8</scale>
        <Icon><href>http://maps.google.com/mapfiles/kml/paddle/blu-circle.png</href></Icon>
      </IconStyle>
    </Style>
    <description><![CDATA[<b>Kanc Recreation Area</b><br/><b>State:</b> New Hampshire<br/><b>Tier:</b> Local Hill (< 500 ft vertical)<br/><br/><b>Vertical Drop:</b> 221 ft<br/><b>Summit Elevation:</b> 1,080 ft MSL<br/><b>Base Elevation:</b> 859 ft MSL<br/><br/><b>Trails:</b> 2<br/><b>Lifts:</b> 1<br/><b>Skiable Acreage:</b> 7 acres<br/><b>Avg Annual Snowfall:</b> N/A<br/><br/><b>Nearest Airports:</b> NH49 (5.8 mi), K1B5 (10.8 mi), 25NH (12.6 mi)]]></description>
    <Point>
      <coordinates>-71.6624171,44.053614,0</coordinates>
    </Point>
  </Placemark>
  <Placemark>
    <name>King Pine Ski Area (New Hampshire)</name>
    <Style>
      <IconStyle>
        <scale>0.8</scale>
        <Icon><href>http://maps.google.com/mapfiles/kml/paddle/blu-circle.png</href></Icon>
      </IconStyle>
    </Style>
    <description><![CDATA[<b>King Pine Ski Area</b><br/><b>State:</b> New Hampshire<br/><b>Tier:</b> Local Hill (< 500 ft vertical)<br/><br/><b>Vertical Drop:</b> 350 ft<br/><b>Summit Elevation:</b> 850 ft MSL<br/><b>Base Elevation:</b> 500 ft MSL<br/><br/><b>Trails:</b> 17<br/><b>Lifts:</b> 6<br/><b>Skiable Acreage:</b> 48 acres<br/><b>Avg Annual Snowfall:</b> 120 in<br/><br/><b>Nearest Airports:</b> NH69 (5.6 mi), NH38 (8.4 mi), NH18 (9.7 mi)]]></description>
    <Point>
      <coordinates>-71.0865318,43.866,0</coordinates>
    </Point>
  </Placemark>
  <Placemark>
    <name>Loon Mountain Resort (New Hampshire)</name>
    <Style>
      <IconStyle>
        <scale>1.1</scale>
        <Icon><href>http://maps.google.com/mapfiles/kml/paddle/orange-circle.png</href></Icon>
      </IconStyle>
    </Style>
    <description><![CDATA[<b>Loon Mountain Resort</b><br/><b>State:</b> New Hampshire<br/><b>Tier:</b> Major Resort (1,500-2,999 ft vertical)<br/><br/><b>Vertical Drop:</b> 2,100 ft<br/><b>Summit Elevation:</b> 3,050 ft MSL<br/><b>Base Elevation:</b> 950 ft MSL<br/><br/><b>Trails:</b> 61<br/><b>Lifts:</b> 12<br/><b>Skiable Acreage:</b> 370 acres<br/><b>Avg Annual Snowfall:</b> 163 in<br/><br/><b>Nearest Airports:</b> NH49 (5.6 mi), K1B5 (11.9 mi), 25NH (13.5 mi)]]></description>
    <Point>
      <coordinates>-71.6366372,44.0450575,0</coordinates>
    </Point>
  </Placemark>
  <Placemark>
    <name>McIntyre Ski Area (New Hampshire)</name>
    <Style>
      <IconStyle>
        <scale>0.8</scale>
        <Icon><href>http://maps.google.com/mapfiles/kml/paddle/blu-circle.png</href></Icon>
      </IconStyle>
    </Style>
    <description><![CDATA[<b>McIntyre Ski Area</b><br/><b>State:</b> New Hampshire<br/><b>Tier:</b> Local Hill (< 500 ft vertical)<br/><br/><b>Vertical Drop:</b> 169 ft<br/><b>Summit Elevation:</b> 510 ft MSL<br/><b>Base Elevation:</b> 340 ft MSL<br/><br/><b>Trails:</b> 10<br/><b>Lifts:</b> 5<br/><b>Skiable Acreage:</b> 37 acres<br/><b>Avg Annual Snowfall:</b> N/A<br/><br/><b>Nearest Airports:</b> KMHT (5.0 mi), NH88 (9.6 mi), NH60 (11.2 mi)]]></description>
    <Point>
      <coordinates>-71.4401852,43.0055515,0</coordinates>
    </Point>
  </Placemark>
  <Placemark>
    <name>Mt. Eustis Ski Hill (New Hampshire)</name>
    <Style>
      <IconStyle>
        <scale>0.8</scale>
        <Icon><href>http://maps.google.com/mapfiles/kml/paddle/blu-circle.png</href></Icon>
      </IconStyle>
    </Style>
    <description><![CDATA[<b>Mt. Eustis Ski Hill</b><br/><b>State:</b> New Hampshire<br/><b>Tier:</b> Local Hill (< 500 ft vertical)<br/><br/><b>Vertical Drop:</b> 240 ft<br/><b>Summit Elevation:</b> 1,373 ft MSL<br/><b>Base Elevation:</b> 1,133 ft MSL<br/><br/><b>Trails:</b> N/A<br/><b>Lifts:</b> 1<br/><b>Skiable Acreage:</b> N/A<br/><b>Avg Annual Snowfall:</b> N/A<br/><br/><b>Nearest Airports:</b> 25NH (5.3 mi), K1B5 (7.1 mi), K8B2 (11.5 mi)]]></description>
    <Point>
      <coordinates>-71.7750106,44.2968383,0</coordinates>
    </Point>
  </Placemark>
  <Placemark>
    <name>Mount Prospect Ski Tow (New Hampshire)</name>
    <Style>
      <IconStyle>
        <scale>0.8</scale>
        <Icon><href>http://maps.google.com/mapfiles/kml/paddle/blu-circle.png</href></Icon>
      </IconStyle>
    </Style>
    <description><![CDATA[<b>Mount Prospect Ski Tow</b><br/><b>State:</b> New Hampshire<br/><b>Tier:</b> Local Hill (< 500 ft vertical)<br/><br/><b>Vertical Drop:</b> 300 ft<br/><b>Summit Elevation:</b> 1,700 ft MSL<br/><b>Base Elevation:</b> 1,400 ft MSL<br/><br/><b>Trails:</b> N/A<br/><b>Lifts:</b> 1<br/><b>Skiable Acreage:</b> N/A<br/><b>Avg Annual Snowfall:</b> N/A<br/><br/><b>Nearest Airports:</b> KHIE (6.2 mi), K8B2 (13.3 mi), 25NH (17.0 mi)]]></description>
    <Point>
      <coordinates>-71.5735524,44.4555789,0</coordinates>
    </Point>
  </Placemark>
  <Placemark>
    <name>Pats Peak Ski Area (New Hampshire)</name>
    <Style>
      <IconStyle>
        <scale>1.0</scale>
        <Icon><href>http://maps.google.com/mapfiles/kml/paddle/ylw-circle.png</href></Icon>
      </IconStyle>
    </Style>
    <description><![CDATA[<b>Pats Peak Ski Area</b><br/><b>State:</b> New Hampshire<br/><b>Tier:</b> Regional Resort (500-1,499 ft vertical)<br/><br/><b>Vertical Drop:</b> 770 ft<br/><b>Summit Elevation:</b> 1,460 ft MSL<br/><b>Base Elevation:</b> 690 ft MSL<br/><br/><b>Trails:</b> 28<br/><b>Lifts:</b> 11<br/><b>Skiable Acreage:</b> 103 acres<br/><b>Avg Annual Snowfall:</b> 100 in<br/><br/><b>Nearest Airports:</b> NH86 (1.3 mi), K8B1 (8.7 mi), NH88 (11.1 mi)]]></description>
    <Point>
      <coordinates>-71.7944871,43.1568133,0</coordinates>
    </Point>
  </Placemark>
  <Placemark>
    <name>Ragged Mountain Resort (New Hampshire)</name>
    <Style>
      <IconStyle>
        <scale>1.0</scale>
        <Icon><href>http://maps.google.com/mapfiles/kml/paddle/ylw-circle.png</href></Icon>
      </IconStyle>
    </Style>
    <description><![CDATA[<b>Ragged Mountain Resort</b><br/><b>State:</b> New Hampshire<br/><b>Tier:</b> Regional Resort (500-1,499 ft vertical)<br/><br/><b>Vertical Drop:</b> 1,250 ft<br/><b>Summit Elevation:</b> 2,250 ft MSL<br/><b>Base Elevation:</b> 1,000 ft MSL<br/><br/><b>Trails:</b> 57<br/><b>Lifts:</b> 6<br/><b>Skiable Acreage:</b> 250 acres<br/><b>Avg Annual Snowfall:</b> 100 in<br/><br/><b>Nearest Airports:</b> NH40 (7.4 mi), K2N2 (9.0 mi), 12NH (9.6 mi)]]></description>
    <Point>
      <coordinates>-71.8447974,43.4799755,0</coordinates>
    </Point>
  </Placemark>
  <Placemark>
    <name>Red Hill Ski Area (New Hampshire)</name>
    <Style>
      <IconStyle>
        <scale>0.8</scale>
        <Icon><href>http://maps.google.com/mapfiles/kml/paddle/blu-circle.png</href></Icon>
      </IconStyle>
    </Style>
    <description><![CDATA[<b>Red Hill Ski Area</b><br/><b>State:</b> New Hampshire<br/><b>Tier:</b> Local Hill (< 500 ft vertical)<br/><br/><b>Vertical Drop:</b> 210 ft<br/><b>Summit Elevation:</b> 820 ft MSL<br/><b>Base Elevation:</b> 610 ft MSL<br/><br/><b>Trails:</b> 9<br/><b>Lifts:</b> 1<br/><b>Skiable Acreage:</b> N/A<br/><b>Avg Annual Snowfall:</b> N/A<br/><br/><b>Nearest Airports:</b> K4MB (3.0 mi), NH30 (4.9 mi), KLCI (11.7 mi)]]></description>
    <Point>
      <coordinates>-71.4372246,43.74181,0</coordinates>
    </Point>
  </Placemark>
  <Placemark>
    <name>Storrs Hill Ski Area (New Hampshire)</name>
    <Style>
      <IconStyle>
        <scale>0.8</scale>
        <Icon><href>http://maps.google.com/mapfiles/kml/paddle/blu-circle.png</href></Icon>
      </IconStyle>
    </Style>
    <description><![CDATA[<b>Storrs Hill Ski Area</b><br/><b>State:</b> New Hampshire<br/><b>Tier:</b> Local Hill (< 500 ft vertical)<br/><br/><b>Vertical Drop:</b> 300 ft<br/><b>Summit Elevation:</b> 580 ft MSL<br/><b>Base Elevation:</b> 280 ft MSL<br/><br/><b>Trails:</b> 3<br/><b>Lifts:</b> 1<br/><b>Skiable Acreage:</b> 20 acres<br/><b>Avg Annual Snowfall:</b> N/A<br/><br/><b>Nearest Airports:</b> KLEB (2.6 mi), 01NH (8.3 mi), K2B3 (17.3 mi)]]></description>
    <Point>
      <coordinates>-72.2522396,43.6332428,0</coordinates>
    </Point>
  </Placemark>
  <Placemark>
    <name>Tenney Mountain Resort (New Hampshire)</name>
    <Style>
      <IconStyle>
        <scale>1.0</scale>
        <Icon><href>http://maps.google.com/mapfiles/kml/paddle/ylw-circle.png</href></Icon>
      </IconStyle>
    </Style>
    <description><![CDATA[<b>Tenney Mountain Resort</b><br/><b>State:</b> New Hampshire<br/><b>Tier:</b> Regional Resort (500-1,499 ft vertical)<br/><br/><b>Vertical Drop:</b> 1,400 ft<br/><b>Summit Elevation:</b> 2,149 ft MSL<br/><b>Base Elevation:</b> 749 ft MSL<br/><br/><b>Trails:</b> 45<br/><b>Lifts:</b> 3<br/><b>Skiable Acreage:</b> 110 acres<br/><b>Avg Annual Snowfall:</b> 140 in<br/><br/><b>Nearest Airports:</b> K1P1 (2.4 mi), K2N2 (10.6 mi), NH96 (11.2 mi)]]></description>
    <Point>
      <coordinates>-71.7687227,43.7451133,0</coordinates>
    </Point>
  </Placemark>
  <Placemark>
    <name>Waterville Valley Resort (New Hampshire)</name>
    <Style>
      <IconStyle>
        <scale>1.1</scale>
        <Icon><href>http://maps.google.com/mapfiles/kml/paddle/orange-circle.png</href></Icon>
      </IconStyle>
    </Style>
    <description><![CDATA[<b>Waterville Valley Resort</b><br/><b>State:</b> New Hampshire<br/><b>Tier:</b> Major Resort (1,500-2,999 ft vertical)<br/><br/><b>Vertical Drop:</b> 2,020 ft<br/><b>Summit Elevation:</b> 3,840 ft MSL<br/><b>Base Elevation:</b> 1,820 ft MSL<br/><br/><b>Trails:</b> 50<br/><b>Lifts:</b> 11<br/><b>Skiable Acreage:</b> 220 acres<br/><b>Avg Annual Snowfall:</b> 150 in<br/><br/><b>Nearest Airports:</b> NH49 (7.1 mi), K4MB (15.2 mi), K1P1 (16.6 mi)]]></description>
    <Point>
      <coordinates>-71.5364885,43.9602008,0</coordinates>
    </Point>
  </Placemark>
  <Placemark>
    <name>Whaleback Mountain (New Hampshire)</name>
    <Style>
      <IconStyle>
        <scale>1.0</scale>
        <Icon><href>http://maps.google.com/mapfiles/kml/paddle/ylw-circle.png</href></Icon>
      </IconStyle>
    </Style>
    <description><![CDATA[<b>Whaleback Mountain</b><br/><b>State:</b> New Hampshire<br/><b>Tier:</b> Regional Resort (500-1,499 ft vertical)<br/><br/><b>Vertical Drop:</b> 700 ft<br/><b>Summit Elevation:</b> 1,800 ft MSL<br/><b>Base Elevation:</b> 1,100 ft MSL<br/><br/><b>Trails:</b> 30<br/><b>Lifts:</b> 4<br/><b>Skiable Acreage:</b> 85 acres<br/><b>Avg Annual Snowfall:</b> 110 in<br/><br/><b>Nearest Airports:</b> 01NH (5.7 mi), KLEB (6.4 mi), K2B3 (14.6 mi)]]></description>
    <Point>
      <coordinates>-72.1820857,43.5987768,0</coordinates>
    </Point>
  </Placemark>
  <Placemark>
    <name>Wildcat Mountain (New Hampshire)</name>
    <Style>
      <IconStyle>
        <scale>1.1</scale>
        <Icon><href>http://maps.google.com/mapfiles/kml/paddle/orange-circle.png</href></Icon>
      </IconStyle>
    </Style>
    <description><![CDATA[<b>Wildcat Mountain</b><br/><b>State:</b> New Hampshire<br/><b>Tier:</b> Major Resort (1,500-2,999 ft vertical)<br/><br/><b>Vertical Drop:</b> 2,112 ft<br/><b>Summit Elevation:</b> 4,062 ft MSL<br/><b>Base Elevation:</b> 1,950 ft MSL<br/><br/><b>Trails:</b> 48<br/><b>Lifts:</b> 5<br/><b>Skiable Acreage:</b> 225 acres<br/><b>Avg Annual Snowfall:</b> 207 in<br/><br/><b>Nearest Airports:</b> K2G8 (9.3 mi), 40ME (16.1 mi), K8B2 (17.1 mi)]]></description>
    <Point>
      <coordinates>-71.2016104,44.2592019,0</coordinates>
    </Point>
  </Placemark>
  <Placemark>
    <name>Bear Creek Mountain Resort (Pennsylvania)</name>
    <Style>
      <IconStyle>
        <scale>1.0</scale>
        <Icon><href>http://maps.google.com/mapfiles/kml/paddle/ylw-circle.png</href></Icon>
      </IconStyle>
    </Style>
    <description><![CDATA[<b>Bear Creek Mountain Resort</b><br/><b>State:</b> Pennsylvania<br/><b>Tier:</b> Regional Resort (500-1,499 ft vertical)<br/><br/><b>Vertical Drop:</b> 510 ft<br/><b>Summit Elevation:</b> 1,100 ft MSL<br/><b>Base Elevation:</b> 590 ft MSL<br/><br/><b>Trails:</b> 23<br/><b>Lifts:</b> 7<br/><b>Skiable Acreage:</b> 86 acres<br/><b>Avg Annual Snowfall:</b> 30 in<br/><br/><b>Nearest Airports:</b> 2PA2 (1.5 mi), PA92 (6.7 mi), 2PA6 (6.8 mi)]]></description>
    <Point>
      <coordinates>-76.152445,40.579633,0</coordinates>
    </Point>
  </Placemark>
  <Placemark>
    <name>Blue Mountain Ski Area (Pennsylvania)</name>
    <Style>
      <IconStyle>
        <scale>1.0</scale>
        <Icon><href>http://maps.google.com/mapfiles/kml/paddle/ylw-circle.png</href></Icon>
      </IconStyle>
    </Style>
    <description><![CDATA[<b>Blue Mountain Ski Area</b><br/><b>State:</b> Pennsylvania<br/><b>Tier:</b> Regional Resort (500-1,499 ft vertical)<br/><br/><b>Vertical Drop:</b> 1,082 ft<br/><b>Summit Elevation:</b> 1,540 ft MSL<br/><b>Base Elevation:</b> 458 ft MSL<br/><br/><b>Trails:</b> 39<br/><b>Lifts:</b> 13<br/><b>Skiable Acreage:</b> 164 acres<br/><b>Avg Annual Snowfall:</b> 33 in<br/><br/><b>Nearest Airports:</b> K69N (6.2 mi), K14N (6.8 mi), 8PA8 (8.2 mi)]]></description>
    <Point>
      <coordinates>-75.5097888,40.8166552,0</coordinates>
    </Point>
  </Placemark>
  <Placemark>
    <name>Camelback Mountain Resort (Pennsylvania)</name>
    <Style>
      <IconStyle>
        <scale>1.0</scale>
        <Icon><href>http://maps.google.com/mapfiles/kml/paddle/ylw-circle.png</href></Icon>
      </IconStyle>
    </Style>
    <description><![CDATA[<b>Camelback Mountain Resort</b><br/><b>State:</b> Pennsylvania<br/><b>Tier:</b> Regional Resort (500-1,499 ft vertical)<br/><br/><b>Vertical Drop:</b> 800 ft<br/><b>Summit Elevation:</b> 2,130 ft MSL<br/><b>Base Elevation:</b> 1,330 ft MSL<br/><br/><b>Trails:</b> 35<br/><b>Lifts:</b> 16<br/><b>Skiable Acreage:</b> 166 acres<br/><b>Avg Annual Snowfall:</b> 50 in<br/><br/><b>Nearest Airports:</b> KMPO (6.3 mi), 50PA (8.0 mi), K8N4 (12.7 mi)]]></description>
    <Point>
      <coordinates>-75.3504341,41.0491561,0</coordinates>
    </Point>
  </Placemark>
  <Placemark>
    <name>Elk Mountain Ski Resort (Pennsylvania)</name>
    <Style>
      <IconStyle>
        <scale>1.0</scale>
        <Icon><href>http://maps.google.com/mapfiles/kml/paddle/ylw-circle.png</href></Icon>
      </IconStyle>
    </Style>
    <description><![CDATA[<b>Elk Mountain Ski Resort</b><br/><b>State:</b> Pennsylvania<br/><b>Tier:</b> Regional Resort (500-1,499 ft vertical)<br/><br/><b>Vertical Drop:</b> 925 ft<br/><b>Summit Elevation:</b> 2,667 ft MSL<br/><b>Base Elevation:</b> 1,742 ft MSL<br/><br/><b>Trails:</b> 27<br/><b>Lifts:</b> 7<br/><b>Skiable Acreage:</b> 180 acres<br/><b>Avg Annual Snowfall:</b> 60 in<br/><br/><b>Nearest Airports:</b> 3PN7 (3.7 mi), PA53 (6.6 mi), 4PS4 (6.7 mi)]]></description>
    <Point>
      <coordinates>-75.5584303,41.7195945,0</coordinates>
    </Point>
  </Placemark>
  <Placemark>
    <name>Hidden Valley Resort (Pennsylvania)</name>
    <Style>
      <IconStyle>
        <scale>0.8</scale>
        <Icon><href>http://maps.google.com/mapfiles/kml/paddle/blu-circle.png</href></Icon>
      </IconStyle>
    </Style>
    <description><![CDATA[<b>Hidden Valley Resort</b><br/><b>State:</b> Pennsylvania<br/><b>Tier:</b> Local Hill (< 500 ft vertical)<br/><br/><b>Vertical Drop:</b> 470 ft<br/><b>Summit Elevation:</b> 2,875 ft MSL<br/><b>Base Elevation:</b> 2,405 ft MSL<br/><br/><b>Trails:</b> 26<br/><b>Lifts:</b> 11<br/><b>Skiable Acreage:</b> 110 acres<br/><b>Avg Annual Snowfall:</b> 140 in<br/><br/><b>Nearest Airports:</b> 30PA (8.7 mi), K2G9 (12.6 mi), KP45 (15.7 mi)]]></description>
    <Point>
      <coordinates>-79.2528804,40.0590278,0</coordinates>
    </Point>
  </Placemark>
  <Placemark>
    <name>Jack Frost - Big Boulder Ski Area (Pennsylvania)</name>
    <Style>
      <IconStyle>
        <scale>1.0</scale>
        <Icon><href>http://maps.google.com/mapfiles/kml/paddle/ylw-circle.png</href></Icon>
      </IconStyle>
    </Style>
    <description><![CDATA[<b>Jack Frost - Big Boulder Ski Area</b><br/><b>State:</b> Pennsylvania<br/><b>Tier:</b> Regional Resort (500-1,499 ft vertical)<br/><br/><b>Vertical Drop:</b> 600 ft<br/><b>Summit Elevation:</b> 2,000 ft MSL<br/><b>Base Elevation:</b> 1,400 ft MSL<br/><br/><b>Trails:</b> 35<br/><b>Lifts:</b> 22<br/><b>Skiable Acreage:</b> 145 acres<br/><b>Avg Annual Snowfall:</b> 50 in<br/><br/><b>Nearest Airports:</b> 8PA3 (8.2 mi), KMPO (13.0 mi), K14N (14.3 mi)]]></description>
    <Point>
      <coordinates>-75.6009544,41.0498238,0</coordinates>
    </Point>
  </Placemark>
  <Placemark>
    <name>Laurel Mountain Ski Resort (Pennsylvania)</name>
    <Style>
      <IconStyle>
        <scale>1.0</scale>
        <Icon><href>http://maps.google.com/mapfiles/kml/paddle/ylw-circle.png</href></Icon>
      </IconStyle>
    </Style>
    <description><![CDATA[<b>Laurel Mountain Ski Resort</b><br/><b>State:</b> Pennsylvania<br/><b>Tier:</b> Regional Resort (500-1,499 ft vertical)<br/><br/><b>Vertical Drop:</b> 800 ft<br/><b>Summit Elevation:</b> 2,800 ft MSL<br/><b>Base Elevation:</b> 2,000 ft MSL<br/><br/><b>Trails:</b> 20<br/><b>Lifts:</b> 2<br/><b>Skiable Acreage:</b> 70 acres<br/><b>Avg Annual Snowfall:</b> N/A<br/><br/><b>Nearest Airports:</b> 30PA (11.0 mi), K2G9 (12.0 mi), 01PA (13.5 mi)]]></description>
    <Point>
      <coordinates>-79.1685237,40.1667561,0</coordinates>
    </Point>
  </Placemark>
  <Placemark>
    <name>Liberty Mountain Resort (Pennsylvania)</name>
    <Style>
      <IconStyle>
        <scale>1.0</scale>
        <Icon><href>http://maps.google.com/mapfiles/kml/paddle/ylw-circle.png</href></Icon>
      </IconStyle>
    </Style>
    <description><![CDATA[<b>Liberty Mountain Resort</b><br/><b>State:</b> Pennsylvania<br/><b>Tier:</b> Regional Resort (500-1,499 ft vertical)<br/><br/><b>Vertical Drop:</b> 620 ft<br/><b>Summit Elevation:</b> 1,190 ft MSL<br/><b>Base Elevation:</b> 570 ft MSL<br/><br/><b>Trails:</b> 22<br/><b>Lifts:</b> 9<br/><b>Skiable Acreage:</b> 100 acres<br/><b>Avg Annual Snowfall:</b> 31 in<br/><br/><b>Nearest Airports:</b> KW73 (0.9 mi), 3PN2 (1.1 mi), PA47 (5.0 mi)]]></description>
    <Point>
      <coordinates>-77.3685341,39.7606369,0</coordinates>
    </Point>
  </Placemark>
  <Placemark>
    <name>Mount Pleasant of Edinboro (Pennsylvania)</name>
    <Style>
      <IconStyle>
        <scale>0.8</scale>
        <Icon><href>http://maps.google.com/mapfiles/kml/paddle/blu-circle.png</href></Icon>
      </IconStyle>
    </Style>
    <description><![CDATA[<b>Mount Pleasant of Edinboro</b><br/><b>State:</b> Pennsylvania<br/><b>Tier:</b> Local Hill (< 500 ft vertical)<br/><br/><b>Vertical Drop:</b> 350 ft<br/><b>Summit Elevation:</b> 1,550 ft MSL<br/><b>Base Elevation:</b> 1,200 ft MSL<br/><br/><b>Trails:</b> 10<br/><b>Lifts:</b> 2<br/><b>Skiable Acreage:</b> 35 acres<br/><b>Avg Annual Snowfall:</b> 150 in<br/><br/><b>Nearest Airports:</b> PS64 (1.8 mi), 3PN6 (7.0 mi), PA52 (8.6 mi)]]></description>
    <Point>
      <coordinates>-80.0743455,41.8510523,0</coordinates>
    </Point>
  </Placemark>
  <Placemark>
    <name>Seven Springs Mountain Resort (Pennsylvania)</name>
    <Style>
      <IconStyle>
        <scale>1.0</scale>
        <Icon><href>http://maps.google.com/mapfiles/kml/paddle/ylw-circle.png</href></Icon>
      </IconStyle>
    </Style>
    <description><![CDATA[<b>Seven Springs Mountain Resort</b><br/><b>State:</b> Pennsylvania<br/><b>Tier:</b> Regional Resort (500-1,499 ft vertical)<br/><br/><b>Vertical Drop:</b> 750 ft<br/><b>Summit Elevation:</b> 2,994 ft MSL<br/><b>Base Elevation:</b> 2,240 ft MSL<br/><br/><b>Trails:</b> 40<br/><b>Lifts:</b> 14<br/><b>Skiable Acreage:</b> 285 acres<br/><b>Avg Annual Snowfall:</b> 150 in<br/><br/><b>Nearest Airports:</b> 30PA (9.3 mi), KP45 (14.2 mi), K2G9 (15.0 mi)]]></description>
    <Point>
      <coordinates>-79.2982472,40.0234876,0</coordinates>
    </Point>
  </Placemark>
  <Placemark>
    <name>Shawnee Mountain Ski Area (Pennsylvania)</name>
    <Style>
      <IconStyle>
        <scale>1.0</scale>
        <Icon><href>http://maps.google.com/mapfiles/kml/paddle/ylw-circle.png</href></Icon>
      </IconStyle>
    </Style>
    <description><![CDATA[<b>Shawnee Mountain Ski Area</b><br/><b>State:</b> Pennsylvania<br/><b>Tier:</b> Regional Resort (500-1,499 ft vertical)<br/><br/><b>Vertical Drop:</b> 651 ft<br/><b>Summit Elevation:</b> 1,351 ft MSL<br/><b>Base Elevation:</b> 700 ft MSL<br/><br/><b>Trails:</b> 23<br/><b>Lifts:</b> 9<br/><b>Skiable Acreage:</b> 125 acres<br/><b>Avg Annual Snowfall:</b> 50 in<br/><br/><b>Nearest Airports:</b> 67NJ (4.6 mi), K1N7 (6.2 mi), 8PN2 (9.8 mi)]]></description>
    <Point>
      <coordinates>-75.0787514,41.0358104,0</coordinates>
    </Point>
  </Placemark>
  <Placemark>
    <name>Ski Big Bear (Pennsylvania)</name>
    <Style>
      <IconStyle>
        <scale>1.0</scale>
        <Icon><href>http://maps.google.com/mapfiles/kml/paddle/ylw-circle.png</href></Icon>
      </IconStyle>
    </Style>
    <description><![CDATA[<b>Ski Big Bear</b><br/><b>State:</b> Pennsylvania<br/><b>Tier:</b> Regional Resort (500-1,499 ft vertical)<br/><br/><b>Vertical Drop:</b> 650 ft<br/><b>Summit Elevation:</b> 1,250 ft MSL<br/><b>Base Elevation:</b> 600 ft MSL<br/><br/><b>Trails:</b> 18<br/><b>Lifts:</b> 7<br/><b>Skiable Acreage:</b> 26 acres<br/><b>Avg Annual Snowfall:</b> 69 in<br/><br/><b>Nearest Airports:</b> 2PA1 (5.6 mi), KN30 (11.8 mi), PA49 (14.6 mi)]]></description>
    <Point>
      <coordinates>-75.0245557,41.5233603,0</coordinates>
    </Point>
  </Placemark>
  <Placemark>
    <name>Denton Hill State Park (Pennsylvania)</name>
    <Style>
      <IconStyle>
        <scale>1.0</scale>
        <Icon><href>http://maps.google.com/mapfiles/kml/paddle/ylw-circle.png</href></Icon>
      </IconStyle>
    </Style>
    <description><![CDATA[<b>Denton Hill State Park</b><br/><b>State:</b> Pennsylvania<br/><b>Tier:</b> Regional Resort (500-1,499 ft vertical)<br/><br/><b>Vertical Drop:</b> 660 ft<br/><b>Summit Elevation:</b> 2,460 ft MSL<br/><b>Base Elevation:</b> 1,800 ft MSL<br/><br/><b>Trails:</b> N/A<br/><b>Lifts:</b> 5<br/><b>Skiable Acreage:</b> N/A<br/><b>Avg Annual Snowfall:</b> N/A<br/><br/><b>Nearest Airports:</b> PS42 (8.8 mi), PN15 (9.7 mi), PN90 (13.9 mi)]]></description>
    <Point>
      <coordinates>-77.831117,41.769512,0</coordinates>
    </Point>
  </Placemark>
  <Placemark>
    <name>Roundtop Mountain Resort (Pennsylvania)</name>
    <Style>
      <IconStyle>
        <scale>1.0</scale>
        <Icon><href>http://maps.google.com/mapfiles/kml/paddle/ylw-circle.png</href></Icon>
      </IconStyle>
    </Style>
    <description><![CDATA[<b>Roundtop Mountain Resort</b><br/><b>State:</b> Pennsylvania<br/><b>Tier:</b> Regional Resort (500-1,499 ft vertical)<br/><br/><b>Vertical Drop:</b> 600 ft<br/><b>Summit Elevation:</b> 1,335 ft MSL<br/><b>Base Elevation:</b> 755 ft MSL<br/><br/><b>Trails:</b> 20<br/><b>Lifts:</b> 7<br/><b>Skiable Acreage:</b> 103 acres<br/><b>Avg Annual Snowfall:</b> 30 in<br/><br/><b>Nearest Airports:</b> K2N5 (4.8 mi), 62PA (6.1 mi), K07N (7.5 mi)]]></description>
    <Point>
      <coordinates>-76.928669,40.10837,0</coordinates>
    </Point>
  </Placemark>
  <Placemark>
    <name>Ski Sawmill Resort (Pennsylvania)</name>
    <Style>
      <IconStyle>
        <scale>1.0</scale>
        <Icon><href>http://maps.google.com/mapfiles/kml/paddle/ylw-circle.png</href></Icon>
      </IconStyle>
    </Style>
    <description><![CDATA[<b>Ski Sawmill Resort</b><br/><b>State:</b> Pennsylvania<br/><b>Tier:</b> Regional Resort (500-1,499 ft vertical)<br/><br/><b>Vertical Drop:</b> 515 ft<br/><b>Summit Elevation:</b> 2,215 ft MSL<br/><b>Base Elevation:</b> 1,700 ft MSL<br/><br/><b>Trails:</b> 14<br/><b>Lifts:</b> 5<br/><b>Skiable Acreage:</b> 15 acres<br/><b>Avg Annual Snowfall:</b> 24 in<br/><br/><b>Nearest Airports:</b> 73PN (15.4 mi), KN38 (15.5 mi), 4PA5 (18.8 mi)]]></description>
    <Point>
      <coordinates>-77.2922057,41.5171735,0</coordinates>
    </Point>
  </Placemark>
  <Placemark>
    <name>Whitetail Resort (Pennsylvania)</name>
    <Style>
      <IconStyle>
        <scale>1.0</scale>
        <Icon><href>http://maps.google.com/mapfiles/kml/paddle/ylw-circle.png</href></Icon>
      </IconStyle>
    </Style>
    <description><![CDATA[<b>Whitetail Resort</b><br/><b>State:</b> Pennsylvania<br/><b>Tier:</b> Regional Resort (500-1,499 ft vertical)<br/><br/><b>Vertical Drop:</b> 935 ft<br/><b>Summit Elevation:</b> 1,800 ft MSL<br/><b>Base Elevation:</b> 865 ft MSL<br/><br/><b>Trails:</b> 25<br/><b>Lifts:</b> 9<br/><b>Skiable Acreage:</b> 109 acres<br/><b>Avg Annual Snowfall:</b> 40 in<br/><br/><b>Nearest Airports:</b> PA08 (9.2 mi), KHGR (11.5 mi), WV22 (11.8 mi)]]></description>
    <Point>
      <coordinates>-77.9375262,39.7432447,0</coordinates>
    </Point>
  </Placemark>
  <Placemark>
    <name>Alpine Valley Resort (Wisconsin)</name>
    <Style>
      <IconStyle>
        <scale>0.8</scale>
        <Icon><href>http://maps.google.com/mapfiles/kml/paddle/blu-circle.png</href></Icon>
      </IconStyle>
    </Style>
    <description><![CDATA[<b>Alpine Valley Resort</b><br/><b>State:</b> Wisconsin<br/><b>Tier:</b> Local Hill (< 500 ft vertical)<br/><br/><b>Vertical Drop:</b> 220 ft<br/><b>Summit Elevation:</b> 1,040 ft MSL<br/><b>Base Elevation:</b> 820 ft MSL<br/><br/><b>Trails:</b> 20<br/><b>Lifts:</b> 12<br/><b>Skiable Acreage:</b> 90 acres<br/><b>Avg Annual Snowfall:</b> 80 in<br/><br/><b>Nearest Airports:</b> 86WI (5.0 mi), K57C (5.3 mi), WI92 (5.9 mi)]]></description>
    <Point>
      <coordinates>-88.4281149,42.7316878,0</coordinates>
    </Point>
  </Placemark>
  <Placemark>
    <name>Bruce Mound Winter Sports Area (Wisconsin)</name>
    <Style>
      <IconStyle>
        <scale>0.8</scale>
        <Icon><href>http://maps.google.com/mapfiles/kml/paddle/blu-circle.png</href></Icon>
      </IconStyle>
    </Style>
    <description><![CDATA[<b>Bruce Mound Winter Sports Area</b><br/><b>State:</b> Wisconsin<br/><b>Tier:</b> Local Hill (< 500 ft vertical)<br/><br/><b>Vertical Drop:</b> 375 ft<br/><b>Summit Elevation:</b> 1,375 ft MSL<br/><b>Base Elevation:</b> 1,000 ft MSL<br/><br/><b>Trails:</b> 12<br/><b>Lifts:</b> 5<br/><b>Skiable Acreage:</b> 40 acres<br/><b>Avg Annual Snowfall:</b> 42 in<br/><br/><b>Nearest Airports:</b> KBCK (13.9 mi), 7WI4 (14.2 mi), KVIQ (15.5 mi)]]></description>
    <Point>
      <coordinates>-90.7857328,44.4462251,0</coordinates>
    </Point>
  </Placemark>
  <Placemark>
    <name>Camp 10 Ski Area (Wisconsin)</name>
    <Style>
      <IconStyle>
        <scale>0.8</scale>
        <Icon><href>http://maps.google.com/mapfiles/kml/paddle/blu-circle.png</href></Icon>
      </IconStyle>
    </Style>
    <description><![CDATA[<b>Camp 10 Ski Area</b><br/><b>State:</b> Wisconsin<br/><b>Tier:</b> Local Hill (< 500 ft vertical)<br/><br/><b>Vertical Drop:</b> 230 ft<br/><b>Summit Elevation:</b> 1,740 ft MSL<br/><b>Base Elevation:</b> 1,510 ft MSL<br/><br/><b>Trails:</b> 15<br/><b>Lifts:</b> 4<br/><b>Skiable Acreage:</b> N/A<br/><b>Avg Annual Snowfall:</b> N/A<br/><br/><b>Nearest Airports:</b> 82WI (6.2 mi), 9WI3 (9.5 mi), WI52 (10.4 mi)]]></description>
    <Point>
      <coordinates>-87.9387815,44.1526122,0</coordinates>
    </Point>
  </Placemark>
  <Placemark>
    <name>Cascade Mountain (Wisconsin)</name>
    <Style>
      <IconStyle>
        <scale>0.8</scale>
        <Icon><href>http://maps.google.com/mapfiles/kml/paddle/blu-circle.png</href></Icon>
      </IconStyle>
    </Style>
    <description><![CDATA[<b>Cascade Mountain</b><br/><b>State:</b> Wisconsin<br/><b>Tier:</b> Local Hill (< 500 ft vertical)<br/><br/><b>Vertical Drop:</b> 450 ft<br/><b>Summit Elevation:</b> 1,270 ft MSL<br/><b>Base Elevation:</b> 820 ft MSL<br/><br/><b>Trails:</b> 47<br/><b>Lifts:</b> 11<br/><b>Skiable Acreage:</b> 175 acres<br/><b>Avg Annual Snowfall:</b> 56 in<br/><br/><b>Nearest Airports:</b> KC47 (5.0 mi), WS28 (7.7 mi), 7WI6 (8.2 mi)]]></description>
    <Point>
      <coordinates>-89.518732,43.4930382,0</coordinates>
    </Point>
  </Placemark>
  <Placemark>
    <name>Christie Mountain (Wisconsin)</name>
    <Style>
      <IconStyle>
        <scale>0.8</scale>
        <Icon><href>http://maps.google.com/mapfiles/kml/paddle/blu-circle.png</href></Icon>
      </IconStyle>
    </Style>
    <description><![CDATA[<b>Christie Mountain</b><br/><b>State:</b> Wisconsin<br/><b>Tier:</b> Local Hill (< 500 ft vertical)<br/><br/><b>Vertical Drop:</b> 350 ft<br/><b>Summit Elevation:</b> 1,650 ft MSL<br/><b>Base Elevation:</b> 1,300 ft MSL<br/><br/><b>Trails:</b> 30<br/><b>Lifts:</b> 5<br/><b>Skiable Acreage:</b> 45 acres<br/><b>Avg Annual Snowfall:</b> 48 in<br/><br/><b>Nearest Airports:</b> WN90 (10.2 mi), WN98 (12.4 mi), 26WI (13.7 mi)]]></description>
    <Point>
      <coordinates>-91.3813001,45.509174,0</coordinates>
    </Point>
  </Placemark>
  <Placemark>
    <name>Christmas Mountain (Wisconsin)</name>
    <Style>
      <IconStyle>
        <scale>0.8</scale>
        <Icon><href>http://maps.google.com/mapfiles/kml/paddle/blu-circle.png</href></Icon>
      </IconStyle>
    </Style>
    <description><![CDATA[<b>Christmas Mountain</b><br/><b>State:</b> Wisconsin<br/><b>Tier:</b> Local Hill (< 500 ft vertical)<br/><br/><b>Vertical Drop:</b> 250 ft<br/><b>Summit Elevation:</b> 1,250 ft MSL<br/><b>Base Elevation:</b> 1,000 ft MSL<br/><br/><b>Trails:</b> 16<br/><b>Lifts:</b> 3<br/><b>Skiable Acreage:</b> 40 acres<br/><b>Avg Annual Snowfall:</b> 20 in<br/><br/><b>Nearest Airports:</b> KDLL (7.5 mi), KC35 (8.2 mi), 8WI0 (9.7 mi)]]></description>
    <Point>
      <coordinates>-89.8627619,43.6073505,0</coordinates>
    </Point>
  </Placemark>
  <Placemark>
    <name>The Rock Snowpark (Wisconsin)</name>
    <Style>
      <IconStyle>
        <scale>0.8</scale>
        <Icon><href>http://maps.google.com/mapfiles/kml/paddle/blu-circle.png</href></Icon>
      </IconStyle>
    </Style>
    <description><![CDATA[<b>The Rock Snowpark</b><br/><b>State:</b> Wisconsin<br/><b>Tier:</b> Local Hill (< 500 ft vertical)<br/><br/><b>Vertical Drop:</b> 225 ft<br/><b>Summit Elevation:</b> 925 ft MSL<br/><b>Base Elevation:</b> 700 ft MSL<br/><br/><b>Trails:</b> 10<br/><b>Lifts:</b> 5<br/><b>Skiable Acreage:</b> 75 acres<br/><b>Avg Annual Snowfall:</b> N/A<br/><br/><b>Nearest Airports:</b> 1WI6 (6.0 mi), KMKE (6.3 mi), 9WI4 (7.3 mi)]]></description>
    <Point>
      <coordinates>-88.0153424,42.9201377,0</coordinates>
    </Point>
  </Placemark>
  <Placemark>
    <name>Devil's Head Resort (Wisconsin)</name>
    <Style>
      <IconStyle>
        <scale>0.8</scale>
        <Icon><href>http://maps.google.com/mapfiles/kml/paddle/blu-circle.png</href></Icon>
      </IconStyle>
    </Style>
    <description><![CDATA[<b>Devil's Head Resort</b><br/><b>State:</b> Wisconsin<br/><b>Tier:</b> Local Hill (< 500 ft vertical)<br/><br/><b>Vertical Drop:</b> 490 ft<br/><b>Summit Elevation:</b> 1,420 ft MSL<br/><b>Base Elevation:</b> 930 ft MSL<br/><br/><b>Trails:</b> 28<br/><b>Lifts:</b> 10<br/><b>Skiable Acreage:</b> 268 acres<br/><b>Avg Annual Snowfall:</b> 55 in<br/><br/><b>Nearest Airports:</b> WI50 (1.7 mi), 34WI (7.2 mi), KDLL (10.3 mi)]]></description>
    <Point>
      <coordinates>-89.6224266,43.4186113,0</coordinates>
    </Point>
  </Placemark>
  <Placemark>
    <name>Granite Peak Ski Area (Wisconsin)</name>
    <Style>
      <IconStyle>
        <scale>1.0</scale>
        <Icon><href>http://maps.google.com/mapfiles/kml/paddle/ylw-circle.png</href></Icon>
      </IconStyle>
    </Style>
    <description><![CDATA[<b>Granite Peak Ski Area</b><br/><b>State:</b> Wisconsin<br/><b>Tier:</b> Regional Resort (500-1,499 ft vertical)<br/><br/><b>Vertical Drop:</b> 700 ft<br/><b>Summit Elevation:</b> 1,950 ft MSL<br/><b>Base Elevation:</b> 1,250 ft MSL<br/><br/><b>Trails:</b> 75<br/><b>Lifts:</b> 7<br/><b>Skiable Acreage:</b> 220 acres<br/><b>Avg Annual Snowfall:</b> 75 in<br/><br/><b>Nearest Airports:</b> 01WI (2.6 mi), KAUW (2.9 mi), 87WS (6.9 mi)]]></description>
    <Point>
      <coordinates>-89.6856545,44.9257974,0</coordinates>
    </Point>
  </Placemark>
  <Placemark>
    <name>Kettlebowl Ski Area (Wisconsin)</name>
    <Style>
      <IconStyle>
        <scale>0.8</scale>
        <Icon><href>http://maps.google.com/mapfiles/kml/paddle/blu-circle.png</href></Icon>
      </IconStyle>
    </Style>
    <description><![CDATA[<b>Kettlebowl Ski Area</b><br/><b>State:</b> Wisconsin<br/><b>Tier:</b> Local Hill (< 500 ft vertical)<br/><br/><b>Vertical Drop:</b> 325 ft<br/><b>Summit Elevation:</b> 1,780 ft MSL<br/><b>Base Elevation:</b> 1,455 ft MSL<br/><br/><b>Trails:</b> 7<br/><b>Lifts:</b> 5<br/><b>Skiable Acreage:</b> N/A<br/><b>Avg Annual Snowfall:</b> N/A<br/><br/><b>Nearest Airports:</b> 9WI6 (12.8 mi), KAIG (13.0 mi), KY55 (17.4 mi)]]></description>
    <Point>
      <coordinates>-88.9019293,45.2711685,0</coordinates>
    </Point>
  </Placemark>
  <Placemark>
    <name>Little Switzerland Ski Area (Wisconsin)</name>
    <Style>
      <IconStyle>
        <scale>0.8</scale>
        <Icon><href>http://maps.google.com/mapfiles/kml/paddle/blu-circle.png</href></Icon>
      </IconStyle>
    </Style>
    <description><![CDATA[<b>Little Switzerland Ski Area</b><br/><b>State:</b> Wisconsin<br/><b>Tier:</b> Local Hill (< 500 ft vertical)<br/><br/><b>Vertical Drop:</b> 200 ft<br/><b>Summit Elevation:</b> 1,269 ft MSL<br/><b>Base Elevation:</b> 1,069 ft MSL<br/><br/><b>Trails:</b> 18<br/><b>Lifts:</b> 8<br/><b>Skiable Acreage:</b> 50 acres<br/><b>Avg Annual Snowfall:</b> 45 in<br/><br/><b>Nearest Airports:</b> KHXF (5.6 mi), WN75 (8.0 mi), KETB (9.6 mi)]]></description>
    <Point>
      <coordinates>-88.2790473,43.3379053,0</coordinates>
    </Point>
  </Placemark>
  <Placemark>
    <name>Grand Geneva Resort and Spa Archived 2019-12-11 at the Wayback Machine (Wisconsin)</name>
    <Style>
      <IconStyle>
        <scale>0.8</scale>
        <Icon><href>http://maps.google.com/mapfiles/kml/paddle/blu-circle.png</href></Icon>
      </IconStyle>
    </Style>
    <description><![CDATA[<b>Grand Geneva Resort and Spa Archived 2019-12-11 at the Wayback Machine</b><br/><b>State:</b> Wisconsin<br/><b>Tier:</b> Local Hill (< 500 ft vertical)<br/><br/><b>Vertical Drop:</b> 211 ft<br/><b>Summit Elevation:</b> 1,000 ft MSL<br/><b>Base Elevation:</b> 789 ft MSL<br/><br/><b>Trails:</b> 20<br/><b>Lifts:</b> 5<br/><b>Skiable Acreage:</b> 30 acres<br/><b>Avg Annual Snowfall:</b> 25 in<br/><br/><b>Nearest Airports:</b> 2WI4 (2.3 mi), WI89 (3.2 mi), 86WI (3.7 mi)]]></description>
    <Point>
      <coordinates>-88.4054195,42.6095384,0</coordinates>
    </Point>
  </Placemark>
  <Placemark>
    <name>Navarino Hills (Wisconsin)</name>
    <Style>
      <IconStyle>
        <scale>0.8</scale>
        <Icon><href>http://maps.google.com/mapfiles/kml/paddle/blu-circle.png</href></Icon>
      </IconStyle>
    </Style>
    <description><![CDATA[<b>Navarino Hills</b><br/><b>State:</b> Wisconsin<br/><b>Tier:</b> Local Hill (< 500 ft vertical)<br/><br/><b>Vertical Drop:</b> 100 ft<br/><b>Summit Elevation:</b> 885 ft MSL<br/><b>Base Elevation:</b> 785 ft MSL<br/><br/><b>Trails:</b> N/A<br/><b>Lifts:</b> 4<br/><b>Skiable Acreage:</b> N/A<br/><b>Avg Annual Snowfall:</b> N/A<br/><br/><b>Nearest Airports:</b> 8WI5 (6.8 mi), KCLI (7.2 mi), KW34 (10.7 mi)]]></description>
    <Point>
      <coordinates>-88.5847759,44.6096547,0</coordinates>
    </Point>
  </Placemark>
  <Placemark>
    <name>Nordic Mountain (Wisconsin)</name>
    <Style>
      <IconStyle>
        <scale>0.8</scale>
        <Icon><href>http://maps.google.com/mapfiles/kml/paddle/blu-circle.png</href></Icon>
      </IconStyle>
    </Style>
    <description><![CDATA[<b>Nordic Mountain</b><br/><b>State:</b> Wisconsin<br/><b>Tier:</b> Local Hill (< 500 ft vertical)<br/><br/><b>Vertical Drop:</b> 265 ft<br/><b>Summit Elevation:</b> 1,137 ft MSL<br/><b>Base Elevation:</b> 872 ft MSL<br/><br/><b>Trails:</b> 18<br/><b>Lifts:</b> 7<br/><b>Skiable Acreage:</b> 60 acres<br/><b>Avg Annual Snowfall:</b> 80 in<br/><br/><b>Nearest Airports:</b> 3WI8 (5.5 mi), KW23 (5.7 mi), 80WI (7.1 mi)]]></description>
    <Point>
      <coordinates>-89.1819797,44.1203196,0</coordinates>
    </Point>
  </Placemark>
  <Placemark>
    <name>Nutt Hill Ski Area (Wisconsin)</name>
    <Style>
      <IconStyle>
        <scale>0.8</scale>
        <Icon><href>http://maps.google.com/mapfiles/kml/paddle/blu-circle.png</href></Icon>
      </IconStyle>
    </Style>
    <description><![CDATA[<b>Nutt Hill Ski Area</b><br/><b>State:</b> Wisconsin<br/><b>Tier:</b> Local Hill (< 500 ft vertical)<br/><br/><b>Vertical Drop:</b> 100 ft<br/><b>Summit Elevation:</b> N/A<br/><b>Base Elevation:</b> N/A<br/><br/><b>Trails:</b> 2<br/><b>Lifts:</b> 1<br/><b>Skiable Acreage:</b> 10 acres<br/><b>Avg Annual Snowfall:</b> N/A<br/><br/><b>Nearest Airports:</b> KSBM (7.0 mi), 1WN1 (11.7 mi), WN03 (14.1 mi)]]></description>
    <Point>
      <coordinates>-87.9901349,43.7509484,0</coordinates>
    </Point>
  </Placemark>
  <Placemark>
    <name>Trollhaugen (Wisconsin)</name>
    <Style>
      <IconStyle>
        <scale>0.8</scale>
        <Icon><href>http://maps.google.com/mapfiles/kml/paddle/blu-circle.png</href></Icon>
      </IconStyle>
    </Style>
    <description><![CDATA[<b>Trollhaugen</b><br/><b>State:</b> Wisconsin<br/><b>Tier:</b> Local Hill (< 500 ft vertical)<br/><br/><b>Vertical Drop:</b> 280 ft<br/><b>Summit Elevation:</b> 1,200 ft MSL<br/><b>Base Elevation:</b> 920 ft MSL<br/><br/><b>Trails:</b> 24<br/><b>Lifts:</b> 10<br/><b>Skiable Acreage:</b> 86 acres<br/><b>Avg Annual Snowfall:</b> 50 in<br/><br/><b>Nearest Airports:</b> 62MN (3.7 mi), KOEO (4.4 mi), WS71 (5.6 mi)]]></description>
    <Point>
      <coordinates>-92.6202444,45.3495525,0</coordinates>
    </Point>
  </Placemark>
  <Placemark>
    <name>Tyrol Basin (Wisconsin)</name>
    <Style>
      <IconStyle>
        <scale>0.8</scale>
        <Icon><href>http://maps.google.com/mapfiles/kml/paddle/blu-circle.png</href></Icon>
      </IconStyle>
    </Style>
    <description><![CDATA[<b>Tyrol Basin</b><br/><b>State:</b> Wisconsin<br/><b>Tier:</b> Local Hill (< 500 ft vertical)<br/><br/><b>Vertical Drop:</b> 260 ft<br/><b>Summit Elevation:</b> 1,130 ft MSL<br/><b>Base Elevation:</b> 870 ft MSL<br/><br/><b>Trails:</b> 16<br/><b>Lifts:</b> 6<br/><b>Skiable Acreage:</b> 30 acres<br/><b>Avg Annual Snowfall:</b> 41 in<br/><br/><b>Nearest Airports:</b> WI66 (3.6 mi), 37WI (4.1 mi), WI43 (7.0 mi)]]></description>
    <Point>
      <coordinates>-89.7850082,43.0460807,0</coordinates>
    </Point>
  </Placemark>
  <Placemark>
    <name>Whitetail Ridge Ski Area (Wisconsin)</name>
    <Style>
      <IconStyle>
        <scale>0.8</scale>
        <Icon><href>http://maps.google.com/mapfiles/kml/paddle/blu-circle.png</href></Icon>
      </IconStyle>
    </Style>
    <description><![CDATA[<b>Whitetail Ridge Ski Area</b><br/><b>State:</b> Wisconsin<br/><b>Tier:</b> Local Hill (< 500 ft vertical)<br/><br/><b>Vertical Drop:</b> 185 ft<br/><b>Summit Elevation:</b> 1,050 ft MSL<br/><b>Base Elevation:</b> 865 ft MSL<br/><br/><b>Trails:</b> N/A<br/><b>Lifts:</b> 1<br/><b>Skiable Acreage:</b> N/A<br/><b>Avg Annual Snowfall:</b> N/A<br/><br/><b>Nearest Airports:</b> KMSN (1.1 mi), K6P3 (5.3 mi), WI65 (7.8 mi)]]></description>
    <Point>
      <coordinates>-89.3591041,43.142128,0</coordinates>
    </Point>
  </Placemark>
  <Placemark>
    <name>Wilmot Mountain Ski Resort (Wisconsin)</name>
    <Style>
      <IconStyle>
        <scale>0.8</scale>
        <Icon><href>http://maps.google.com/mapfiles/kml/paddle/blu-circle.png</href></Icon>
      </IconStyle>
    </Style>
    <description><![CDATA[<b>Wilmot Mountain Ski Resort</b><br/><b>State:</b> Wisconsin<br/><b>Tier:</b> Local Hill (< 500 ft vertical)<br/><br/><b>Vertical Drop:</b> 190 ft<br/><b>Summit Elevation:</b> 960 ft MSL<br/><b>Base Elevation:</b> 770 ft MSL<br/><br/><b>Trails:</b> 23<br/><b>Lifts:</b> 11<br/><b>Skiable Acreage:</b> 120 acres<br/><b>Avg Annual Snowfall:</b> 48 in<br/><br/><b>Nearest Airports:</b> 50IL (1.1 mi), K49C (2.6 mi), 3LL4 (3.7 mi)]]></description>
    <Point>
      <coordinates>-88.1904273,42.4998467,0</coordinates>
    </Point>
  </Placemark>
  <Placemark>
    <name>Alpine Valley (Michigan)</name>
    <Style>
      <IconStyle>
        <scale>0.8</scale>
        <Icon><href>http://maps.google.com/mapfiles/kml/paddle/blu-circle.png</href></Icon>
      </IconStyle>
    </Style>
    <description><![CDATA[<b>Alpine Valley</b><br/><b>State:</b> Michigan<br/><b>Tier:</b> Local Hill (< 500 ft vertical)<br/><br/><b>Vertical Drop:</b> 253 ft<br/><b>Summit Elevation:</b> 1,211 ft MSL<br/><b>Base Elevation:</b> 958 ft MSL<br/><br/><b>Trails:</b> 25<br/><b>Lifts:</b> 14<br/><b>Skiable Acreage:</b> 40 acres<br/><b>Avg Annual Snowfall:</b> 20 in<br/><br/><b>Nearest Airports:</b> KPTK (5.3 mi), KY47 (11.6 mi), K45G (14.2 mi)]]></description>
    <Point>
      <coordinates>-83.5227308,42.6534233,0</coordinates>
    </Point>
  </Placemark>
  <Placemark>
    <name>Big Powderhorn Mountain Resort (Michigan)</name>
    <Style>
      <IconStyle>
        <scale>0.8</scale>
        <Icon><href>http://maps.google.com/mapfiles/kml/paddle/blu-circle.png</href></Icon>
      </IconStyle>
    </Style>
    <description><![CDATA[<b>Big Powderhorn Mountain Resort</b><br/><b>State:</b> Michigan<br/><b>Tier:</b> Local Hill (< 500 ft vertical)<br/><br/><b>Vertical Drop:</b> 417 ft<br/><b>Summit Elevation:</b> 1,631 ft MSL<br/><b>Base Elevation:</b> 1,214 ft MSL<br/><br/><b>Trails:</b> 45<br/><b>Lifts:</b> 10<br/><b>Skiable Acreage:</b> 200 acres<br/><b>Avg Annual Snowfall:</b> 214 in<br/><br/><b>Nearest Airports:</b> KIWD (2.4 mi), 6WI4 (16.1 mi), 2WI5 (28.4 mi)]]></description>
    <Point>
      <coordinates>-90.0935334,46.5055855,0</coordinates>
    </Point>
  </Placemark>
  <Placemark>
    <name>Bittersweet Ski Resort (Michigan)</name>
    <Style>
      <IconStyle>
        <scale>0.8</scale>
        <Icon><href>http://maps.google.com/mapfiles/kml/paddle/blu-circle.png</href></Icon>
      </IconStyle>
    </Style>
    <description><![CDATA[<b>Bittersweet Ski Resort</b><br/><b>State:</b> Michigan<br/><b>Tier:</b> Local Hill (< 500 ft vertical)<br/><br/><b>Vertical Drop:</b> 295 ft<br/><b>Summit Elevation:</b> 1,007 ft MSL<br/><b>Base Elevation:</b> 712 ft MSL<br/><br/><b>Trails:</b> 20<br/><b>Lifts:</b> 12<br/><b>Skiable Acreage:</b> 82 acres<br/><b>Avg Annual Snowfall:</b> 90 in<br/><br/><b>Nearest Airports:</b> K35D (5.5 mi), K61D (5.8 mi), 7MI7 (11.0 mi)]]></description>
    <Point>
      <coordinates>-85.7608186,42.4654216,0</coordinates>
    </Point>
  </Placemark>
  <Placemark>
    <name>Snowriver Mountain Resort (Michigan)</name>
    <Style>
      <IconStyle>
        <scale>1.0</scale>
        <Icon><href>http://maps.google.com/mapfiles/kml/paddle/ylw-circle.png</href></Icon>
      </IconStyle>
    </Style>
    <description><![CDATA[<b>Snowriver Mountain Resort</b><br/><b>State:</b> Michigan<br/><b>Tier:</b> Regional Resort (500-1,499 ft vertical)<br/><br/><b>Vertical Drop:</b> 543 ft<br/><b>Summit Elevation:</b> 1,743 ft MSL<br/><b>Base Elevation:</b> 1,201 ft MSL<br/><br/><b>Trails:</b> 56<br/><b>Lifts:</b> 17<br/><b>Skiable Acreage:</b> 355 acres<br/><b>Avg Annual Snowfall:</b> 205 in<br/><br/><b>Nearest Airports:</b> KIWD (7.6 mi), 6WI4 (21.7 mi), KD25 (26.6 mi)]]></description>
    <Point>
      <coordinates>-89.975834,46.5002232,0</coordinates>
    </Point>
  </Placemark>
  <Placemark>
    <name>Caberfae Peaks (Michigan)</name>
    <Style>
      <IconStyle>
        <scale>0.8</scale>
        <Icon><href>http://maps.google.com/mapfiles/kml/paddle/blu-circle.png</href></Icon>
      </IconStyle>
    </Style>
    <description><![CDATA[<b>Caberfae Peaks</b><br/><b>State:</b> Michigan<br/><b>Tier:</b> Local Hill (< 500 ft vertical)<br/><br/><b>Vertical Drop:</b> 338 ft<br/><b>Summit Elevation:</b> 1,529 ft MSL<br/><b>Base Elevation:</b> 1,191 ft MSL<br/><br/><b>Trails:</b> 34<br/><b>Lifts:</b> 5<br/><b>Skiable Acreage:</b> 95 acres<br/><b>Avg Annual Snowfall:</b> 140 in<br/><br/><b>Nearest Airports:</b> K4Y9 (5.3 mi), 95MI (10.8 mi), KCAD (14.9 mi)]]></description>
    <Point>
      <coordinates>-85.7173674,44.2423924,0</coordinates>
    </Point>
  </Placemark>
  <Placemark>
    <name>Cannonsburg Ski Area (Michigan)</name>
    <Style>
      <IconStyle>
        <scale>0.8</scale>
        <Icon><href>http://maps.google.com/mapfiles/kml/paddle/blu-circle.png</href></Icon>
      </IconStyle>
    </Style>
    <description><![CDATA[<b>Cannonsburg Ski Area</b><br/><b>State:</b> Michigan<br/><b>Tier:</b> Local Hill (< 500 ft vertical)<br/><br/><b>Vertical Drop:</b> 164 ft<br/><b>Summit Elevation:</b> 853 ft MSL<br/><b>Base Elevation:</b> 689 ft MSL<br/><br/><b>Trails:</b> 21<br/><b>Lifts:</b> 10<br/><b>Skiable Acreage:</b> 56 acres<br/><b>Avg Annual Snowfall:</b> 100 in<br/><br/><b>Nearest Airports:</b> K35C (5.3 mi), MI80 (7.5 mi), 2MI5 (7.7 mi)]]></description>
    <Point>
      <coordinates>-85.5032087,43.0517903,0</coordinates>
    </Point>
  </Placemark>
  <Placemark>
    <name>Crystal Mountain (Michigan)</name>
    <Style>
      <IconStyle>
        <scale>0.8</scale>
        <Icon><href>http://maps.google.com/mapfiles/kml/paddle/blu-circle.png</href></Icon>
      </IconStyle>
    </Style>
    <description><![CDATA[<b>Crystal Mountain</b><br/><b>State:</b> Michigan<br/><b>Tier:</b> Local Hill (< 500 ft vertical)<br/><br/><b>Vertical Drop:</b> 325 ft<br/><b>Summit Elevation:</b> 1,119 ft MSL<br/><b>Base Elevation:</b> 794 ft MSL<br/><br/><b>Trails:</b> 58<br/><b>Lifts:</b> 8<br/><b>Skiable Acreage:</b> 180 acres<br/><b>Avg Annual Snowfall:</b> 132 in<br/><br/><b>Nearest Airports:</b> K7Y2 (1.6 mi), KFKS (12.1 mi), K4M0 (12.8 mi)]]></description>
    <Point>
      <coordinates>-86.0030778,44.5216107,0</coordinates>
    </Point>
  </Placemark>
  <Placemark>
    <name>Hickory Hills Ski Area (Michigan)</name>
    <Style>
      <IconStyle>
        <scale>0.8</scale>
        <Icon><href>http://maps.google.com/mapfiles/kml/paddle/blu-circle.png</href></Icon>
      </IconStyle>
    </Style>
    <description><![CDATA[<b>Hickory Hills Ski Area</b><br/><b>State:</b> Michigan<br/><b>Tier:</b> Local Hill (< 500 ft vertical)<br/><br/><b>Vertical Drop:</b> 213 ft<br/><b>Summit Elevation:</b> 984 ft MSL<br/><b>Base Elevation:</b> 771 ft MSL<br/><br/><b>Trails:</b> 8<br/><b>Lifts:</b> 5<br/><b>Skiable Acreage:</b> 32 acres<br/><b>Avg Annual Snowfall:</b> N/A<br/><br/><b>Nearest Airports:</b> KVLL (2.1 mi), KPTK (13.0 mi), KDET (14.3 mi)]]></description>
    <Point>
      <coordinates>-83.218578,42.5510572,0</coordinates>
    </Point>
  </Placemark>
  <Placemark>
    <name>The Homestead (Michigan)</name>
    <Style>
      <IconStyle>
        <scale>0.8</scale>
        <Icon><href>http://maps.google.com/mapfiles/kml/paddle/blu-circle.png</href></Icon>
      </IconStyle>
    </Style>
    <description><![CDATA[<b>The Homestead</b><br/><b>State:</b> Michigan<br/><b>Tier:</b> Local Hill (< 500 ft vertical)<br/><br/><b>Vertical Drop:</b> 183 ft<br/><b>Summit Elevation:</b> 879 ft MSL<br/><b>Base Elevation:</b> 686 ft MSL<br/><br/><b>Trails:</b> 15<br/><b>Lifts:</b> 5<br/><b>Skiable Acreage:</b> 23 acres<br/><b>Avg Annual Snowfall:</b> 150 in<br/><br/><b>Nearest Airports:</b> KTTF (2.8 mi), 9MI2 (6.7 mi), 99MI (7.2 mi)]]></description>
    <Point>
      <coordinates>-83.3928759,41.9149263,0</coordinates>
    </Point>
  </Placemark>
  <Placemark>
    <name>Marquette Mountain Ski Area (Michigan)</name>
    <Style>
      <IconStyle>
        <scale>1.0</scale>
        <Icon><href>http://maps.google.com/mapfiles/kml/paddle/ylw-circle.png</href></Icon>
      </IconStyle>
    </Style>
    <description><![CDATA[<b>Marquette Mountain Ski Area</b><br/><b>State:</b> Michigan<br/><b>Tier:</b> Regional Resort (500-1,499 ft vertical)<br/><br/><b>Vertical Drop:</b> 521 ft<br/><b>Summit Elevation:</b> 1,299 ft MSL<br/><b>Base Elevation:</b> 778 ft MSL<br/><br/><b>Trails:</b> 25<br/><b>Lifts:</b> 4<br/><b>Skiable Acreage:</b> 139 acres<br/><b>Avg Annual Snowfall:</b> 117 in<br/><br/><b>Nearest Airports:</b> KSAW (11.0 mi), 0MI4 (16.5 mi), KM61 (20.8 mi)]]></description>
    <Point>
      <coordinates>-87.4203185,46.5079579,0</coordinates>
    </Point>
  </Placemark>
  <Placemark>
    <name>Mont Ripley Ski Area (Michigan)</name>
    <Style>
      <IconStyle>
        <scale>0.8</scale>
        <Icon><href>http://maps.google.com/mapfiles/kml/paddle/blu-circle.png</href></Icon>
      </IconStyle>
    </Style>
    <description><![CDATA[<b>Mont Ripley Ski Area</b><br/><b>State:</b> Michigan<br/><b>Tier:</b> Local Hill (< 500 ft vertical)<br/><br/><b>Vertical Drop:</b> 420 ft<br/><b>Summit Elevation:</b> 1,066 ft MSL<br/><b>Base Elevation:</b> 646 ft MSL<br/><br/><b>Trails:</b> 25<br/><b>Lifts:</b> 4<br/><b>Skiable Acreage:</b> 67 acres<br/><b>Avg Annual Snowfall:</b> 275 in<br/><br/><b>Nearest Airports:</b> KCMX (4.2 mi), KOGM (42.8 mi), K6Y9 (43.5 mi)]]></description>
    <Point>
      <coordinates>-88.5595872,47.1303137,0</coordinates>
    </Point>
  </Placemark>
  <Placemark>
    <name>Mount Bohemia (Michigan)</name>
    <Style>
      <IconStyle>
        <scale>1.0</scale>
        <Icon><href>http://maps.google.com/mapfiles/kml/paddle/ylw-circle.png</href></Icon>
      </IconStyle>
    </Style>
    <description><![CDATA[<b>Mount Bohemia</b><br/><b>State:</b> Michigan<br/><b>Tier:</b> Regional Resort (500-1,499 ft vertical)<br/><br/><b>Vertical Drop:</b> 817 ft<br/><b>Summit Elevation:</b> 1,457 ft MSL<br/><b>Base Elevation:</b> 640 ft MSL<br/><br/><b>Trails:</b> 102<br/><b>Lifts:</b> 2<br/><b>Skiable Acreage:</b> 363 acres<br/><b>Avg Annual Snowfall:</b> 273 in<br/><br/><b>Nearest Airports:</b> KCMX (27.1 mi), K6Y9 (69.2 mi), KM61 (73.1 mi)]]></description>
    <Point>
      <coordinates>-88.0131634,47.3915774,0</coordinates>
    </Point>
  </Placemark>
  <Placemark>
    <name>Mount Brighton (Michigan)</name>
    <Style>
      <IconStyle>
        <scale>0.8</scale>
        <Icon><href>http://maps.google.com/mapfiles/kml/paddle/blu-circle.png</href></Icon>
      </IconStyle>
    </Style>
    <description><![CDATA[<b>Mount Brighton</b><br/><b>State:</b> Michigan<br/><b>Tier:</b> Local Hill (< 500 ft vertical)<br/><br/><b>Vertical Drop:</b> 180 ft<br/><b>Summit Elevation:</b> 1,115 ft MSL<br/><b>Base Elevation:</b> 935 ft MSL<br/><br/><b>Trails:</b> 26<br/><b>Lifts:</b> 13<br/><b>Skiable Acreage:</b> 55 acres<br/><b>Avg Annual Snowfall:</b> 60 in<br/><br/><b>Nearest Airports:</b> K45G (2.9 mi), 1MI5 (5.4 mi), MI27 (5.9 mi)]]></description>
    <Point>
      <coordinates>-83.8080042,42.5344212,0</coordinates>
    </Point>
  </Placemark>
  <Placemark>
    <name>Mount McSauba Archived 2019-12-09 at the Wayback Machine (Michigan)</name>
    <Style>
      <IconStyle>
        <scale>0.8</scale>
        <Icon><href>http://maps.google.com/mapfiles/kml/paddle/blu-circle.png</href></Icon>
      </IconStyle>
    </Style>
    <description><![CDATA[<b>Mount McSauba Archived 2019-12-09 at the Wayback Machine</b><br/><b>State:</b> Michigan<br/><b>Tier:</b> Local Hill (< 500 ft vertical)<br/><br/><b>Vertical Drop:</b> 125 ft<br/><b>Summit Elevation:</b> 743 ft MSL<br/><b>Base Elevation:</b> 607 ft MSL<br/><br/><b>Trails:</b> 10<br/><b>Lifts:</b> 4<br/><b>Skiable Acreage:</b> 4 acres<br/><b>Avg Annual Snowfall:</b> N/A<br/><br/><b>Nearest Airports:</b> KCVX (2.5 mi), 23MI (6.2 mi), KN98 (15.2 mi)]]></description>
    <Point>
      <coordinates>-85.2461155,45.3344682,0</coordinates>
    </Point>
  </Placemark>
  <Placemark>
    <name>Mulligan's Hollow Ski Bowl (Michigan)</name>
    <Style>
      <IconStyle>
        <scale>0.8</scale>
        <Icon><href>http://maps.google.com/mapfiles/kml/paddle/blu-circle.png</href></Icon>
      </IconStyle>
    </Style>
    <description><![CDATA[<b>Mulligan's Hollow Ski Bowl</b><br/><b>State:</b> Michigan<br/><b>Tier:</b> Local Hill (< 500 ft vertical)<br/><br/><b>Vertical Drop:</b> 116 ft<br/><b>Summit Elevation:</b> 754 ft MSL<br/><b>Base Elevation:</b> 638 ft MSL<br/><br/><b>Trails:</b> 7<br/><b>Lifts:</b> 5<br/><b>Skiable Acreage:</b> 10 acres<br/><b>Avg Annual Snowfall:</b> 60 in<br/><br/><b>Nearest Airports:</b> K3GM (2.7 mi), 34MI (3.0 mi), K39Z (6.8 mi)]]></description>
    <Point>
      <coordinates>-86.2394552,43.0580722,0</coordinates>
    </Point>
  </Placemark>
  <Placemark>
    <name>Norway Mountain Resort (Michigan)</name>
    <Style>
      <IconStyle>
        <scale>0.8</scale>
        <Icon><href>http://maps.google.com/mapfiles/kml/paddle/blu-circle.png</href></Icon>
      </IconStyle>
    </Style>
    <description><![CDATA[<b>Norway Mountain Resort</b><br/><b>State:</b> Michigan<br/><b>Tier:</b> Local Hill (< 500 ft vertical)<br/><br/><b>Vertical Drop:</b> 305 ft<br/><b>Summit Elevation:</b> 1,312 ft MSL<br/><b>Base Elevation:</b> 1,007 ft MSL<br/><br/><b>Trails:</b> 17<br/><b>Lifts:</b> 6<br/><b>Skiable Acreage:</b> 103 acres<br/><b>Avg Annual Snowfall:</b> 100 in<br/><br/><b>Nearest Airports:</b> WI90 (10.4 mi), KIMT (12.0 mi), WS25 (14.5 mi)]]></description>
    <Point>
      <coordinates>-87.8679665,45.7913534,0</coordinates>
    </Point>
  </Placemark>
  <Placemark>
    <name>Nub's Nob Ski Area (Michigan)</name>
    <Style>
      <IconStyle>
        <scale>0.8</scale>
        <Icon><href>http://maps.google.com/mapfiles/kml/paddle/blu-circle.png</href></Icon>
      </IconStyle>
    </Style>
    <description><![CDATA[<b>Nub's Nob Ski Area</b><br/><b>State:</b> Michigan<br/><b>Tier:</b> Local Hill (< 500 ft vertical)<br/><br/><b>Vertical Drop:</b> 407 ft<br/><b>Summit Elevation:</b> 1,319 ft MSL<br/><b>Base Elevation:</b> 912 ft MSL<br/><br/><b>Trails:</b> 53<br/><b>Lifts:</b> 10<br/><b>Skiable Acreage:</b> 255 acres<br/><b>Avg Annual Snowfall:</b> 123 in<br/><br/><b>Nearest Airports:</b> KMGN (3.2 mi), KPLN (8.7 mi), KY65 (15.5 mi)]]></description>
    <Point>
      <coordinates>-84.9053257,45.471488,0</coordinates>
    </Point>
  </Placemark>
  <Placemark>
    <name>Mt Holly (Michigan)</name>
    <Style>
      <IconStyle>
        <scale>0.8</scale>
        <Icon><href>http://maps.google.com/mapfiles/kml/paddle/blu-circle.png</href></Icon>
      </IconStyle>
    </Style>
    <description><![CDATA[<b>Mt Holly</b><br/><b>State:</b> Michigan<br/><b>Tier:</b> Local Hill (< 500 ft vertical)<br/><br/><b>Vertical Drop:</b> 279 ft<br/><b>Summit Elevation:</b> 1,243 ft MSL<br/><b>Base Elevation:</b> 964 ft MSL<br/><br/><b>Trails:</b> 20<br/><b>Lifts:</b> 7<br/><b>Skiable Acreage:</b> 60 acres<br/><b>Avg Annual Snowfall:</b> N/A<br/><br/><b>Nearest Airports:</b> K9G2 (10.3 mi), KFNT (13.1 mi), KPTK (13.4 mi)]]></description>
    <Point>
      <coordinates>-83.5672425,42.8268796,0</coordinates>
    </Point>
  </Placemark>
  <Placemark>
    <name>Pine Knob (Michigan)</name>
    <Style>
      <IconStyle>
        <scale>0.8</scale>
        <Icon><href>http://maps.google.com/mapfiles/kml/paddle/blu-circle.png</href></Icon>
      </IconStyle>
    </Style>
    <description><![CDATA[<b>Pine Knob</b><br/><b>State:</b> Michigan<br/><b>Tier:</b> Local Hill (< 500 ft vertical)<br/><br/><b>Vertical Drop:</b> 256 ft<br/><b>Summit Elevation:</b> 1,283 ft MSL<br/><b>Base Elevation:</b> 1,027 ft MSL<br/><br/><b>Trails:</b> 14<br/><b>Lifts:</b> 6<br/><b>Skiable Acreage:</b> 45 acres<br/><b>Avg Annual Snowfall:</b> N/A<br/><br/><b>Nearest Airports:</b> KPTK (6.0 mi), KVLL (16.9 mi), KD98 (20.4 mi)]]></description>
    <Point>
      <coordinates>-83.3691282,42.7433864,0</coordinates>
    </Point>
  </Placemark>
  <Placemark>
    <name>Pine Mountain Resort (Michigan)</name>
    <Style>
      <IconStyle>
        <scale>0.8</scale>
        <Icon><href>http://maps.google.com/mapfiles/kml/paddle/blu-circle.png</href></Icon>
      </IconStyle>
    </Style>
    <description><![CDATA[<b>Pine Mountain Resort</b><br/><b>State:</b> Michigan<br/><b>Tier:</b> Local Hill (< 500 ft vertical)<br/><br/><b>Vertical Drop:</b> 371 ft<br/><b>Summit Elevation:</b> 1,519 ft MSL<br/><b>Base Elevation:</b> 1,148 ft MSL<br/><br/><b>Trails:</b> 31<br/><b>Lifts:</b> 4<br/><b>Skiable Acreage:</b> 75 acres<br/><b>Avg Annual Snowfall:</b> 60 in<br/><br/><b>Nearest Airports:</b> KIMT (1.9 mi), WI90 (14.3 mi), K50D (14.8 mi)]]></description>
    <Point>
      <coordinates>-88.0881818,45.8387369,0</coordinates>
    </Point>
  </Placemark>
  <Placemark>
    <name>Porcupine Mountains (Michigan)</name>
    <Style>
      <IconStyle>
        <scale>1.0</scale>
        <Icon><href>http://maps.google.com/mapfiles/kml/paddle/ylw-circle.png</href></Icon>
      </IconStyle>
    </Style>
    <description><![CDATA[<b>Porcupine Mountains</b><br/><b>State:</b> Michigan<br/><b>Tier:</b> Regional Resort (500-1,499 ft vertical)<br/><br/><b>Vertical Drop:</b> 623 ft<br/><b>Summit Elevation:</b> 1,358 ft MSL<br/><b>Base Elevation:</b> 735 ft MSL<br/><br/><b>Trails:</b> 19<br/><b>Lifts:</b> 3<br/><b>Skiable Acreage:</b> 220 acres<br/><b>Avg Annual Snowfall:</b> 200 in<br/><br/><b>Nearest Airports:</b> KIWD (21.5 mi), KOGM (21.8 mi), 6WI4 (33.7 mi)]]></description>
    <Point>
      <coordinates>-89.8018301,46.7417805,0</coordinates>
    </Point>
  </Placemark>
  <Placemark>
    <name>Shanty Creek Resort (Michigan)</name>
    <Style>
      <IconStyle>
        <scale>0.8</scale>
        <Icon><href>http://maps.google.com/mapfiles/kml/paddle/blu-circle.png</href></Icon>
      </IconStyle>
    </Style>
    <description><![CDATA[<b>Shanty Creek Resort</b><br/><b>State:</b> Michigan<br/><b>Tier:</b> Local Hill (< 500 ft vertical)<br/><br/><b>Vertical Drop:</b> 325 ft<br/><b>Summit Elevation:</b> 1,168 ft MSL<br/><b>Base Elevation:</b> 843 ft MSL<br/><br/><b>Trails:</b> 42<br/><b>Lifts:</b> 8<br/><b>Skiable Acreage:</b> 70 acres<br/><b>Avg Annual Snowfall:</b> 160 in<br/><br/><b>Nearest Airports:</b> KD90 (3.4 mi), KACB (4.6 mi), MI30 (8.6 mi)]]></description>
    <Point>
      <coordinates>-85.1339,44.9401275,0</coordinates>
    </Point>
  </Placemark>
  <Placemark>
    <name>Ski Brule (Michigan)</name>
    <Style>
      <IconStyle>
        <scale>0.8</scale>
        <Icon><href>http://maps.google.com/mapfiles/kml/paddle/blu-circle.png</href></Icon>
      </IconStyle>
    </Style>
    <description><![CDATA[<b>Ski Brule</b><br/><b>State:</b> Michigan<br/><b>Tier:</b> Local Hill (< 500 ft vertical)<br/><br/><b>Vertical Drop:</b> 307 ft<br/><b>Summit Elevation:</b> 1,845 ft MSL<br/><b>Base Elevation:</b> 1,538 ft MSL<br/><br/><b>Trails:</b> 17<br/><b>Lifts:</b> 11<br/><b>Skiable Acreage:</b> 90 acres<br/><b>Avg Annual Snowfall:</b> 150 in<br/><br/><b>Nearest Airports:</b> KY73 (4.8 mi), K50D (20.7 mi), KLNL (25.8 mi)]]></description>
    <Point>
      <coordinates>-88.7055528,46.0284509,0</coordinates>
    </Point>
  </Placemark>
  <Placemark>
    <name>Timber Ridge (Michigan)</name>
    <Style>
      <IconStyle>
        <scale>0.8</scale>
        <Icon><href>http://maps.google.com/mapfiles/kml/paddle/blu-circle.png</href></Icon>
      </IconStyle>
    </Style>
    <description><![CDATA[<b>Timber Ridge</b><br/><b>State:</b> Michigan<br/><b>Tier:</b> Local Hill (< 500 ft vertical)<br/><br/><b>Vertical Drop:</b> 186 ft<br/><b>Summit Elevation:</b> 922 ft MSL<br/><b>Base Elevation:</b> 736 ft MSL<br/><br/><b>Trails:</b> 16<br/><b>Lifts:</b> 8<br/><b>Skiable Acreage:</b> 50 acres<br/><b>Avg Annual Snowfall:</b> N/A<br/><br/><b>Nearest Airports:</b> KARB (5.7 mi), MI29 (7.9 mi), KYIP (8.7 mi)]]></description>
    <Point>
      <coordinates>-83.686735,42.2933123,0</coordinates>
    </Point>
  </Placemark>
  <Placemark>
    <name>Treetops Resort (Michigan)</name>
    <Style>
      <IconStyle>
        <scale>0.8</scale>
        <Icon><href>http://maps.google.com/mapfiles/kml/paddle/blu-circle.png</href></Icon>
      </IconStyle>
    </Style>
    <description><![CDATA[<b>Treetops Resort</b><br/><b>State:</b> Michigan<br/><b>Tier:</b> Local Hill (< 500 ft vertical)<br/><br/><b>Vertical Drop:</b> 156 ft<br/><b>Summit Elevation:</b> 1,194 ft MSL<br/><b>Base Elevation:</b> 1,038 ft MSL<br/><br/><b>Trails:</b> 23<br/><b>Lifts:</b> 5<br/><b>Skiable Acreage:</b> 80 acres<br/><b>Avg Annual Snowfall:</b> 175 in<br/><br/><b>Nearest Airports:</b> KGLR (5.8 mi), K4Y4 (16.4 mi), 1MI3 (17.1 mi)]]></description>
    <Point>
      <coordinates>-84.5899244,45.0360856,0</coordinates>
    </Point>
  </Placemark>
  <Placemark>
    <name>Gore Mountain Ski Resort (New York)</name>
    <Style>
      <IconStyle>
        <scale>1.1</scale>
        <Icon><href>http://maps.google.com/mapfiles/kml/paddle/orange-circle.png</href></Icon>
      </IconStyle>
    </Style>
    <description><![CDATA[<b>Gore Mountain Ski Resort</b><br/><b>State:</b> New York<br/><b>Tier:</b> Major Resort (1,500-2,999 ft vertical)<br/><br/><b>Vertical Drop:</b> 2,600 ft<br/><b>Summit Elevation:</b> 3,600 ft MSL<br/><b>Base Elevation:</b> 1,000 ft MSL<br/><br/><b>Trails:</b> 109<br/><b>Lifts:</b> 15<br/><b>Skiable Acreage:</b> 428 acres<br/><b>Avg Annual Snowfall:</b> 150 in<br/><br/><b>Nearest Airports:</b> 0NY0 (3.8 mi), K4B7 (20.2 mi), KK09 (27.8 mi)]]></description>
    <Point>
      <coordinates>-74.0488526,43.672954,0</coordinates>
    </Point>
  </Placemark>
  <Placemark>
    <name>Holiday Valley (New York)</name>
    <Style>
      <IconStyle>
        <scale>1.0</scale>
        <Icon><href>http://maps.google.com/mapfiles/kml/paddle/ylw-circle.png</href></Icon>
      </IconStyle>
    </Style>
    <description><![CDATA[<b>Holiday Valley</b><br/><b>State:</b> New York<br/><b>Tier:</b> Regional Resort (500-1,499 ft vertical)<br/><br/><b>Vertical Drop:</b> 750 ft<br/><b>Summit Elevation:</b> 2,250 ft MSL<br/><b>Base Elevation:</b> 1,500 ft MSL<br/><br/><b>Trails:</b> 58<br/><b>Lifts:</b> 13<br/><b>Skiable Acreage:</b> 290 acres<br/><b>Avg Annual Snowfall:</b> 180 in<br/><br/><b>Nearest Airports:</b> KN56 (4.2 mi), 0NK0 (8.1 mi), NY76 (12.6 mi)]]></description>
    <Point>
      <coordinates>-78.6636114,42.2631454,0</coordinates>
    </Point>
  </Placemark>
  <Placemark>
    <name>Peek'n Peak Resort (New York)</name>
    <Style>
      <IconStyle>
        <scale>0.8</scale>
        <Icon><href>http://maps.google.com/mapfiles/kml/paddle/blu-circle.png</href></Icon>
      </IconStyle>
    </Style>
    <description><![CDATA[<b>Peek'n Peak Resort</b><br/><b>State:</b> New York<br/><b>Tier:</b> Local Hill (< 500 ft vertical)<br/><br/><b>Vertical Drop:</b> 400 ft<br/><b>Summit Elevation:</b> 1,800 ft MSL<br/><b>Base Elevation:</b> 1,400 ft MSL<br/><br/><b>Trails:</b> 27<br/><b>Lifts:</b> 9<br/><b>Skiable Acreage:</b> 130 acres<br/><b>Avg Annual Snowfall:</b> 105 in<br/><br/><b>Nearest Airports:</b> KD88 (6.9 mi), PN40 (11.6 mi), K8G2 (11.8 mi)]]></description>
    <Point>
      <coordinates>-79.7440665,42.0604627,0</coordinates>
    </Point>
  </Placemark>
  <Placemark>
    <name>Catamount Ski Area (New York)</name>
    <Style>
      <IconStyle>
        <scale>1.0</scale>
        <Icon><href>http://maps.google.com/mapfiles/kml/paddle/ylw-circle.png</href></Icon>
      </IconStyle>
    </Style>
    <description><![CDATA[<b>Catamount Ski Area</b><br/><b>State:</b> New York<br/><b>Tier:</b> Regional Resort (500-1,499 ft vertical)<br/><br/><b>Vertical Drop:</b> 1,000 ft<br/><b>Summit Elevation:</b> 2,000 ft MSL<br/><b>Base Elevation:</b> 1,000 ft MSL<br/><br/><b>Trails:</b> 36<br/><b>Lifts:</b> 7<br/><b>Skiable Acreage:</b> 119 acres<br/><b>Avg Annual Snowfall:</b> 75 in<br/><br/><b>Nearest Airports:</b> NY17 (11.5 mi), KSLK (14.8 mi), 1NK6 (20.1 mi)]]></description>
    <Point>
      <coordinates>-74.0893172,44.5833821,0</coordinates>
    </Point>
  </Placemark>
  <Placemark>
    <name>Greek Peak Mountain Resort (New York)</name>
    <Style>
      <IconStyle>
        <scale>1.0</scale>
        <Icon><href>http://maps.google.com/mapfiles/kml/paddle/ylw-circle.png</href></Icon>
      </IconStyle>
    </Style>
    <description><![CDATA[<b>Greek Peak Mountain Resort</b><br/><b>State:</b> New York<br/><b>Tier:</b> Regional Resort (500-1,499 ft vertical)<br/><br/><b>Vertical Drop:</b> 952 ft<br/><b>Summit Elevation:</b> 2,200 ft MSL<br/><b>Base Elevation:</b> 1,148 ft MSL<br/><br/><b>Trails:</b> 55<br/><b>Lifts:</b> 9<br/><b>Skiable Acreage:</b> 220 acres<br/><b>Avg Annual Snowfall:</b> 122 in<br/><br/><b>Nearest Airports:</b> NY92 (5.3 mi), KN03 (7.1 mi), 42NY (12.4 mi)]]></description>
    <Point>
      <coordinates>-76.1473889,42.5025656,0</coordinates>
    </Point>
  </Placemark>
  <Placemark>
    <name>Titus Mountain Family Ski Center (New York)</name>
    <Style>
      <IconStyle>
        <scale>1.0</scale>
        <Icon><href>http://maps.google.com/mapfiles/kml/paddle/ylw-circle.png</href></Icon>
      </IconStyle>
    </Style>
    <description><![CDATA[<b>Titus Mountain Family Ski Center</b><br/><b>State:</b> New York<br/><b>Tier:</b> Regional Resort (500-1,499 ft vertical)<br/><br/><b>Vertical Drop:</b> 1,200 ft<br/><b>Summit Elevation:</b> 2,025 ft MSL<br/><b>Base Elevation:</b> 825 ft MSL<br/><br/><b>Trails:</b> 50<br/><b>Lifts:</b> 10<br/><b>Skiable Acreage:</b> 380 acres<br/><b>Avg Annual Snowfall:</b> 150 in<br/><br/><b>Nearest Airports:</b> KMAL (7.8 mi), NY17 (21.3 mi), KSLK (26.1 mi)]]></description>
    <Point>
      <coordinates>-74.2343318,44.7629783,0</coordinates>
    </Point>
  </Placemark>
  <Placemark>
    <name>Kissing Bridge (New York)</name>
    <Style>
      <IconStyle>
        <scale>1.0</scale>
        <Icon><href>http://maps.google.com/mapfiles/kml/paddle/ylw-circle.png</href></Icon>
      </IconStyle>
    </Style>
    <description><![CDATA[<b>Kissing Bridge</b><br/><b>State:</b> New York<br/><b>Tier:</b> Regional Resort (500-1,499 ft vertical)<br/><br/><b>Vertical Drop:</b> 550 ft<br/><b>Summit Elevation:</b> 1,700 ft MSL<br/><b>Base Elevation:</b> 1,150 ft MSL<br/><br/><b>Trails:</b> 39<br/><b>Lifts:</b> 10<br/><b>Skiable Acreage:</b> 700 acres<br/><b>Avg Annual Snowfall:</b> 120 in<br/><br/><b>Nearest Airports:</b> 85NY (7.1 mi), NK27 (7.7 mi), KD23 (12.0 mi)]]></description>
    <Point>
      <coordinates>-78.6574969,42.5997041,0</coordinates>
    </Point>
  </Placemark>
  <Placemark>
    <name>Holiday Mountain (New York)</name>
    <Style>
      <IconStyle>
        <scale>0.8</scale>
        <Icon><href>http://maps.google.com/mapfiles/kml/paddle/blu-circle.png</href></Icon>
      </IconStyle>
    </Style>
    <description><![CDATA[<b>Holiday Mountain</b><br/><b>State:</b> New York<br/><b>Tier:</b> Local Hill (< 500 ft vertical)<br/><br/><b>Vertical Drop:</b> 400 ft<br/><b>Summit Elevation:</b> 1,550 ft MSL<br/><b>Base Elevation:</b> 1,150 ft MSL<br/><br/><b>Trails:</b> 9<br/><b>Lifts:</b> 4<br/><b>Skiable Acreage:</b> 37 acres<br/><b>Avg Annual Snowfall:</b> 50 in<br/><br/><b>Nearest Airports:</b> KN82 (7.9 mi), KMSV (11.0 mi), KN89 (13.8 mi)]]></description>
    <Point>
      <coordinates>-74.6066878,41.6280432,0</coordinates>
    </Point>
  </Placemark>
  <Placemark>
    <name>Bristol Mountain Ski Resort (New York)</name>
    <Style>
      <IconStyle>
        <scale>1.0</scale>
        <Icon><href>http://maps.google.com/mapfiles/kml/paddle/ylw-circle.png</href></Icon>
      </IconStyle>
    </Style>
    <description><![CDATA[<b>Bristol Mountain Ski Resort</b><br/><b>State:</b> New York<br/><b>Tier:</b> Regional Resort (500-1,499 ft vertical)<br/><br/><b>Vertical Drop:</b> 1,150 ft<br/><b>Summit Elevation:</b> 2,150 ft MSL<br/><b>Base Elevation:</b> 1,000 ft MSL<br/><br/><b>Trails:</b> 35<br/><b>Lifts:</b> 6<br/><b>Skiable Acreage:</b> 160 acres<br/><b>Avg Annual Snowfall:</b> 130 in<br/><br/><b>Nearest Airports:</b> 30NY (7.2 mi), K4N2 (7.5 mi), 48NY (10.7 mi)]]></description>
    <Point>
      <coordinates>-77.4157498,42.7417816,0</coordinates>
    </Point>
  </Placemark>
  <Placemark>
    <name>Buffalo Ski Center (New York)</name>
    <Style>
      <IconStyle>
        <scale>1.0</scale>
        <Icon><href>http://maps.google.com/mapfiles/kml/paddle/ylw-circle.png</href></Icon>
      </IconStyle>
    </Style>
    <description><![CDATA[<b>Buffalo Ski Center</b><br/><b>State:</b> New York<br/><b>Tier:</b> Regional Resort (500-1,499 ft vertical)<br/><br/><b>Vertical Drop:</b> 500 ft<br/><b>Summit Elevation:</b> 3,429 ft MSL<br/><b>Base Elevation:</b> 2,025 ft MSL<br/><br/><b>Trails:</b> 43<br/><b>Lifts:</b> 6<br/><b>Skiable Acreage:</b> 225 acres<br/><b>Avg Annual Snowfall:</b> N/A<br/><br/><b>Nearest Airports:</b> 5NK9 (11.3 mi), 85NY (11.3 mi), K4G2 (11.4 mi)]]></description>
    <Point>
      <coordinates>-78.6911917,42.6821131,0</coordinates>
    </Point>
  </Placemark>
  <Placemark>
    <name>Big Tupper Ski Area (New York)</name>
    <Style>
      <IconStyle>
        <scale>0.8</scale>
        <Icon><href>http://maps.google.com/mapfiles/kml/paddle/blu-circle.png</href></Icon>
      </IconStyle>
    </Style>
    <description><![CDATA[<b>Big Tupper Ski Area</b><br/><b>State:</b> New York<br/><b>Tier:</b> Local Hill (< 500 ft vertical)<br/><br/><b>Vertical Drop:</b> N/A<br/><b>Summit Elevation:</b> N/A<br/><b>Base Elevation:</b> N/A<br/><br/><b>Trails:</b> N/A<br/><b>Lifts:</b> N/A<br/><b>Skiable Acreage:</b> N/A<br/><b>Avg Annual Snowfall:</b> N/A<br/><br/><b>Nearest Airports:</b> KSLK (17.0 mi), KLKP (25.1 mi), K1E8 (31.8 mi)]]></description>
    <Point>
      <coordinates>-74.4659089,44.2233079,0</coordinates>
    </Point>
  </Placemark>
  <Placemark>
    <name>Hickory Ski Center (New York)</name>
    <Style>
      <IconStyle>
        <scale>0.8</scale>
        <Icon><href>http://maps.google.com/mapfiles/kml/paddle/blu-circle.png</href></Icon>
      </IconStyle>
    </Style>
    <description><![CDATA[<b>Hickory Ski Center</b><br/><b>State:</b> New York<br/><b>Tier:</b> Local Hill (< 500 ft vertical)<br/><br/><b>Vertical Drop:</b> N/A<br/><b>Summit Elevation:</b> N/A<br/><b>Base Elevation:</b> N/A<br/><br/><b>Trails:</b> N/A<br/><b>Lifts:</b> N/A<br/><b>Skiable Acreage:</b> N/A<br/><b>Avg Annual Snowfall:</b> N/A<br/><br/><b>Nearest Airports:</b> KGFL (13.9 mi), K83K (14.9 mi), 0NY0 (17.7 mi)]]></description>
    <Point>
      <coordinates>-73.8167677,43.474359,0</coordinates>
    </Point>
  </Placemark>
  <Placemark>
    <name>Four Season Ski Center (New York)</name>
    <Style>
      <IconStyle>
        <scale>0.8</scale>
        <Icon><href>http://maps.google.com/mapfiles/kml/paddle/blu-circle.png</href></Icon>
      </IconStyle>
    </Style>
    <description><![CDATA[<b>Four Season Ski Center</b><br/><b>State:</b> New York<br/><b>Tier:</b> Local Hill (< 500 ft vertical)<br/><br/><b>Vertical Drop:</b> 59 ft<br/><b>Summit Elevation:</b> 604 ft MSL<br/><b>Base Elevation:</b> 545 ft MSL<br/><br/><b>Trails:</b> 4<br/><b>Lifts:</b> 2<br/><b>Skiable Acreage:</b> 12 acres<br/><b>Avg Annual Snowfall:</b> N/A<br/><br/><b>Nearest Airports:</b> KLGA (3.0 mi), K6N7 (7.8 mi), KJFK (8.1 mi)]]></description>
    <Point>
      <coordinates>-73.8264315,40.7507186,0</coordinates>
    </Point>
  </Placemark>
  <Placemark>
    <name>Maple Ski Ridge (New York)</name>
    <Style>
      <IconStyle>
        <scale>0.8</scale>
        <Icon><href>http://maps.google.com/mapfiles/kml/paddle/blu-circle.png</href></Icon>
      </IconStyle>
    </Style>
    <description><![CDATA[<b>Maple Ski Ridge</b><br/><b>State:</b> New York<br/><b>Tier:</b> Local Hill (< 500 ft vertical)<br/><br/><b>Vertical Drop:</b> 450 ft<br/><b>Summit Elevation:</b> 1,200 ft MSL<br/><b>Base Elevation:</b> 750 ft MSL<br/><br/><b>Trails:</b> 10<br/><b>Lifts:</b> 3<br/><b>Skiable Acreage:</b> 25 acres<br/><b>Avg Annual Snowfall:</b> N/A<br/><br/><b>Nearest Airports:</b> 8NY5 (5.8 mi), KSCH (5.9 mi), K4B1 (6.4 mi)]]></description>
    <Point>
      <coordinates>-74.0340035,42.8157643,0</coordinates>
    </Point>
  </Placemark>
  <Placemark>
    <name>McCauley Mountain Ski Center (New York)</name>
    <Style>
      <IconStyle>
        <scale>1.0</scale>
        <Icon><href>http://maps.google.com/mapfiles/kml/paddle/ylw-circle.png</href></Icon>
      </IconStyle>
    </Style>
    <description><![CDATA[<b>McCauley Mountain Ski Center</b><br/><b>State:</b> New York<br/><b>Tier:</b> Regional Resort (500-1,499 ft vertical)<br/><br/><b>Vertical Drop:</b> 633 ft<br/><b>Summit Elevation:</b> 2,280 ft MSL<br/><b>Base Elevation:</b> 1,647 ft MSL<br/><br/><b>Trails:</b> 21<br/><b>Lifts:</b> 5<br/><b>Skiable Acreage:</b> 70 acres<br/><b>Avg Annual Snowfall:</b> 200 in<br/><br/><b>Nearest Airports:</b> 0NY3 (6.1 mi), NY57 (15.0 mi), 1NK7 (18.9 mi)]]></description>
    <Point>
      <coordinates>-74.889602,43.3959018,0</coordinates>
    </Point>
  </Placemark>
  <Placemark>
    <name>Mount Pisgah Ski Area (New York)</name>
    <Style>
      <IconStyle>
        <scale>0.8</scale>
        <Icon><href>http://maps.google.com/mapfiles/kml/paddle/blu-circle.png</href></Icon>
      </IconStyle>
    </Style>
    <description><![CDATA[<b>Mount Pisgah Ski Area</b><br/><b>State:</b> New York<br/><b>Tier:</b> Local Hill (< 500 ft vertical)<br/><br/><b>Vertical Drop:</b> 290 ft<br/><b>Summit Elevation:</b> 2,060 ft MSL<br/><b>Base Elevation:</b> 1,770 ft MSL<br/><br/><b>Trails:</b> 5<br/><b>Lifts:</b> 1<br/><b>Skiable Acreage:</b> 15 acres<br/><b>Avg Annual Snowfall:</b> N/A<br/><br/><b>Nearest Airports:</b> K1I5 (9.2 mi), 44NK (9.3 mi), 74NK (9.9 mi)]]></description>
    <Point>
      <coordinates>-74.2448639,42.3773038,0</coordinates>
    </Point>
  </Placemark>
  <Placemark>
    <name>Beartown Ski Area (New York)</name>
    <Style>
      <IconStyle>
        <scale>0.8</scale>
        <Icon><href>http://maps.google.com/mapfiles/kml/paddle/blu-circle.png</href></Icon>
      </IconStyle>
    </Style>
    <description><![CDATA[<b>Beartown Ski Area</b><br/><b>State:</b> New York<br/><b>Tier:</b> Local Hill (< 500 ft vertical)<br/><br/><b>Vertical Drop:</b> 150 ft<br/><b>Summit Elevation:</b> 1,000 ft MSL<br/><b>Base Elevation:</b> 850 ft MSL<br/><br/><b>Trails:</b> 9<br/><b>Lifts:</b> 2<br/><b>Skiable Acreage:</b> 32 acres<br/><b>Avg Annual Snowfall:</b> N/A<br/><br/><b>Nearest Airports:</b> NY60 (1.2 mi), 4NY0 (6.8 mi), NY97 (6.8 mi)]]></description>
    <Point>
      <coordinates>-73.5840546,44.7641115,0</coordinates>
    </Point>
  </Placemark>
  <Placemark>
    <name>Mount Peter (New York)</name>
    <Style>
      <IconStyle>
        <scale>0.8</scale>
        <Icon><href>http://maps.google.com/mapfiles/kml/paddle/blu-circle.png</href></Icon>
      </IconStyle>
    </Style>
    <description><![CDATA[<b>Mount Peter</b><br/><b>State:</b> New York<br/><b>Tier:</b> Local Hill (< 500 ft vertical)<br/><br/><b>Vertical Drop:</b> 450 ft<br/><b>Summit Elevation:</b> 1,250 ft MSL<br/><b>Base Elevation:</b> 800 ft MSL<br/><br/><b>Trails:</b> 14<br/><b>Lifts:</b> 5<br/><b>Skiable Acreage:</b> 69 acres<br/><b>Avg Annual Snowfall:</b> 50 in<br/><br/><b>Nearest Airports:</b> KN72 (3.2 mi), 4NY1 (6.2 mi), K4N1 (8.3 mi)]]></description>
    <Point>
      <coordinates>-74.2907059,41.2414828,0</coordinates>
    </Point>
  </Placemark>
  <Placemark>
    <name>Oak Mountain (New York)</name>
    <Style>
      <IconStyle>
        <scale>1.0</scale>
        <Icon><href>http://maps.google.com/mapfiles/kml/paddle/ylw-circle.png</href></Icon>
      </IconStyle>
    </Style>
    <description><![CDATA[<b>Oak Mountain</b><br/><b>State:</b> New York<br/><b>Tier:</b> Regional Resort (500-1,499 ft vertical)<br/><br/><b>Vertical Drop:</b> 750 ft<br/><b>Summit Elevation:</b> 2,400 ft MSL<br/><b>Base Elevation:</b> 1,650 ft MSL<br/><br/><b>Trails:</b> 22<br/><b>Lifts:</b> 4<br/><b>Skiable Acreage:</b> 46 acres<br/><b>Avg Annual Snowfall:</b> 120 in<br/><br/><b>Nearest Airports:</b> KK09 (9.2 mi), 0NY0 (22.5 mi), K1F2 (24.1 mi)]]></description>
    <Point>
      <coordinates>-74.3607002,43.5242338,0</coordinates>
    </Point>
  </Placemark>
  <Placemark>
    <name>Royal Mountain Ski Area (New York)</name>
    <Style>
      <IconStyle>
        <scale>1.0</scale>
        <Icon><href>http://maps.google.com/mapfiles/kml/paddle/ylw-circle.png</href></Icon>
      </IconStyle>
    </Style>
    <description><![CDATA[<b>Royal Mountain Ski Area</b><br/><b>State:</b> New York<br/><b>Tier:</b> Regional Resort (500-1,499 ft vertical)<br/><br/><b>Vertical Drop:</b> 550 ft<br/><b>Summit Elevation:</b> 1,800 ft MSL<br/><b>Base Elevation:</b> 1,250 ft MSL<br/><br/><b>Trails:</b> 14<br/><b>Lifts:</b> 3<br/><b>Skiable Acreage:</b> 35 acres<br/><b>Avg Annual Snowfall:</b> 90 in<br/><br/><b>Nearest Airports:</b> 3NY7 (6.9 mi), KNY0 (10.7 mi), NY20 (12.2 mi)]]></description>
    <Point>
      <coordinates>-74.5062108,43.0835094,0</coordinates>
    </Point>
  </Placemark>
  <Placemark>
    <name>Song Mountain Resort (New York)</name>
    <Style>
      <IconStyle>
        <scale>1.0</scale>
        <Icon><href>http://maps.google.com/mapfiles/kml/paddle/ylw-circle.png</href></Icon>
      </IconStyle>
    </Style>
    <description><![CDATA[<b>Song Mountain Resort</b><br/><b>State:</b> New York<br/><b>Tier:</b> Regional Resort (500-1,499 ft vertical)<br/><br/><b>Vertical Drop:</b> 700 ft<br/><b>Summit Elevation:</b> 1,940 ft MSL<br/><b>Base Elevation:</b> 1,240 ft MSL<br/><br/><b>Trails:</b> 24<br/><b>Lifts:</b> 5<br/><b>Skiable Acreage:</b> 93 acres<br/><b>Avg Annual Snowfall:</b> 125 in<br/><br/><b>Nearest Airports:</b> 4NK4 (8.0 mi), 42NY (8.9 mi), KN03 (12.6 mi)]]></description>
    <Point>
      <coordinates>-76.162714,42.7710136,0</coordinates>
    </Point>
  </Placemark>
  <Placemark>
    <name>Snow Ridge Ski Resort (New York)</name>
    <Style>
      <IconStyle>
        <scale>1.0</scale>
        <Icon><href>http://maps.google.com/mapfiles/kml/paddle/ylw-circle.png</href></Icon>
      </IconStyle>
    </Style>
    <description><![CDATA[<b>Snow Ridge Ski Resort</b><br/><b>State:</b> New York<br/><b>Tier:</b> Regional Resort (500-1,499 ft vertical)<br/><br/><b>Vertical Drop:</b> 650 ft<br/><b>Summit Elevation:</b> 2,000 ft MSL<br/><b>Base Elevation:</b> 1,350 ft MSL<br/><br/><b>Trails:</b> 21<br/><b>Lifts:</b> 6<br/><b>Skiable Acreage:</b> 130 acres<br/><b>Avg Annual Snowfall:</b> 230 in<br/><br/><b>Nearest Airports:</b> NY10 (14.0 mi), 1NK7 (14.5 mi), NY59 (17.7 mi)]]></description>
    <Point>
      <coordinates>-75.421023,43.6394937,0</coordinates>
    </Point>
  </Placemark>
  <Placemark>
    <name>Labrador Mountain (New York)</name>
    <Style>
      <IconStyle>
        <scale>1.0</scale>
        <Icon><href>http://maps.google.com/mapfiles/kml/paddle/ylw-circle.png</href></Icon>
      </IconStyle>
    </Style>
    <description><![CDATA[<b>Labrador Mountain</b><br/><b>State:</b> New York<br/><b>Tier:</b> Regional Resort (500-1,499 ft vertical)<br/><br/><b>Vertical Drop:</b> 700 ft<br/><b>Summit Elevation:</b> 1,825 ft MSL<br/><b>Base Elevation:</b> 1,125 ft MSL<br/><br/><b>Trails:</b> 23<br/><b>Lifts:</b> 4<br/><b>Skiable Acreage:</b> 250 acres<br/><b>Avg Annual Snowfall:</b> 125 in<br/><br/><b>Nearest Airports:</b> 42NY (5.0 mi), 4NK4 (6.0 mi), KN03 (13.7 mi)]]></description>
    <Point>
      <coordinates>-76.0346328,42.7402398,0</coordinates>
    </Point>
  </Placemark>
  <Placemark>
    <name>Swain Resort (New York)</name>
    <Style>
      <IconStyle>
        <scale>1.0</scale>
        <Icon><href>http://maps.google.com/mapfiles/kml/paddle/ylw-circle.png</href></Icon>
      </IconStyle>
    </Style>
    <description><![CDATA[<b>Swain Resort</b><br/><b>State:</b> New York<br/><b>Tier:</b> Regional Resort (500-1,499 ft vertical)<br/><br/><b>Vertical Drop:</b> 650 ft<br/><b>Summit Elevation:</b> 1,970 ft MSL<br/><b>Base Elevation:</b> 1,320 ft MSL<br/><br/><b>Trails:</b> 35<br/><b>Lifts:</b> 5<br/><b>Skiable Acreage:</b> 130 acres<br/><b>Avg Annual Snowfall:</b> 120 in<br/><br/><b>Nearest Airports:</b> 19NY (7.2 mi), KDSV (9.7 mi), KHTF (11.0 mi)]]></description>
    <Point>
      <coordinates>-77.8554324,42.4760514,0</coordinates>
    </Point>
  </Placemark>
  <Placemark>
    <name>Dry Hill Ski Area (New York)</name>
    <Style>
      <IconStyle>
        <scale>0.8</scale>
        <Icon><href>http://maps.google.com/mapfiles/kml/paddle/blu-circle.png</href></Icon>
      </IconStyle>
    </Style>
    <description><![CDATA[<b>Dry Hill Ski Area</b><br/><b>State:</b> New York<br/><b>Tier:</b> Local Hill (< 500 ft vertical)<br/><br/><b>Vertical Drop:</b> 300 ft<br/><b>Summit Elevation:</b> 950 ft MSL<br/><b>Base Elevation:</b> 650 ft MSL<br/><br/><b>Trails:</b> 7<br/><b>Lifts:</b> 3<br/><b>Skiable Acreage:</b> 37 acres<br/><b>Avg Annual Snowfall:</b> 125 in<br/><br/><b>Nearest Airports:</b> KART (7.2 mi), KGTB (12.5 mi), NK01 (15.5 mi)]]></description>
    <Point>
      <coordinates>-75.9017763,43.9303458,0</coordinates>
    </Point>
  </Placemark>
  <Placemark>
    <name>Thunder Ridge Ski Area (New York)</name>
    <Style>
      <IconStyle>
        <scale>1.0</scale>
        <Icon><href>http://maps.google.com/mapfiles/kml/paddle/ylw-circle.png</href></Icon>
      </IconStyle>
    </Style>
    <description><![CDATA[<b>Thunder Ridge Ski Area</b><br/><b>State:</b> New York<br/><b>Tier:</b> Regional Resort (500-1,499 ft vertical)<br/><br/><b>Vertical Drop:</b> 600 ft<br/><b>Summit Elevation:</b> 1,270 ft MSL<br/><b>Base Elevation:</b> 670 ft MSL<br/><br/><b>Trails:</b> 21<br/><b>Lifts:</b> 7<br/><b>Skiable Acreage:</b> 90 acres<br/><b>Avg Annual Snowfall:</b> N/A<br/><br/><b>Nearest Airports:</b> K11N (7.6 mi), KN69 (8.9 mi), KDXR (10.9 mi)]]></description>
    <Point>
      <coordinates>-73.5854864,41.5085537,0</coordinates>
    </Point>
  </Placemark>
  <Placemark>
    <name>West Mountain (New York)</name>
    <Style>
      <IconStyle>
        <scale>1.0</scale>
        <Icon><href>http://maps.google.com/mapfiles/kml/paddle/ylw-circle.png</href></Icon>
      </IconStyle>
    </Style>
    <description><![CDATA[<b>West Mountain</b><br/><b>State:</b> New York<br/><b>Tier:</b> Regional Resort (500-1,499 ft vertical)<br/><br/><b>Vertical Drop:</b> 1,010 ft<br/><b>Summit Elevation:</b> 1,470 ft MSL<br/><b>Base Elevation:</b> 460 ft MSL<br/><br/><b>Trails:</b> 30<br/><b>Lifts:</b> 7<br/><b>Skiable Acreage:</b> 124 acres<br/><b>Avg Annual Snowfall:</b> 80 in<br/><br/><b>Nearest Airports:</b> NK26 (16.4 mi), KK09 (29.7 mi), NY10 (36.1 mi)]]></description>
    <Point>
      <coordinates>-74.7060046,43.8600632,0</coordinates>
    </Point>
  </Placemark>
  <Placemark>
    <name>Willard Mountain (New York)</name>
    <Style>
      <IconStyle>
        <scale>1.0</scale>
        <Icon><href>http://maps.google.com/mapfiles/kml/paddle/ylw-circle.png</href></Icon>
      </IconStyle>
    </Style>
    <description><![CDATA[<b>Willard Mountain</b><br/><b>State:</b> New York<br/><b>Tier:</b> Regional Resort (500-1,499 ft vertical)<br/><br/><b>Vertical Drop:</b> 505 ft<br/><b>Summit Elevation:</b> 1,415 ft MSL<br/><b>Base Elevation:</b> 910 ft MSL<br/><br/><b>Trails:</b> 16<br/><b>Lifts:</b> 5<br/><b>Skiable Acreage:</b> 50 acres<br/><b>Avg Annual Snowfall:</b> 80 in<br/><br/><b>Nearest Airports:</b> NY63 (3.2 mi), KB04 (4.5 mi), K1B8 (8.4 mi)]]></description>
    <Point>
      <coordinates>-73.5222418,43.019722,0</coordinates>
    </Point>
  </Placemark>
  <Placemark>
    <name>Woods Valley Ski Area (New York)</name>
    <Style>
      <IconStyle>
        <scale>1.0</scale>
        <Icon><href>http://maps.google.com/mapfiles/kml/paddle/ylw-circle.png</href></Icon>
      </IconStyle>
    </Style>
    <description><![CDATA[<b>Woods Valley Ski Area</b><br/><b>State:</b> New York<br/><b>Tier:</b> Regional Resort (500-1,499 ft vertical)<br/><br/><b>Vertical Drop:</b> 500 ft<br/><b>Summit Elevation:</b> 1,400 ft MSL<br/><b>Base Elevation:</b> 900 ft MSL<br/><br/><b>Trails:</b> 21<br/><b>Lifts:</b> 6<br/><b>Skiable Acreage:</b> 25 acres<br/><b>Avg Annual Snowfall:</b> 180 in<br/><br/><b>Nearest Airports:</b> KRME (4.9 mi), NY59 (7.9 mi), NY53 (8.2 mi)]]></description>
    <Point>
      <coordinates>-75.3824952,43.3020383,0</coordinates>
    </Point>
  </Placemark>
  <Placemark>
    <name>Brantling Ski Slopes (New York)</name>
    <Style>
      <IconStyle>
        <scale>0.8</scale>
        <Icon><href>http://maps.google.com/mapfiles/kml/paddle/blu-circle.png</href></Icon>
      </IconStyle>
    </Style>
    <description><![CDATA[<b>Brantling Ski Slopes</b><br/><b>State:</b> New York<br/><b>Tier:</b> Local Hill (< 500 ft vertical)<br/><br/><b>Vertical Drop:</b> 250 ft<br/><b>Summit Elevation:</b> 850 ft MSL<br/><b>Base Elevation:</b> 600 ft MSL<br/><br/><b>Trails:</b> 10<br/><b>Lifts:</b> 5<br/><b>Skiable Acreage:</b> 20 acres<br/><b>Avg Annual Snowfall:</b> 110 in<br/><br/><b>Nearest Airports:</b> 5NK1 (2.7 mi), KSDC (6.5 mi), NY16 (6.8 mi)]]></description>
    <Point>
      <coordinates>-77.0670113,43.1492695,0</coordinates>
    </Point>
  </Placemark>
  <Placemark>
    <name>Plattekill Mountain (New York)</name>
    <Style>
      <IconStyle>
        <scale>1.0</scale>
        <Icon><href>http://maps.google.com/mapfiles/kml/paddle/ylw-circle.png</href></Icon>
      </IconStyle>
    </Style>
    <description><![CDATA[<b>Plattekill Mountain</b><br/><b>State:</b> New York<br/><b>Tier:</b> Regional Resort (500-1,499 ft vertical)<br/><br/><b>Vertical Drop:</b> 1,100 ft<br/><b>Summit Elevation:</b> 3,500 ft MSL<br/><b>Base Elevation:</b> 2,400 ft MSL<br/><br/><b>Trails:</b> 38<br/><b>Lifts:</b> 4<br/><b>Skiable Acreage:</b> 110 acres<br/><b>Avg Annual Snowfall:</b> 175 in<br/><br/><b>Nearest Airports:</b> NY48 (7.1 mi), 5NY1 (16.1 mi), NY02 (16.7 mi)]]></description>
    <Point>
      <coordinates>-74.6482102,42.2667522,0</coordinates>
    </Point>
  </Placemark>
  <Placemark>
    <name>Bromley Mountain Resort (Vermont)</name>
    <Style>
      <IconStyle>
        <scale>1.0</scale>
        <Icon><href>http://maps.google.com/mapfiles/kml/paddle/ylw-circle.png</href></Icon>
      </IconStyle>
    </Style>
    <description><![CDATA[<b>Bromley Mountain Resort</b><br/><b>State:</b> Vermont<br/><b>Tier:</b> Regional Resort (500-1,499 ft vertical)<br/><br/><b>Vertical Drop:</b> 1,334 ft<br/><b>Summit Elevation:</b> 3,284 ft MSL<br/><b>Base Elevation:</b> 1,950 ft MSL<br/><br/><b>Trails:</b> 47<br/><b>Lifts:</b> 9<br/><b>Skiable Acreage:</b> 178 acres<br/><b>Avg Annual Snowfall:</b> 168 in<br/><br/><b>Nearest Airports:</b> VT59 (4.2 mi), VT13 (12.3 mi), VT17 (16.7 mi)]]></description>
    <Point>
      <coordinates>-72.9369274,43.2205925,0</coordinates>
    </Point>
  </Placemark>
  <Placemark>
    <name>Burke Mountain (Vermont)</name>
    <Style>
      <IconStyle>
        <scale>1.1</scale>
        <Icon><href>http://maps.google.com/mapfiles/kml/paddle/orange-circle.png</href></Icon>
      </IconStyle>
    </Style>
    <description><![CDATA[<b>Burke Mountain</b><br/><b>State:</b> Vermont<br/><b>Tier:</b> Major Resort (1,500-2,999 ft vertical)<br/><br/><b>Vertical Drop:</b> 2,011 ft<br/><b>Summit Elevation:</b> 3,267 ft MSL<br/><b>Base Elevation:</b> 1,210 ft MSL<br/><br/><b>Trails:</b> 50<br/><b>Lifts:</b> 6<br/><b>Skiable Acreage:</b> 178 acres<br/><b>Avg Annual Snowfall:</b> 217 in<br/><br/><b>Nearest Airports:</b> VT56 (5.2 mi), KCDA (6.2 mi), K5B1 (15.5 mi)]]></description>
    <Point>
      <coordinates>-71.8928143,44.5705299,0</coordinates>
    </Point>
  </Placemark>
  <Placemark>
    <name>Cochran's Ski Area (Vermont)</name>
    <Style>
      <IconStyle>
        <scale>0.8</scale>
        <Icon><href>http://maps.google.com/mapfiles/kml/paddle/blu-circle.png</href></Icon>
      </IconStyle>
    </Style>
    <description><![CDATA[<b>Cochran's Ski Area</b><br/><b>State:</b> Vermont<br/><b>Tier:</b> Local Hill (< 500 ft vertical)<br/><br/><b>Vertical Drop:</b> 350 ft<br/><b>Summit Elevation:</b> 950 ft MSL<br/><b>Base Elevation:</b> 600 ft MSL<br/><br/><b>Trails:</b> 8<br/><b>Lifts:</b> 3<br/><b>Skiable Acreage:</b> 15 acres<br/><b>Avg Annual Snowfall:</b> 150 in<br/><br/><b>Nearest Airports:</b> 07VT (5.0 mi), VT01 (7.9 mi), 42VT (8.5 mi)]]></description>
    <Point>
      <coordinates>-72.9818639,44.3929946,0</coordinates>
    </Point>
  </Placemark>
  <Placemark>
    <name>Hard'ack Recreation Area (Vermont)</name>
    <Style>
      <IconStyle>
        <scale>0.8</scale>
        <Icon><href>http://maps.google.com/mapfiles/kml/paddle/blu-circle.png</href></Icon>
      </IconStyle>
    </Style>
    <description><![CDATA[<b>Hard'ack Recreation Area</b><br/><b>State:</b> Vermont<br/><b>Tier:</b> Local Hill (< 500 ft vertical)<br/><br/><b>Vertical Drop:</b> 100 ft<br/><b>Summit Elevation:</b> N/A<br/><b>Base Elevation:</b> N/A<br/><br/><b>Trails:</b> N/A<br/><b>Lifts:</b> 1<br/><b>Skiable Acreage:</b> N/A<br/><b>Avg Annual Snowfall:</b> N/A<br/><br/><b>Nearest Airports:</b> KFSO (8.8 mi), VT46 (11.5 mi), VT15 (11.7 mi)]]></description>
    <Point>
      <coordinates>-73.0662328,44.8152643,0</coordinates>
    </Point>
  </Placemark>
  <Placemark>
    <name>Living Memorial Park (Vermont)</name>
    <Style>
      <IconStyle>
        <scale>0.8</scale>
        <Icon><href>http://maps.google.com/mapfiles/kml/paddle/blu-circle.png</href></Icon>
      </IconStyle>
    </Style>
    <description><![CDATA[<b>Living Memorial Park</b><br/><b>State:</b> Vermont<br/><b>Tier:</b> Local Hill (< 500 ft vertical)<br/><br/><b>Vertical Drop:</b> 204 ft<br/><b>Summit Elevation:</b> 1,126 ft MSL<br/><b>Base Elevation:</b> 922 ft MSL<br/><br/><b>Trails:</b> 2<br/><b>Lifts:</b> 1<br/><b>Skiable Acreage:</b> 8 acres<br/><b>Avg Annual Snowfall:</b> N/A<br/><br/><b>Nearest Airports:</b> VT47 (5.4 mi), VT06 (12.4 mi), VT43 (12.5 mi)]]></description>
    <Point>
      <coordinates>-72.5866597,42.8444468,0</coordinates>
    </Point>
  </Placemark>
  <Placemark>
    <name>Lyndon Outing Club (Vermont)</name>
    <Style>
      <IconStyle>
        <scale>0.8</scale>
        <Icon><href>http://maps.google.com/mapfiles/kml/paddle/blu-circle.png</href></Icon>
      </IconStyle>
    </Style>
    <description><![CDATA[<b>Lyndon Outing Club</b><br/><b>State:</b> Vermont<br/><b>Tier:</b> Local Hill (< 500 ft vertical)<br/><br/><b>Vertical Drop:</b> 433 ft<br/><b>Summit Elevation:</b> 1,247 ft MSL<br/><b>Base Elevation:</b> 814 ft MSL<br/><br/><b>Trails:</b> 10<br/><b>Lifts:</b> 2<br/><b>Skiable Acreage:</b> 32 acres<br/><b>Avg Annual Snowfall:</b> N/A<br/><br/><b>Nearest Airports:</b> KCDA (3.0 mi), VT56 (5.6 mi), 04VT (16.5 mi)]]></description>
    <Point>
      <coordinates>-71.9840565,44.5324472,0</coordinates>
    </Point>
  </Placemark>
  <Placemark>
    <name>Mad River Glen (Vermont)</name>
    <Style>
      <IconStyle>
        <scale>1.1</scale>
        <Icon><href>http://maps.google.com/mapfiles/kml/paddle/orange-circle.png</href></Icon>
      </IconStyle>
    </Style>
    <description><![CDATA[<b>Mad River Glen</b><br/><b>State:</b> Vermont<br/><b>Tier:</b> Major Resort (1,500-2,999 ft vertical)<br/><br/><b>Vertical Drop:</b> 2,037 ft<br/><b>Summit Elevation:</b> 3,637 ft MSL<br/><b>Base Elevation:</b> 1,600 ft MSL<br/><br/><b>Trails:</b> 52<br/><b>Lifts:</b> 5<br/><b>Skiable Acreage:</b> 115 acres<br/><b>Avg Annual Snowfall:</b> 230 in<br/><br/><b>Nearest Airports:</b> VT30 (5.1 mi), VT01 (5.9 mi), VT76 (7.0 mi)]]></description>
    <Point>
      <coordinates>-72.9238018,44.1975661,0</coordinates>
    </Point>
  </Placemark>
  <Placemark>
    <name>Jay Peak (Vermont)</name>
    <Style>
      <IconStyle>
        <scale>1.1</scale>
        <Icon><href>http://maps.google.com/mapfiles/kml/paddle/orange-circle.png</href></Icon>
      </IconStyle>
    </Style>
    <description><![CDATA[<b>Jay Peak</b><br/><b>State:</b> Vermont<br/><b>Tier:</b> Major Resort (1,500-2,999 ft vertical)<br/><br/><b>Vertical Drop:</b> 2,153 ft<br/><b>Summit Elevation:</b> 3,968 ft MSL<br/><b>Base Elevation:</b> 1,815 ft MSL<br/><br/><b>Trails:</b> 79<br/><b>Lifts:</b> 9<br/><b>Skiable Acreage:</b> 385 acres<br/><b>Avg Annual Snowfall:</b> 350 in<br/><br/><b>Nearest Airports:</b> 14VT (9.5 mi), KEFK (14.7 mi), KMVL (27.3 mi)]]></description>
    <Point>
      <coordinates>-72.5256931,44.9242294,0</coordinates>
    </Point>
  </Placemark>
  <Placemark>
    <name>Magic Mountain (Vermont)</name>
    <Style>
      <IconStyle>
        <scale>1.1</scale>
        <Icon><href>http://maps.google.com/mapfiles/kml/paddle/orange-circle.png</href></Icon>
      </IconStyle>
    </Style>
    <description><![CDATA[<b>Magic Mountain</b><br/><b>State:</b> Vermont<br/><b>Tier:</b> Major Resort (1,500-2,999 ft vertical)<br/><br/><b>Vertical Drop:</b> 1,500 ft<br/><b>Summit Elevation:</b> 2,850 ft MSL<br/><b>Base Elevation:</b> 1,350 ft MSL<br/><br/><b>Trails:</b> 51<br/><b>Lifts:</b> 6<br/><b>Skiable Acreage:</b> 205 acres<br/><b>Avg Annual Snowfall:</b> 150 in<br/><br/><b>Nearest Airports:</b> VT13 (7.6 mi), VT59 (9.3 mi), VT17 (12.8 mi)]]></description>
    <Point>
      <coordinates>-72.7640153,43.1954838,0</coordinates>
    </Point>
  </Placemark>
  <Placemark>
    <name>Middlebury College Snow Bowl (Vermont)</name>
    <Style>
      <IconStyle>
        <scale>1.0</scale>
        <Icon><href>http://maps.google.com/mapfiles/kml/paddle/ylw-circle.png</href></Icon>
      </IconStyle>
    </Style>
    <description><![CDATA[<b>Middlebury College Snow Bowl</b><br/><b>State:</b> Vermont<br/><b>Tier:</b> Regional Resort (500-1,499 ft vertical)<br/><br/><b>Vertical Drop:</b> 1,000 ft<br/><b>Summit Elevation:</b> 2,720 ft MSL<br/><b>Base Elevation:</b> 1,720 ft MSL<br/><br/><b>Trails:</b> 17<br/><b>Lifts:</b> 3<br/><b>Skiable Acreage:</b> 110 acres<br/><b>Avg Annual Snowfall:</b> 250 in<br/><br/><b>Nearest Airports:</b> K6B0 (7.8 mi), VT03 (10.7 mi), VT76 (11.8 mi)]]></description>
    <Point>
      <coordinates>-72.9569416,43.9344876,0</coordinates>
    </Point>
  </Placemark>
  <Placemark>
    <name>Pico Mountain (Vermont)</name>
    <Style>
      <IconStyle>
        <scale>1.1</scale>
        <Icon><href>http://maps.google.com/mapfiles/kml/paddle/orange-circle.png</href></Icon>
      </IconStyle>
    </Style>
    <description><![CDATA[<b>Pico Mountain</b><br/><b>State:</b> Vermont<br/><b>Tier:</b> Major Resort (1,500-2,999 ft vertical)<br/><br/><b>Vertical Drop:</b> 1,967 ft<br/><b>Summit Elevation:</b> 3,967 ft MSL<br/><b>Base Elevation:</b> 2,000 ft MSL<br/><br/><b>Trails:</b> 57<br/><b>Lifts:</b> 7<br/><b>Skiable Acreage:</b> 468 acres<br/><b>Avg Annual Snowfall:</b> 250 in<br/><br/><b>Nearest Airports:</b> KRUT (10.5 mi), 1VT8 (16.2 mi), VT55 (21.0 mi)]]></description>
    <Point>
      <coordinates>-72.842859,43.6613186,0</coordinates>
    </Point>
  </Placemark>
  <Placemark>
    <name>Saskadena Six (Vermont)</name>
    <Style>
      <IconStyle>
        <scale>1.0</scale>
        <Icon><href>http://maps.google.com/mapfiles/kml/paddle/ylw-circle.png</href></Icon>
      </IconStyle>
    </Style>
    <description><![CDATA[<b>Saskadena Six</b><br/><b>State:</b> Vermont<br/><b>Tier:</b> Regional Resort (500-1,499 ft vertical)<br/><br/><b>Vertical Drop:</b> 650 ft<br/><b>Summit Elevation:</b> 1,200 ft MSL<br/><b>Base Elevation:</b> 550 ft MSL<br/><br/><b>Trails:</b> 23<br/><b>Lifts:</b> 3<br/><b>Skiable Acreage:</b> 100 acres<br/><b>Avg Annual Snowfall:</b> 110 in<br/><br/><b>Nearest Airports:</b> KLEB (12.4 mi), VT55 (16.6 mi), K2B9 (21.2 mi)]]></description>
    <Point>
      <coordinates>-72.547428,43.6627316,0</coordinates>
    </Point>
  </Placemark>
  <Placemark>
    <name>Chapman Ski Hill (Colorado)</name>
    <Style>
      <IconStyle>
        <scale>1.0</scale>
        <Icon><href>http://maps.google.com/mapfiles/kml/paddle/ylw-circle.png</href></Icon>
      </IconStyle>
    </Style>
    <description><![CDATA[<b>Chapman Ski Hill</b><br/><b>State:</b> Colorado<br/><b>Tier:</b> Regional Resort (500-1,499 ft vertical)<br/><br/><b>Vertical Drop:</b> 775 ft<br/><b>Summit Elevation:</b> 7,297 ft MSL<br/><b>Base Elevation:</b> 6,522 ft MSL<br/><br/><b>Trails:</b> 1<br/><b>Lifts:</b> 2<br/><b>Skiable Acreage:</b> 7 acres<br/><b>Avg Annual Snowfall:</b> 71 in<br/><br/><b>Nearest Airports:</b> K00C (5.5 mi), KDRO (11.1 mi), KN19 (32.1 mi)]]></description>
    <Point>
      <coordinates>-107.8685453,37.2831432,0</coordinates>
    </Point>
  </Placemark>
  <Placemark>
    <name>Lee's Ski Hill (Colorado)</name>
    <Style>
      <IconStyle>
        <scale>0.8</scale>
        <Icon><href>http://maps.google.com/mapfiles/kml/paddle/blu-circle.png</href></Icon>
      </IconStyle>
    </Style>
    <description><![CDATA[<b>Lee's Ski Hill</b><br/><b>State:</b> Colorado<br/><b>Tier:</b> Local Hill (< 500 ft vertical)<br/><br/><b>Vertical Drop:</b> 75 ft<br/><b>Summit Elevation:</b> 7,867 ft MSL<br/><b>Base Elevation:</b> 7,792 ft MSL<br/><br/><b>Trails:</b> 1<br/><b>Lifts:</b> 1<br/><b>Skiable Acreage:</b> 2 acres<br/><b>Avg Annual Snowfall:</b> 134 in<br/><br/><b>Nearest Airports:</b> KTEX (13.8 mi), CO95 (17.1 mi), CD32 (18.9 mi)]]></description>
    <Point>
      <coordinates>-107.6689558,38.0189324,0</coordinates>
    </Point>
  </Placemark>
  <Placemark>
    <name>Little Ski Hill (Idaho)</name>
    <Style>
      <IconStyle>
        <scale>0.8</scale>
        <Icon><href>http://maps.google.com/mapfiles/kml/paddle/blu-circle.png</href></Icon>
      </IconStyle>
    </Style>
    <description><![CDATA[<b>Little Ski Hill</b><br/><b>State:</b> Idaho<br/><b>Tier:</b> Local Hill (< 500 ft vertical)<br/><br/><b>Vertical Drop:</b> 405 ft<br/><b>Summit Elevation:</b> 5,600 ft MSL<br/><b>Base Elevation:</b> 5,195 ft MSL<br/><br/><b>Trails:</b> 6<br/><b>Lifts:</b> 1<br/><b>Skiable Acreage:</b> 50 acres<br/><b>Avg Annual Snowfall:</b> 140 in<br/><br/><b>Nearest Airports:</b> 48ID (0.6 mi), KMYL (4.0 mi), K1U4 (6.9 mi)]]></description>
    <Point>
      <coordinates>-116.1616596,44.9281469,0</coordinates>
    </Point>
  </Placemark>
  <Placemark>
    <name>Lookout Pass Ski Area (Idaho)</name>
    <Style>
      <IconStyle>
        <scale>1.1</scale>
        <Icon><href>http://maps.google.com/mapfiles/kml/paddle/orange-circle.png</href></Icon>
      </IconStyle>
    </Style>
    <description><![CDATA[<b>Lookout Pass Ski Area</b><br/><b>State:</b> Idaho<br/><b>Tier:</b> Major Resort (1,500-2,999 ft vertical)<br/><br/><b>Vertical Drop:</b> 1,650 ft<br/><b>Summit Elevation:</b> 6,150 ft MSL<br/><b>Base Elevation:</b> 4,500 ft MSL<br/><br/><b>Trails:</b> 52<br/><b>Lifts:</b> 5<br/><b>Skiable Acreage:</b> 1,023 acres<br/><b>Avg Annual Snowfall:</b> 400 in<br/><br/><b>Nearest Airports:</b> 0MT7 (20.4 mi), KTHM (21.9 mi), 29MT (22.2 mi)]]></description>
    <Point>
      <coordinates>-115.7127341,47.4508257,0</coordinates>
    </Point>
  </Placemark>
  <Placemark>
    <name>Cazenovia Ski Club (New York)</name>
    <Style>
      <IconStyle>
        <scale>1.0</scale>
        <Icon><href>http://maps.google.com/mapfiles/kml/paddle/ylw-circle.png</href></Icon>
      </IconStyle>
    </Style>
    <description><![CDATA[<b>Cazenovia Ski Club</b><br/><b>State:</b> New York<br/><b>Tier:</b> Regional Resort (500-1,499 ft vertical)<br/><br/><b>Vertical Drop:</b> 500 ft<br/><b>Summit Elevation:</b> 1,460 ft MSL<br/><b>Base Elevation:</b> 960 ft MSL<br/><br/><b>Trails:</b> 14<br/><b>Lifts:</b> 2<br/><b>Skiable Acreage:</b> 98 acres<br/><b>Avg Annual Snowfall:</b> N/A<br/><br/><b>Nearest Airports:</b> NK51 (3.6 mi), NY91 (7.7 mi), NY72 (7.8 mi)]]></description>
    <Point>
      <coordinates>-75.8528055,42.9775994,0</coordinates>
    </Point>
  </Placemark>
  </Document>
</kml>